  0
SECTION
  2
HEADER
  9
$ANGBASE
  50
0.0
  9
$ANGDIR
  70
1
  9
$MEASUREMENT
  70
1
  0
ENDSEC
  0
SECTION
  2
TABLES
  0
TABLE
  2
LTYPE
  70
4
  0
LTYPE
  5
40F
  2
CONTINUOUS
  70
0
  3
Solid line
  72
65
  73
0
  40
0.0
  0
LTYPE
  5
410
  2
DASHDOT
 70
0
  3
Dash Dot ____ _ ____ _
 72
65
 73
4
 40
2.0
 49
1.25
 49
-0.25
 49
0.25
 49
-0.25
  0
LTYPE
  5
411
  2
DASHED
 70
0
  3
Dashed __ __ __ __ __
 72
65
 73
2
 40
0.75
 49
0.5
 49
-0.25
  0
LTYPE
  5
43B
  2
DOTTED
 70
0
  3
Dotted .  .  .  .
 72
65
 73
2
 40
0.2
 49
0.0
 49
-0.2
  0
ENDTAB
  0
TABLE
  2
STYLE
  70
4
  0
STYLE
  2
KICAD
  70
0
  40
0
  41
1
  42
1
  50
0
  71
0
  3
isocp.shx
  0
STYLE
  2
KICADB
  70
0
  40
0
  41
1
  42
1
  50
0
  71
0
  3
isocp.shx
  0
STYLE
  2
KICADI
  70
0
  40
0
  41
1
  42
1
  50
15
  71
0
  3
isocp.shx
  0
STYLE
  2
KICADBI
  70
0
  40
0
  41
1
  42
1
  50
15
  71
0
  3
isocp.shx
  0
ENDTAB
  0
TABLE
  2
LAYER
  70
1
  0
LAYER
  2
BLACK
  70
0
  62
7
  6
CONTINUOUS
  0
ENDTAB
  0
ENDSEC
  0
SECTION
  2
ENTITIES
0
ARC
8
BLACK
10
100.6999999999999886
20
-85.
40
3.
50
-90.00000000
51
-0.00000000
0
LINE
8
BLACK
6
CONTINUOUS
10
50.1999999999999957
20
-85.
11
50.1999999999999957
21
-25.5
0
LINE
8
BLACK
6
CONTINUOUS
10
100.6999999999999886
20
-88.
11
53.1999999999999957
21
-88.
0
LINE
8
BLACK
6
CONTINUOUS
10
103.6999999999999886
20
-25.5
11
103.6999999999999886
21
-85.
0
ARC
8
BLACK
10
53.1999999999999957
20
-25.5
40
3.
50
90.00000000
51
180.00000000
0
LINE
8
BLACK
6
CONTINUOUS
10
53.1999999999999957
20
-22.5
11
100.6999999999999886
21
-22.5
0
ARC
8
BLACK
10
100.6999999999999886
20
-25.5
40
3.
50
0.00000000
51
90.00000000
0
ARC
8
BLACK
10
53.1999999999999957
20
-85.
40
3.
50
-180.00000000
51
-90.00000000
0
LINE
8
BLACK
6
CONTINUOUS
10
50.875
20
-70.6499999999999915
11
51.1749999999999972
21
-70.9500000000000028
0
LINE
8
BLACK
6
CONTINUOUS
10
51.1749999999999972
20
-70.6499999999999915
11
50.875
21
-70.9500000000000028
0
LINE
8
BLACK
6
CONTINUOUS
10
51.75
20
-70.6499999999999915
11
52.0499999999999972
21
-70.9500000000000028
0
LINE
8
BLACK
6
CONTINUOUS
10
52.0499999999999972
20
-70.6499999999999915
11
51.75
21
-70.9500000000000028
0
LINE
8
BLACK
6
CONTINUOUS
10
52.8499999999999943
20
-26.5999999999999979
11
53.1499999999999986
21
-26.8999999999999986
0
LINE
8
BLACK
6
CONTINUOUS
10
53.1499999999999986
20
-26.5999999999999979
11
52.8499999999999943
21
-26.8999999999999986
0
LINE
8
BLACK
6
CONTINUOUS
10
55.2999999999999972
20
-47.3499999999999943
11
55.5999999999999943
21
-47.6499999999999986
0
LINE
8
BLACK
6
CONTINUOUS
10
55.5999999999999943
20
-47.3499999999999943
11
55.2999999999999972
21
-47.6499999999999986
0
LINE
8
BLACK
6
CONTINUOUS
10
55.5499999999999972
20
-51.4499999999999957
11
55.8499999999999943
21
-51.75
0
LINE
8
BLACK
6
CONTINUOUS
10
55.8499999999999943
20
-51.4499999999999957
11
55.5499999999999972
21
-51.75
0
LINE
8
BLACK
6
CONTINUOUS
10
55.6499999999999986
20
-43.8999999999999986
11
55.9499999999999957
21
-44.1999999999999957
0
LINE
8
BLACK
6
CONTINUOUS
10
55.9499999999999957
20
-43.8999999999999986
11
55.6499999999999986
21
-44.1999999999999957
0
LINE
8
BLACK
6
CONTINUOUS
10
55.9499999999999957
20
-24.0499999999999972
11
56.25
21
-24.3499999999999979
0
LINE
8
BLACK
6
CONTINUOUS
10
56.25
20
-24.0499999999999972
11
55.9499999999999957
21
-24.3499999999999979
0
LINE
8
BLACK
6
CONTINUOUS
10
57.1999999999999957
20
-32.3500000000000014
11
57.5
21
-32.6499999999999986
0
LINE
8
BLACK
6
CONTINUOUS
10
57.5
20
-32.3500000000000014
11
57.1999999999999957
21
-32.6499999999999986
0
LINE
8
BLACK
6
CONTINUOUS
10
58.3999999999999986
20
-76.2000000000000028
11
58.6999999999999957
21
-76.5
0
LINE
8
BLACK
6
CONTINUOUS
10
58.6999999999999957
20
-76.2000000000000028
11
58.3999999999999986
21
-76.5
0
LINE
8
BLACK
6
CONTINUOUS
10
59.0999999999999943
20
-43.8999999999999986
11
59.3999999999999986
21
-44.1999999999999957
0
LINE
8
BLACK
6
CONTINUOUS
10
59.3999999999999986
20
-43.8999999999999986
11
59.0999999999999943
21
-44.1999999999999957
0
LINE
8
BLACK
6
CONTINUOUS
10
59.4499999999999957
20
-74.4500000000000028
11
59.75
21
-74.75
0
LINE
8
BLACK
6
CONTINUOUS
10
59.75
20
-74.4500000000000028
11
59.4499999999999957
21
-74.75
0
LINE
8
BLACK
6
CONTINUOUS
10
60.6499999999999986
20
-74.8499999999999943
11
60.9499999999999957
21
-75.1499999999999915
0
LINE
8
BLACK
6
CONTINUOUS
10
60.9499999999999957
20
-74.8499999999999943
11
60.6499999999999986
21
-75.1499999999999915
0
LINE
8
BLACK
6
CONTINUOUS
10
60.8499999999999943
20
-52.8499999999999943
11
61.1499999999999986
21
-53.1499999999999986
0
LINE
8
BLACK
6
CONTINUOUS
10
61.1499999999999986
20
-52.8499999999999943
11
60.8499999999999943
21
-53.1499999999999986
0
LINE
8
BLACK
6
CONTINUOUS
10
61.
20
-84.
11
61.2999999999999972
21
-84.2999999999999972
0
LINE
8
BLACK
6
CONTINUOUS
10
61.2999999999999972
20
-84.
11
61.
21
-84.2999999999999972
0
LINE
8
BLACK
6
CONTINUOUS
10
61.3999999999999986
20
-46.0499999999999972
11
61.6999999999999957
21
-46.3500000000000014
0
LINE
8
BLACK
6
CONTINUOUS
10
61.6999999999999957
20
-46.0499999999999972
11
61.3999999999999986
21
-46.3500000000000014
0
LINE
8
BLACK
6
CONTINUOUS
10
61.8499999999999943
20
-45.0499999999999972
11
62.1499999999999986
21
-45.3500000000000014
0
LINE
8
BLACK
6
CONTINUOUS
10
62.1499999999999986
20
-45.0499999999999972
11
61.8499999999999943
21
-45.3500000000000014
0
LINE
8
BLACK
6
CONTINUOUS
10
62.8499999999999943
20
-44.0499999999999972
11
63.1499999999999986
21
-44.3500000000000014
0
LINE
8
BLACK
6
CONTINUOUS
10
63.1499999999999986
20
-44.0499999999999972
11
62.8499999999999943
21
-44.3500000000000014
0
LINE
8
BLACK
6
CONTINUOUS
10
63.823993999999999
20
-43.5492999999999952
11
64.1239939999999962
21
-43.8492999999999995
0
LINE
8
BLACK
6
CONTINUOUS
10
64.1239939999999962
20
-43.5492999999999952
11
63.823993999999999
21
-43.8492999999999995
0
LINE
8
BLACK
6
CONTINUOUS
10
64.0499999999999972
20
-83.75
11
64.3499999999999943
21
-84.0499999999999972
0
LINE
8
BLACK
6
CONTINUOUS
10
64.3499999999999943
20
-83.75
11
64.0499999999999972
21
-84.0499999999999972
0
LINE
8
BLACK
6
CONTINUOUS
10
64.5999999999999943
20
-78.25
11
64.8999999999999915
21
-78.5499999999999972
0
LINE
8
BLACK
6
CONTINUOUS
10
64.8999999999999915
20
-78.25
11
64.5999999999999943
21
-78.5499999999999972
0
LINE
8
BLACK
6
CONTINUOUS
10
64.75
20
-55.4600000000000009
11
65.0499999999999972
21
-55.759999999999998
0
LINE
8
BLACK
6
CONTINUOUS
10
65.0499999999999972
20
-55.4600000000000009
11
64.75
21
-55.759999999999998
0
LINE
8
BLACK
6
CONTINUOUS
10
64.75
20
-58.
11
65.0499999999999972
21
-58.2999999999999972
0
LINE
8
BLACK
6
CONTINUOUS
10
65.0499999999999972
20
-58.
11
64.75
21
-58.2999999999999972
0
LINE
8
BLACK
6
CONTINUOUS
10
64.75
20
-60.5399999999999991
11
65.0499999999999972
21
-60.8399999999999963
0
LINE
8
BLACK
6
CONTINUOUS
10
65.0499999999999972
20
-60.5399999999999991
11
64.75
21
-60.8399999999999963
0
LINE
8
BLACK
6
CONTINUOUS
10
64.75
20
-63.0799999999999983
11
65.0499999999999972
21
-63.3799999999999955
0
LINE
8
BLACK
6
CONTINUOUS
10
65.0499999999999972
20
-63.0799999999999983
11
64.75
21
-63.3799999999999955
0
LINE
8
BLACK
6
CONTINUOUS
10
64.75
20
-68.1599999999999966
11
65.0499999999999972
21
-68.4599999999999937
0
LINE
8
BLACK
6
CONTINUOUS
10
65.0499999999999972
20
-68.1599999999999966
11
64.75
21
-68.4599999999999937
0
LINE
8
BLACK
6
CONTINUOUS
10
65.3836069999999978
20
-42.7583020000000005
11
65.683606999999995
21
-43.0583019999999976
0
LINE
8
BLACK
6
CONTINUOUS
10
65.683606999999995
20
-42.7583020000000005
11
65.3836069999999978
21
-43.0583019999999976
0
LINE
8
BLACK
6
CONTINUOUS
10
65.4500000000000028
20
-69.4600020000000029
11
65.75
21
-69.7600020000000001
0
LINE
8
BLACK
6
CONTINUOUS
10
65.75
20
-69.4600020000000029
11
65.4500000000000028
21
-69.7600020000000001
0
LINE
8
BLACK
6
CONTINUOUS
10
65.5999999999999943
20
-64.5
11
65.8999999999999915
21
-64.7999999999999972
0
LINE
8
BLACK
6
CONTINUOUS
10
65.8999999999999915
20
-64.5
11
65.5999999999999943
21
-64.7999999999999972
0
LINE
8
BLACK
6
CONTINUOUS
10
66.5615569999999934
20
-69.8069479999999913
11
66.8615569999999906
21
-70.1069480000000027
0
LINE
8
BLACK
6
CONTINUOUS
10
66.8615569999999906
20
-69.8069479999999913
11
66.5615569999999934
21
-70.1069480000000027
0
LINE
8
BLACK
6
CONTINUOUS
10
66.7293949999999967
20
-44.3545170000000013
11
67.0293949999999938
21
-44.6545169999999985
0
LINE
8
BLACK
6
CONTINUOUS
10
67.0293949999999938
20
-44.3545170000000013
11
66.7293949999999967
21
-44.6545169999999985
0
LINE
8
BLACK
6
CONTINUOUS
10
67.0999999999999943
20
-73.25
11
67.3999999999999915
21
-73.5499999999999972
0
LINE
8
BLACK
6
CONTINUOUS
10
67.3999999999999915
20
-73.25
11
67.0999999999999943
21
-73.5499999999999972
0
LINE
8
BLACK
6
CONTINUOUS
10
67.25
20
-53.8499999999999943
11
67.5499999999999972
21
-54.1499999999999986
0
LINE
8
BLACK
6
CONTINUOUS
10
67.5499999999999972
20
-53.8499999999999943
11
67.25
21
-54.1499999999999986
0
LINE
8
BLACK
6
CONTINUOUS
10
67.25
20
-67.3499999999999943
11
67.5499999999999972
21
-67.6499999999999915
0
LINE
8
BLACK
6
CONTINUOUS
10
67.5499999999999972
20
-67.3499999999999943
11
67.25
21
-67.6499999999999915
0
LINE
8
BLACK
6
CONTINUOUS
10
67.4500000000000028
20
-63.0499999999999972
11
67.75
21
-63.3499999999999943
0
LINE
8
BLACK
6
CONTINUOUS
10
67.75
20
-63.0499999999999972
11
67.4500000000000028
21
-63.3499999999999943
0
LINE
8
BLACK
6
CONTINUOUS
10
67.75
20
-30.6499999999999986
11
68.0499999999999972
21
-30.9499999999999993
0
LINE
8
BLACK
6
CONTINUOUS
10
68.0499999999999972
20
-30.6499999999999986
11
67.75
21
-30.9499999999999993
0
LINE
8
BLACK
6
CONTINUOUS
10
67.7999999999999972
20
-70.7999999999999972
11
68.0999999999999943
21
-71.0999999999999943
0
LINE
8
BLACK
6
CONTINUOUS
10
68.0999999999999943
20
-70.7999999999999972
11
67.7999999999999972
21
-71.0999999999999943
0
LINE
8
BLACK
6
CONTINUOUS
10
68.0499999999999972
20
-55.6499999999999986
11
68.3499999999999943
21
-55.9499999999999957
0
LINE
8
BLACK
6
CONTINUOUS
10
68.3499999999999943
20
-55.6499999999999986
11
68.0499999999999972
21
-55.9499999999999957
0
LINE
8
BLACK
6
CONTINUOUS
10
68.8999999999999915
20
-49.75
11
69.2000000000000028
21
-50.0499999999999972
0
LINE
8
BLACK
6
CONTINUOUS
10
69.2000000000000028
20
-49.75
11
68.8999999999999915
21
-50.0499999999999972
0
LINE
8
BLACK
6
CONTINUOUS
10
69.2832899999999938
20
-71.3364409999999936
11
69.583289999999991
21
-71.6364409999999907
0
LINE
8
BLACK
6
CONTINUOUS
10
69.583289999999991
20
-71.3364409999999936
11
69.2832899999999938
21
-71.6364409999999907
0
LINE
8
BLACK
6
CONTINUOUS
10
69.2999999999999972
20
-45.6999999999999957
11
69.5999999999999943
21
-46.
0
LINE
8
BLACK
6
CONTINUOUS
10
69.5999999999999943
20
-45.6999999999999957
11
69.2999999999999972
21
-46.
0
LINE
8
BLACK
6
CONTINUOUS
10
69.7000000000000028
20
-78.8999999999999915
11
70.
21
-79.2000000000000028
0
LINE
8
BLACK
6
CONTINUOUS
10
70.
20
-78.8999999999999915
11
69.7000000000000028
21
-79.2000000000000028
0
LINE
8
BLACK
6
CONTINUOUS
10
70.0499999999999972
20
-33.5499999999999972
11
70.3499999999999943
21
-33.8500000000000014
0
LINE
8
BLACK
6
CONTINUOUS
10
70.3499999999999943
20
-33.5499999999999972
11
70.0499999999999972
21
-33.8500000000000014
0
LINE
8
BLACK
6
CONTINUOUS
10
70.1499999999999915
20
-40.1499999999999986
11
70.4500000000000028
21
-40.4499999999999957
0
LINE
8
BLACK
6
CONTINUOUS
10
70.4500000000000028
20
-40.1499999999999986
11
70.1499999999999915
21
-40.4499999999999957
0
LINE
8
BLACK
6
CONTINUOUS
10
70.2277859999999947
20
-71.375
11
70.5277859999999919
21
-71.6749999999999972
0
LINE
8
BLACK
6
CONTINUOUS
10
70.5277859999999919
20
-71.375
11
70.2277859999999947
21
-71.6749999999999972
0
LINE
8
BLACK
6
CONTINUOUS
10
70.3499999999999943
20
-29.9499999999999993
11
70.6499999999999915
21
-30.25
0
LINE
8
BLACK
6
CONTINUOUS
10
70.6499999999999915
20
-29.9499999999999993
11
70.3499999999999943
21
-30.25
0
LINE
8
BLACK
6
CONTINUOUS
10
70.5
20
-73.
11
70.7999999999999972
21
-73.2999999999999972
0
LINE
8
BLACK
6
CONTINUOUS
10
70.7999999999999972
20
-73.
11
70.5
21
-73.2999999999999972
0
LINE
8
BLACK
6
CONTINUOUS
10
70.6499999999999915
20
-62.25
11
70.9500000000000028
21
-62.5499999999999972
0
LINE
8
BLACK
6
CONTINUOUS
10
70.9500000000000028
20
-62.25
11
70.6499999999999915
21
-62.5499999999999972
0
LINE
8
BLACK
6
CONTINUOUS
10
70.6949989999999957
20
-65.7504320000000035
11
70.9949989999999929
21
-66.0504320000000007
0
LINE
8
BLACK
6
CONTINUOUS
10
70.9949989999999929
20
-65.7504320000000035
11
70.6949989999999957
21
-66.0504320000000007
0
LINE
8
BLACK
6
CONTINUOUS
10
70.75
20
-32.1499999999999986
11
71.0499999999999972
21
-32.4499999999999957
0
LINE
8
BLACK
6
CONTINUOUS
10
71.0499999999999972
20
-32.1499999999999986
11
70.75
21
-32.4499999999999957
0
LINE
8
BLACK
6
CONTINUOUS
10
70.75
20
-66.8646459999999934
11
71.0499999999999972
21
-67.1646459999999905
0
LINE
8
BLACK
6
CONTINUOUS
10
71.0499999999999972
20
-66.8646459999999934
11
70.75
21
-67.1646459999999905
0
LINE
8
BLACK
6
CONTINUOUS
10
71.25
20
-30.3499999999999979
11
71.5499999999999972
21
-30.6499999999999986
0
LINE
8
BLACK
6
CONTINUOUS
10
71.5499999999999972
20
-30.3499999999999979
11
71.25
21
-30.6499999999999986
0
LINE
8
BLACK
6
CONTINUOUS
10
71.25
20
-60.4499999999999957
11
71.5499999999999972
21
-60.75
0
LINE
8
BLACK
6
CONTINUOUS
10
71.5499999999999972
20
-60.4499999999999957
11
71.25
21
-60.75
0
LINE
8
BLACK
6
CONTINUOUS
10
71.3075520000000012
20
-67.5646459999999962
11
71.6075519999999983
21
-67.8646459999999934
0
LINE
8
BLACK
6
CONTINUOUS
10
71.6075519999999983
20
-67.5646459999999962
11
71.3075520000000012
21
-67.8646459999999934
0
LINE
8
BLACK
6
CONTINUOUS
10
71.4500000000000028
20
-64.0499999999999972
11
71.75
21
-64.3499999999999943
0
LINE
8
BLACK
6
CONTINUOUS
10
71.75
20
-64.0499999999999972
11
71.4500000000000028
21
-64.3499999999999943
0
LINE
8
BLACK
6
CONTINUOUS
10
71.7749999999999915
20
-27.3999999999999986
11
72.0750000000000028
21
-27.6999999999999993
0
LINE
8
BLACK
6
CONTINUOUS
10
72.0750000000000028
20
-27.3999999999999986
11
71.7749999999999915
21
-27.6999999999999993
0
LINE
8
BLACK
6
CONTINUOUS
10
71.8499999999999943
20
-58.0499999999999972
11
72.1499999999999915
21
-58.3499999999999943
0
LINE
8
BLACK
6
CONTINUOUS
10
72.1499999999999915
20
-58.0499999999999972
11
71.8499999999999943
21
-58.3499999999999943
0
LINE
8
BLACK
6
CONTINUOUS
10
71.9500000000000028
20
-36.9499999999999957
11
72.25
21
-37.25
0
LINE
8
BLACK
6
CONTINUOUS
10
72.25
20
-36.9499999999999957
11
71.9500000000000028
21
-37.25
0
LINE
8
BLACK
6
CONTINUOUS
10
72.6499999999999915
20
-70.1499999999999915
11
72.9500000000000028
21
-70.4500000000000028
0
LINE
8
BLACK
6
CONTINUOUS
10
72.9500000000000028
20
-70.1499999999999915
11
72.6499999999999915
21
-70.4500000000000028
0
LINE
8
BLACK
6
CONTINUOUS
10
72.9035020000000031
20
-68.264645999999999
11
73.2035020000000003
21
-68.5646459999999962
0
LINE
8
BLACK
6
CONTINUOUS
10
73.2035020000000003
20
-68.264645999999999
11
72.9035020000000031
21
-68.5646459999999962
0
LINE
8
BLACK
6
CONTINUOUS
10
72.9500000000000028
20
-37.4499999999999957
11
73.25
21
-37.75
0
LINE
8
BLACK
6
CONTINUOUS
10
73.25
20
-37.4499999999999957
11
72.9500000000000028
21
-37.75
0
LINE
8
BLACK
6
CONTINUOUS
10
73.4500000000000028
20
-69.6499999999999915
11
73.75
21
-69.9500000000000028
0
LINE
8
BLACK
6
CONTINUOUS
10
73.75
20
-69.6499999999999915
11
73.4500000000000028
21
-69.9500000000000028
0
LINE
8
BLACK
6
CONTINUOUS
10
73.8499999999999943
20
-35.8500000000000014
11
74.1499999999999915
21
-36.1499999999999986
0
LINE
8
BLACK
6
CONTINUOUS
10
74.1499999999999915
20
-35.8500000000000014
11
73.8499999999999943
21
-36.1499999999999986
0
LINE
8
BLACK
6
CONTINUOUS
10
74.4500000000000028
20
-34.0499999999999972
11
74.75
21
-34.3500000000000014
0
LINE
8
BLACK
6
CONTINUOUS
10
74.75
20
-34.0499999999999972
11
74.4500000000000028
21
-34.3500000000000014
0
LINE
8
BLACK
6
CONTINUOUS
10
75.5499999999999972
20
-30.3499999999999979
11
75.8499999999999943
21
-30.6499999999999986
0
LINE
8
BLACK
6
CONTINUOUS
10
75.8499999999999943
20
-30.3499999999999979
11
75.5499999999999972
21
-30.6499999999999986
0
LINE
8
BLACK
6
CONTINUOUS
10
75.6500020000000006
20
-77.25
11
75.9500019999999978
21
-77.5499999999999972
0
LINE
8
BLACK
6
CONTINUOUS
10
75.9500019999999978
20
-77.25
11
75.6500020000000006
21
-77.5499999999999972
0
LINE
8
BLACK
6
CONTINUOUS
10
75.75
20
-37.8499920000000003
11
76.0499999999999972
21
-38.1499919999999975
0
LINE
8
BLACK
6
CONTINUOUS
10
76.0499999999999972
20
-37.8499920000000003
11
75.75
21
-38.1499919999999975
0
LINE
8
BLACK
6
CONTINUOUS
10
75.8499999999999943
20
-52.25
11
76.1499999999999915
21
-52.5499999999999972
0
LINE
8
BLACK
6
CONTINUOUS
10
76.1499999999999915
20
-52.25
11
75.8499999999999943
21
-52.5499999999999972
0
LINE
8
BLACK
6
CONTINUOUS
10
75.8499999999999943
20
-63.0499999999999972
11
76.1499999999999915
21
-63.3499999999999943
0
LINE
8
BLACK
6
CONTINUOUS
10
76.1499999999999915
20
-63.0499999999999972
11
75.8499999999999943
21
-63.3499999999999943
0
LINE
8
BLACK
6
CONTINUOUS
10
76.0249999999999915
20
-74.8053519999999992
11
76.3250000000000028
21
-75.1053519999999963
0
LINE
8
BLACK
6
CONTINUOUS
10
76.3250000000000028
20
-74.8053519999999992
11
76.0249999999999915
21
-75.1053519999999963
0
LINE
8
BLACK
6
CONTINUOUS
10
76.5499999999999972
20
-53.0499999999999972
11
76.8499999999999943
21
-53.3499999999999943
0
LINE
8
BLACK
6
CONTINUOUS
10
76.8499999999999943
20
-53.0499999999999972
11
76.5499999999999972
21
-53.3499999999999943
0
LINE
8
BLACK
6
CONTINUOUS
10
76.5793999999999926
20
-44.3797339999999991
11
76.8793999999999897
21
-44.6797339999999963
0
LINE
8
BLACK
6
CONTINUOUS
10
76.8793999999999897
20
-44.3797339999999991
11
76.5793999999999926
21
-44.6797339999999963
0
LINE
8
BLACK
6
CONTINUOUS
10
76.6317169999999948
20
-48.0749999999999957
11
76.9317169999999919
21
-48.375
0
LINE
8
BLACK
6
CONTINUOUS
10
76.9317169999999919
20
-48.0749999999999957
11
76.6317169999999948
21
-48.375
0
LINE
8
BLACK
6
CONTINUOUS
10
76.6499999999999915
20
-87.0249999999999915
11
76.9500000000000028
21
-87.3250000000000028
0
LINE
8
BLACK
6
CONTINUOUS
10
76.9500000000000028
20
-87.0249999999999915
11
76.6499999999999915
21
-87.3250000000000028
0
LINE
8
BLACK
6
CONTINUOUS
10
76.6699699999999922
20
-38.661836000000001
11
76.9699700000000036
21
-38.9618359999999981
0
LINE
8
BLACK
6
CONTINUOUS
10
76.9699700000000036
20
-38.661836000000001
11
76.6699699999999922
21
-38.9618359999999981
0
LINE
8
BLACK
6
CONTINUOUS
10
76.9000049999999931
20
-76.8100450000000023
11
77.2000049999999902
21
-77.1100449999999995
0
LINE
8
BLACK
6
CONTINUOUS
10
77.2000049999999902
20
-76.8100450000000023
11
76.9000049999999931
21
-77.1100449999999995
0
LINE
8
BLACK
6
CONTINUOUS
10
76.9500000000000028
20
-40.5499999999999972
11
77.25
21
-40.8500000000000014
0
LINE
8
BLACK
6
CONTINUOUS
10
77.25
20
-40.5499999999999972
11
76.9500000000000028
21
-40.8500000000000014
0
LINE
8
BLACK
6
CONTINUOUS
10
77.0498469999999998
20
-46.6248469999999955
11
77.3498469999999969
21
-46.9248469999999998
0
LINE
8
BLACK
6
CONTINUOUS
10
77.3498469999999969
20
-46.6248469999999955
11
77.0498469999999998
21
-46.9248469999999998
0
LINE
8
BLACK
6
CONTINUOUS
10
77.0776829999999933
20
-43.6665589999999995
11
77.3776829999999904
21
-43.9665589999999966
0
LINE
8
BLACK
6
CONTINUOUS
10
77.3776829999999904
20
-43.6665589999999995
11
77.0776829999999933
21
-43.9665589999999966
0
LINE
8
BLACK
6
CONTINUOUS
10
77.24989699999999
20
-42.8137709999999956
11
77.5498970000000014
21
-43.1137709999999998
0
LINE
8
BLACK
6
CONTINUOUS
10
77.5498970000000014
20
-42.8137709999999956
11
77.24989699999999
21
-43.1137709999999998
0
LINE
8
BLACK
6
CONTINUOUS
10
77.25
20
-39.3500000000000014
11
77.5499999999999972
21
-39.6499999999999986
0
LINE
8
BLACK
6
CONTINUOUS
10
77.5499999999999972
20
-39.3500000000000014
11
77.25
21
-39.6499999999999986
0
LINE
8
BLACK
6
CONTINUOUS
10
77.4249999999999972
20
-74.668137999999999
11
77.7249999999999943
21
-74.9681379999999962
0
LINE
8
BLACK
6
CONTINUOUS
10
77.7249999999999943
20
-74.668137999999999
11
77.4249999999999972
21
-74.9681379999999962
0
LINE
8
BLACK
6
CONTINUOUS
10
77.5499999999999972
20
-31.6499999999999986
11
77.8499999999999943
21
-31.9499999999999993
0
LINE
8
BLACK
6
CONTINUOUS
10
77.8499999999999943
20
-31.6499999999999986
11
77.5499999999999972
21
-31.9499999999999993
0
LINE
8
BLACK
6
CONTINUOUS
10
77.9249999999999972
20
-51.0499999999999972
11
78.2249999999999943
21
-51.3499999999999943
0
LINE
8
BLACK
6
CONTINUOUS
10
78.2249999999999943
20
-51.0499999999999972
11
77.9249999999999972
21
-51.3499999999999943
0
LINE
8
BLACK
6
CONTINUOUS
10
78.0847339999999974
20
-44.4906569999999988
11
78.3847339999999946
21
-44.7906569999999959
0
LINE
8
BLACK
6
CONTINUOUS
10
78.3847339999999946
20
-44.4906569999999988
11
78.0847339999999974
21
-44.7906569999999959
0
LINE
8
BLACK
6
CONTINUOUS
10
78.2223319999999944
20
-41.5649999999999977
11
78.5223319999999916
21
-41.8649999999999949
0
LINE
8
BLACK
6
CONTINUOUS
10
78.5223319999999916
20
-41.5649999999999977
11
78.2223319999999944
21
-41.8649999999999949
0
LINE
8
BLACK
6
CONTINUOUS
10
78.625
20
-52.2749999999999986
11
78.9249999999999972
21
-52.5749999999999957
0
LINE
8
BLACK
6
CONTINUOUS
10
78.9249999999999972
20
-52.2749999999999986
11
78.625
21
-52.5749999999999957
0
LINE
8
BLACK
6
CONTINUOUS
10
78.75
20
-42.3099999999999952
11
79.0499999999999972
21
-42.6099999999999994
0
LINE
8
BLACK
6
CONTINUOUS
10
79.0499999999999972
20
-42.3099999999999952
11
78.75
21
-42.6099999999999994
0
LINE
8
BLACK
6
CONTINUOUS
10
78.8283739999999966
20
-48.1643479999999968
11
79.1283739999999938
21
-48.4643480000000011
0
LINE
8
BLACK
6
CONTINUOUS
10
79.1283739999999938
20
-48.1643479999999968
11
78.8283739999999966
21
-48.4643480000000011
0
LINE
8
BLACK
6
CONTINUOUS
10
78.9315029999999922
20
-47.3125889999999956
11
79.2315029999999894
21
-47.6125889999999998
0
LINE
8
BLACK
6
CONTINUOUS
10
79.2315029999999894
20
-47.3125889999999956
11
78.9315029999999922
21
-47.6125889999999998
0
LINE
8
BLACK
6
CONTINUOUS
10
78.9500000000000028
20
-39.3500000000000014
11
79.25
21
-39.6499999999999986
0
LINE
8
BLACK
6
CONTINUOUS
10
79.25
20
-39.3500000000000014
11
78.9500000000000028
21
-39.6499999999999986
0
LINE
8
BLACK
6
CONTINUOUS
10
79.25
20
-45.9899999999999949
11
79.5499999999999972
21
-46.2899999999999991
0
LINE
8
BLACK
6
CONTINUOUS
10
79.5499999999999972
20
-45.9899999999999949
11
79.25
21
-46.2899999999999991
0
LINE
8
BLACK
6
CONTINUOUS
10
79.5788259999999923
20
-45.1160759999999996
11
79.8788259999999894
21
-45.4160759999999968
0
LINE
8
BLACK
6
CONTINUOUS
10
79.8788259999999894
20
-45.1160759999999996
11
79.5788259999999923
21
-45.4160759999999968
0
LINE
8
BLACK
6
CONTINUOUS
10
80.75
20
-53.0499999999999972
11
81.0499999999999972
21
-53.3499999999999943
0
LINE
8
BLACK
6
CONTINUOUS
10
81.0499999999999972
20
-53.0499999999999972
11
80.75
21
-53.3499999999999943
0
LINE
8
BLACK
6
CONTINUOUS
10
80.8499999999999943
20
-59.4499999999999957
11
81.1499999999999915
21
-59.75
0
LINE
8
BLACK
6
CONTINUOUS
10
81.1499999999999915
20
-59.4499999999999957
11
80.8499999999999943
21
-59.75
0
LINE
8
BLACK
6
CONTINUOUS
10
80.8499999999999943
20
-63.0499999999999972
11
81.1499999999999915
21
-63.3499999999999943
0
LINE
8
BLACK
6
CONTINUOUS
10
81.1499999999999915
20
-63.0499999999999972
11
80.8499999999999943
21
-63.3499999999999943
0
LINE
8
BLACK
6
CONTINUOUS
10
81.1499999999999915
20
-36.5499999999999972
11
81.4500000000000028
21
-36.8500000000000014
0
LINE
8
BLACK
6
CONTINUOUS
10
81.4500000000000028
20
-36.5499999999999972
11
81.1499999999999915
21
-36.8500000000000014
0
LINE
8
BLACK
6
CONTINUOUS
10
81.4500000000000028
20
-74.8499999999999943
11
81.75
21
-75.1499999999999915
0
LINE
8
BLACK
6
CONTINUOUS
10
81.75
20
-74.8499999999999943
11
81.4500000000000028
21
-75.1499999999999915
0
LINE
8
BLACK
6
CONTINUOUS
10
81.6499999999999915
20
-37.2768699999999953
11
81.9500000000000028
21
-37.5768699999999995
0
LINE
8
BLACK
6
CONTINUOUS
10
81.9500000000000028
20
-37.2768699999999953
11
81.6499999999999915
21
-37.5768699999999995
0
LINE
8
BLACK
6
CONTINUOUS
10
82.1499999999999915
20
-52.1499999999999986
11
82.4500000000000028
21
-52.4499999999999957
0
LINE
8
BLACK
6
CONTINUOUS
10
82.4500000000000028
20
-52.1499999999999986
11
82.1499999999999915
21
-52.4499999999999957
0
LINE
8
BLACK
6
CONTINUOUS
10
82.3499999999999943
20
-38.75
11
82.6499999999999915
21
-39.0499999999999972
0
LINE
8
BLACK
6
CONTINUOUS
10
82.6499999999999915
20
-38.75
11
82.3499999999999943
21
-39.0499999999999972
0
LINE
8
BLACK
6
CONTINUOUS
10
82.4500000000000028
20
-56.8499999999999943
11
82.75
21
-57.1499999999999986
0
LINE
8
BLACK
6
CONTINUOUS
10
82.75
20
-56.8499999999999943
11
82.4500000000000028
21
-57.1499999999999986
0
LINE
8
BLACK
6
CONTINUOUS
10
82.6499999999999915
20
-37.75
11
82.9500000000000028
21
-38.0499999999999972
0
LINE
8
BLACK
6
CONTINUOUS
10
82.9500000000000028
20
-37.75
11
82.6499999999999915
21
-38.0499999999999972
0
LINE
8
BLACK
6
CONTINUOUS
10
82.80239499999999
20
-36.0499999999999972
11
83.1023950000000013
21
-36.3500000000000014
0
LINE
8
BLACK
6
CONTINUOUS
10
83.1023950000000013
20
-36.0499999999999972
11
82.80239499999999
21
-36.3500000000000014
0
LINE
8
BLACK
6
CONTINUOUS
10
82.8499999999999943
20
-61.0499999999999972
11
83.1499999999999915
21
-61.3499999999999943
0
LINE
8
BLACK
6
CONTINUOUS
10
83.1499999999999915
20
-61.0499999999999972
11
82.8499999999999943
21
-61.3499999999999943
0
LINE
8
BLACK
6
CONTINUOUS
10
83.0499999999999972
20
-74.0499999999999972
11
83.3499999999999943
21
-74.3499999999999943
0
LINE
8
BLACK
6
CONTINUOUS
10
83.3499999999999943
20
-74.0499999999999972
11
83.0499999999999972
21
-74.3499999999999943
0
LINE
8
BLACK
6
CONTINUOUS
10
83.1499999999999915
20
-34.4499999999999957
11
83.4500000000000028
21
-34.75
0
LINE
8
BLACK
6
CONTINUOUS
10
83.4500000000000028
20
-34.4499999999999957
11
83.1499999999999915
21
-34.75
0
LINE
8
BLACK
6
CONTINUOUS
10
83.1499999999999915
20
-58.1499999999999986
11
83.4500000000000028
21
-58.4499999999999957
0
LINE
8
BLACK
6
CONTINUOUS
10
83.4500000000000028
20
-58.1499999999999986
11
83.1499999999999915
21
-58.4499999999999957
0
LINE
8
BLACK
6
CONTINUOUS
10
83.5781139999999994
20
-69.9517670000000038
11
83.8781139999999965
21
-70.251767000000001
0
LINE
8
BLACK
6
CONTINUOUS
10
83.8781139999999965
20
-69.9517670000000038
11
83.5781139999999994
21
-70.251767000000001
0
LINE
8
BLACK
6
CONTINUOUS
10
83.6334429999999998
20
-67.8499999999999943
11
83.9334429999999969
21
-68.1499999999999915
0
LINE
8
BLACK
6
CONTINUOUS
10
83.9334429999999969
20
-67.8499999999999943
11
83.6334429999999998
21
-68.1499999999999915
0
LINE
8
BLACK
6
CONTINUOUS
10
83.75
20
-55.5499999999999972
11
84.0499999999999972
21
-55.8499999999999943
0
LINE
8
BLACK
6
CONTINUOUS
10
84.0499999999999972
20
-55.5499999999999972
11
83.75
21
-55.8499999999999943
0
LINE
8
BLACK
6
CONTINUOUS
10
84.0623949999999951
20
-38.8885519999999971
11
84.3623949999999923
21
-39.1885520000000014
0
LINE
8
BLACK
6
CONTINUOUS
10
84.3623949999999923
20
-38.8885519999999971
11
84.0623949999999951
21
-39.1885520000000014
0
LINE
8
BLACK
6
CONTINUOUS
10
84.25
20
-64.25
11
84.5499999999999972
21
-64.5499999999999972
0
LINE
8
BLACK
6
CONTINUOUS
10
84.5499999999999972
20
-64.25
11
84.25
21
-64.5499999999999972
0
LINE
8
BLACK
6
CONTINUOUS
10
84.25
20
-65.25
11
84.5499999999999972
21
-65.5499999999999972
0
LINE
8
BLACK
6
CONTINUOUS
10
84.5499999999999972
20
-65.25
11
84.25
21
-65.5499999999999972
0
LINE
8
BLACK
6
CONTINUOUS
10
84.5999999999999943
20
-33.5
11
84.8999999999999915
21
-33.7999999999999972
0
LINE
8
BLACK
6
CONTINUOUS
10
84.8999999999999915
20
-33.5
11
84.5999999999999943
21
-33.7999999999999972
0
LINE
8
BLACK
6
CONTINUOUS
10
84.6499999999999915
20
-71.0499999999999972
11
84.9500000000000028
21
-71.3499999999999943
0
LINE
8
BLACK
6
CONTINUOUS
10
84.9500000000000028
20
-71.0499999999999972
11
84.6499999999999915
21
-71.3499999999999943
0
LINE
8
BLACK
6
CONTINUOUS
10
84.8499999999999943
20
-41.8500000000000014
11
85.1499999999999915
21
-42.1499999999999986
0
LINE
8
BLACK
6
CONTINUOUS
10
85.1499999999999915
20
-41.8500000000000014
11
84.8499999999999943
21
-42.1499999999999986
0
LINE
8
BLACK
6
CONTINUOUS
10
84.8499999999999943
20
-69.6499999999999915
11
85.1499999999999915
21
-69.9500000000000028
0
LINE
8
BLACK
6
CONTINUOUS
10
85.1499999999999915
20
-69.6499999999999915
11
84.8499999999999943
21
-69.9500000000000028
0
LINE
8
BLACK
6
CONTINUOUS
10
84.894999999999996
20
-38.7174550000000011
11
85.1949999999999932
21
-39.0174549999999982
0
LINE
8
BLACK
6
CONTINUOUS
10
85.1949999999999932
20
-38.7174550000000011
11
84.894999999999996
21
-39.0174549999999982
0
LINE
8
BLACK
6
CONTINUOUS
10
85.0499999999999972
20
-65.9500000000000028
11
85.3499999999999943
21
-66.25
0
LINE
8
BLACK
6
CONTINUOUS
10
85.3499999999999943
20
-65.9500000000000028
11
85.0499999999999972
21
-66.25
0
LINE
8
BLACK
6
CONTINUOUS
10
85.4500000000000028
20
-36.1499999999999986
11
85.75
21
-36.4499999999999957
0
LINE
8
BLACK
6
CONTINUOUS
10
85.75
20
-36.1499999999999986
11
85.4500000000000028
21
-36.4499999999999957
0
LINE
8
BLACK
6
CONTINUOUS
10
85.4500000000000028
20
-49.3799969999999959
11
85.75
21
-49.6799970000000002
0
LINE
8
BLACK
6
CONTINUOUS
10
85.75
20
-49.3799969999999959
11
85.4500000000000028
21
-49.6799970000000002
0
LINE
8
BLACK
6
CONTINUOUS
10
85.4500000000000028
20
-50.25
11
85.75
21
-50.5499999999999972
0
LINE
8
BLACK
6
CONTINUOUS
10
85.75
20
-50.25
11
85.4500000000000028
21
-50.5499999999999972
0
LINE
8
BLACK
6
CONTINUOUS
10
85.4500000000000028
20
-72.4500000000000028
11
85.75
21
-72.75
0
LINE
8
BLACK
6
CONTINUOUS
10
85.75
20
-72.4500000000000028
11
85.4500000000000028
21
-72.75
0
LINE
8
BLACK
6
CONTINUOUS
10
85.4500000000000028
20
-73.6499999999999915
11
85.75
21
-73.9500000000000028
0
LINE
8
BLACK
6
CONTINUOUS
10
85.75
20
-73.6499999999999915
11
85.4500000000000028
21
-73.9500000000000028
0
LINE
8
BLACK
6
CONTINUOUS
10
85.6509709999999984
20
-46.9424439999999947
11
85.9509709999999956
21
-47.242443999999999
0
LINE
8
BLACK
6
CONTINUOUS
10
85.9509709999999956
20
-46.9424439999999947
11
85.6509709999999984
21
-47.242443999999999
0
LINE
8
BLACK
6
CONTINUOUS
10
85.7522400000000005
20
-53.9723959999999963
11
86.0522399999999976
21
-54.2723960000000005
0
LINE
8
BLACK
6
CONTINUOUS
10
86.0522399999999976
20
-53.9723959999999963
11
85.7522400000000005
21
-54.2723960000000005
0
LINE
8
BLACK
6
CONTINUOUS
10
85.9500000000000028
20
-58.1499999999999986
11
86.25
21
-58.4499999999999957
0
LINE
8
BLACK
6
CONTINUOUS
10
86.25
20
-58.1499999999999986
11
85.9500000000000028
21
-58.4499999999999957
0
LINE
8
BLACK
6
CONTINUOUS
10
85.9500000000000028
20
-66.75
11
86.25
21
-67.0499999999999972
0
LINE
8
BLACK
6
CONTINUOUS
10
86.25
20
-66.75
11
85.9500000000000028
21
-67.0499999999999972
0
LINE
8
BLACK
6
CONTINUOUS
10
86.9500000000000028
20
-46.8500000000000014
11
87.25
21
-47.1499999999999986
0
LINE
8
BLACK
6
CONTINUOUS
10
87.25
20
-46.8500000000000014
11
86.9500000000000028
21
-47.1499999999999986
0
LINE
8
BLACK
6
CONTINUOUS
10
87.4500000000000028
20
-53.6499999999999986
11
87.75
21
-53.9499999999999957
0
LINE
8
BLACK
6
CONTINUOUS
10
87.75
20
-53.6499999999999986
11
87.4500000000000028
21
-53.9499999999999957
0
LINE
8
BLACK
6
CONTINUOUS
10
87.8499999999999943
20
-38.9499999999999957
11
88.1499999999999915
21
-39.25
0
LINE
8
BLACK
6
CONTINUOUS
10
88.1499999999999915
20
-38.9499999999999957
11
87.8499999999999943
21
-39.25
0
LINE
8
BLACK
6
CONTINUOUS
10
87.8499999999999943
20
-50.25
11
88.1499999999999915
21
-50.5499999999999972
0
LINE
8
BLACK
6
CONTINUOUS
10
88.1499999999999915
20
-50.25
11
87.8499999999999943
21
-50.5499999999999972
0
LINE
8
BLACK
6
CONTINUOUS
10
88.0499999999999972
20
-35.9499999999999957
11
88.3499999999999943
21
-36.25
0
LINE
8
BLACK
6
CONTINUOUS
10
88.3499999999999943
20
-35.9499999999999957
11
88.0499999999999972
21
-36.25
0
LINE
8
BLACK
6
CONTINUOUS
10
88.3499999999999943
20
-34.25
11
88.6499999999999915
21
-34.5499999999999972
0
LINE
8
BLACK
6
CONTINUOUS
10
88.6499999999999915
20
-34.25
11
88.3499999999999943
21
-34.5499999999999972
0
LINE
8
BLACK
6
CONTINUOUS
10
88.6499999999999915
20
-55.6499999999999986
11
88.9500000000000028
21
-55.9499999999999957
0
LINE
8
BLACK
6
CONTINUOUS
10
88.9500000000000028
20
-55.6499999999999986
11
88.6499999999999915
21
-55.9499999999999957
0
LINE
8
BLACK
6
CONTINUOUS
10
89.25
20
-33.5
11
89.5499999999999972
21
-33.7999999999999972
0
LINE
8
BLACK
6
CONTINUOUS
10
89.5499999999999972
20
-33.5
11
89.25
21
-33.7999999999999972
0
LINE
8
BLACK
6
CONTINUOUS
10
89.3499999999999943
20
-36.75
11
89.6499999999999915
21
-37.0499999999999972
0
LINE
8
BLACK
6
CONTINUOUS
10
89.6499999999999915
20
-36.75
11
89.3499999999999943
21
-37.0499999999999972
0
LINE
8
BLACK
6
CONTINUOUS
10
90.0499999999999972
20
-49.4499999999999957
11
90.3499999999999943
21
-49.75
0
LINE
8
BLACK
6
CONTINUOUS
10
90.3499999999999943
20
-49.4499999999999957
11
90.0499999999999972
21
-49.75
0
LINE
8
BLACK
6
CONTINUOUS
10
90.0499999999999972
20
-72.25
11
90.3499999999999943
21
-72.5499999999999972
0
LINE
8
BLACK
6
CONTINUOUS
10
90.3499999999999943
20
-72.25
11
90.0499999999999972
21
-72.5499999999999972
0
LINE
8
BLACK
6
CONTINUOUS
10
90.1005830000000003
20
-40.2608379999999997
11
90.4005829999999975
21
-40.5608379999999968
0
LINE
8
BLACK
6
CONTINUOUS
10
90.4005829999999975
20
-40.2608379999999997
11
90.1005830000000003
21
-40.5608379999999968
0
LINE
8
BLACK
6
CONTINUOUS
10
90.1511169999999993
20
-42.4073039999999963
11
90.4511169999999964
21
-42.7073040000000006
0
LINE
8
BLACK
6
CONTINUOUS
10
90.4511169999999964
20
-42.4073039999999963
11
90.1511169999999993
21
-42.7073040000000006
0
LINE
8
BLACK
6
CONTINUOUS
10
90.292626999999996
20
-43.6873039999999975
11
90.5926269999999931
21
-43.9873039999999946
0
LINE
8
BLACK
6
CONTINUOUS
10
90.5926269999999931
20
-43.6873039999999975
11
90.292626999999996
21
-43.9873039999999946
0
LINE
8
BLACK
6
CONTINUOUS
10
90.4500000000000028
20
-35.9499999999999957
11
90.75
21
-36.25
0
LINE
8
BLACK
6
CONTINUOUS
10
90.75
20
-35.9499999999999957
11
90.4500000000000028
21
-36.25
0
LINE
8
BLACK
6
CONTINUOUS
10
90.5
20
-33.9499999999999957
11
90.7999999999999972
21
-34.25
0
LINE
8
BLACK
6
CONTINUOUS
10
90.7999999999999972
20
-33.9499999999999957
11
90.5
21
-34.25
0
LINE
8
BLACK
6
CONTINUOUS
10
90.7506949999999932
20
-40.8389880000000005
11
91.0506949999999904
21
-41.1389879999999977
0
LINE
8
BLACK
6
CONTINUOUS
10
91.0506949999999904
20
-40.8389880000000005
11
90.7506949999999932
21
-41.1389879999999977
0
LINE
8
BLACK
6
CONTINUOUS
10
91.
20
-77.
11
91.2999999999999972
21
-77.2999999999999972
0
LINE
8
BLACK
6
CONTINUOUS
10
91.2999999999999972
20
-77.
11
91.
21
-77.2999999999999972
0
LINE
8
BLACK
6
CONTINUOUS
10
91.0770819999999901
20
-43.0473039999999969
11
91.3770820000000015
21
-43.3473040000000012
0
LINE
8
BLACK
6
CONTINUOUS
10
91.3770820000000015
20
-43.0473039999999969
11
91.0770819999999901
21
-43.3473040000000012
0
LINE
8
BLACK
6
CONTINUOUS
10
91.2000000000000028
20
-46.1499999999999986
11
91.5
21
-46.4499999999999957
0
LINE
8
BLACK
6
CONTINUOUS
10
91.5
20
-46.1499999999999986
11
91.2000000000000028
21
-46.4499999999999957
0
LINE
8
BLACK
6
CONTINUOUS
10
91.25
20
-35.3500000000000014
11
91.5499999999999972
21
-35.6499999999999986
0
LINE
8
BLACK
6
CONTINUOUS
10
91.5499999999999972
20
-35.3500000000000014
11
91.25
21
-35.6499999999999986
0
LINE
8
BLACK
6
CONTINUOUS
10
91.5499999999999972
20
-59.5
11
91.8499999999999943
21
-59.7999999999999972
0
LINE
8
BLACK
6
CONTINUOUS
10
91.8499999999999943
20
-59.5
11
91.5499999999999972
21
-59.7999999999999972
0
LINE
8
BLACK
6
CONTINUOUS
10
91.6499999999999915
20
-68.8499999999999943
11
91.9500000000000028
21
-69.1499999999999915
0
LINE
8
BLACK
6
CONTINUOUS
10
91.9500000000000028
20
-68.8499999999999943
11
91.6499999999999915
21
-69.1499999999999915
0
LINE
8
BLACK
6
CONTINUOUS
10
92.0499999999999972
20
-52.8999999999999986
11
92.3499999999999943
21
-53.1999999999999957
0
LINE
8
BLACK
6
CONTINUOUS
10
92.3499999999999943
20
-52.8999999999999986
11
92.0499999999999972
21
-53.1999999999999957
0
LINE
8
BLACK
6
CONTINUOUS
10
92.1499999999999915
20
-79.9500000000000028
11
92.4500000000000028
21
-80.25
0
LINE
8
BLACK
6
CONTINUOUS
10
92.4500000000000028
20
-79.9500000000000028
11
92.1499999999999915
21
-80.25
0
LINE
8
BLACK
6
CONTINUOUS
10
92.3999999999999915
20
-32.9499999999999957
11
92.7000000000000028
21
-33.25
0
LINE
8
BLACK
6
CONTINUOUS
10
92.7000000000000028
20
-32.9499999999999957
11
92.3999999999999915
21
-33.25
0
LINE
8
BLACK
6
CONTINUOUS
10
92.437312999999989
20
-69.7160169999999937
11
92.7373130000000003
21
-70.0160169999999908
0
LINE
8
BLACK
6
CONTINUOUS
10
92.7373130000000003
20
-69.7160169999999937
11
92.437312999999989
21
-70.0160169999999908
0
LINE
8
BLACK
6
CONTINUOUS
10
92.4500000000000028
20
-87.039999999999992
11
92.75
21
-87.3399999999999892
0
LINE
8
BLACK
6
CONTINUOUS
10
92.75
20
-87.039999999999992
11
92.4500000000000028
21
-87.3399999999999892
0
LINE
8
BLACK
6
CONTINUOUS
10
93.2463939999999951
20
-70.3649999999999949
11
93.5463939999999923
21
-70.664999999999992
0
LINE
8
BLACK
6
CONTINUOUS
10
93.5463939999999923
20
-70.3649999999999949
11
93.2463939999999951
21
-70.664999999999992
0
LINE
8
BLACK
6
CONTINUOUS
10
93.25
20
-43.75
11
93.5499999999999972
21
-44.0499999999999972
0
LINE
8
BLACK
6
CONTINUOUS
10
93.5499999999999972
20
-43.75
11
93.25
21
-44.0499999999999972
0
LINE
8
BLACK
6
CONTINUOUS
10
93.25
20
-79.9500000000000028
11
93.5499999999999972
21
-80.25
0
LINE
8
BLACK
6
CONTINUOUS
10
93.5499999999999972
20
-79.9500000000000028
11
93.25
21
-80.25
0
LINE
8
BLACK
6
CONTINUOUS
10
93.5349999999999966
20
-73.2028689999999926
11
93.8349999999999937
21
-73.5028689999999898
0
LINE
8
BLACK
6
CONTINUOUS
10
93.8349999999999937
20
-73.2028689999999926
11
93.5349999999999966
21
-73.5028689999999898
0
LINE
8
BLACK
6
CONTINUOUS
10
93.8499999999999943
20
-34.25
11
94.1499999999999915
21
-34.5499999999999972
0
LINE
8
BLACK
6
CONTINUOUS
10
94.1499999999999915
20
-34.25
11
93.8499999999999943
21
-34.5499999999999972
0
LINE
8
BLACK
6
CONTINUOUS
10
93.8499999999999943
20
-46.0499999999999972
11
94.1499999999999915
21
-46.3500000000000014
0
LINE
8
BLACK
6
CONTINUOUS
10
94.1499999999999915
20
-46.0499999999999972
11
93.8499999999999943
21
-46.3500000000000014
0
LINE
8
BLACK
6
CONTINUOUS
10
94.8999999999999915
20
-60.0499999999999972
11
95.1999999999999886
21
-60.3499999999999943
0
LINE
8
BLACK
6
CONTINUOUS
10
95.1999999999999886
20
-60.0499999999999972
11
94.8999999999999915
21
-60.3499999999999943
0
LINE
8
BLACK
6
CONTINUOUS
10
95.
20
-56.8499999999999943
11
95.2999999999999972
21
-57.1499999999999986
0
LINE
8
BLACK
6
CONTINUOUS
10
95.2999999999999972
20
-56.8499999999999943
11
95.
21
-57.1499999999999986
0
LINE
8
BLACK
6
CONTINUOUS
10
95.25
20
-35.125
11
95.5499999999999972
21
-35.4249999999999972
0
LINE
8
BLACK
6
CONTINUOUS
10
95.5499999999999972
20
-35.125
11
95.25
21
-35.4249999999999972
0
LINE
8
BLACK
6
CONTINUOUS
10
95.4499999999999886
20
-62.6499999999999986
11
95.75
21
-62.9499999999999957
0
LINE
8
BLACK
6
CONTINUOUS
10
95.75
20
-62.6499999999999986
11
95.4499999999999886
21
-62.9499999999999957
0
LINE
8
BLACK
6
CONTINUOUS
10
95.75
20
-48.3499999999999943
11
96.0499999999999972
21
-48.6499999999999986
0
LINE
8
BLACK
6
CONTINUOUS
10
96.0499999999999972
20
-48.3499999999999943
11
95.75
21
-48.6499999999999986
0
LINE
8
BLACK
6
CONTINUOUS
10
96.3499999999999943
20
-59.5
11
96.6499999999999915
21
-59.7999999999999972
0
LINE
8
BLACK
6
CONTINUOUS
10
96.6499999999999915
20
-59.5
11
96.3499999999999943
21
-59.7999999999999972
0
LINE
8
BLACK
6
CONTINUOUS
10
96.3499999999999943
20
-71.0499999999999972
11
96.6499999999999915
21
-71.3499999999999943
0
LINE
8
BLACK
6
CONTINUOUS
10
96.6499999999999915
20
-71.0499999999999972
11
96.3499999999999943
21
-71.3499999999999943
0
LINE
8
BLACK
6
CONTINUOUS
10
96.3499999999999943
20
-78.9500000000000028
11
96.6499999999999915
21
-79.25
0
LINE
8
BLACK
6
CONTINUOUS
10
96.6499999999999915
20
-78.9500000000000028
11
96.3499999999999943
21
-79.25
0
LINE
8
BLACK
6
CONTINUOUS
10
96.8915519999999901
20
-84.860289999999992
11
97.1915520000000015
21
-85.1602899999999892
0
LINE
8
BLACK
6
CONTINUOUS
10
97.1915520000000015
20
-84.860289999999992
11
96.8915519999999901
21
-85.1602899999999892
0
LINE
8
BLACK
6
CONTINUOUS
10
96.8999999999999915
20
-52.9499999999999957
11
97.1999999999999886
21
-53.25
0
LINE
8
BLACK
6
CONTINUOUS
10
97.1999999999999886
20
-52.9499999999999957
11
96.8999999999999915
21
-53.25
0
LINE
8
BLACK
6
CONTINUOUS
10
97.1499999999999915
20
-67.0600019999999972
11
97.4499999999999886
21
-67.3600019999999944
0
LINE
8
BLACK
6
CONTINUOUS
10
97.4499999999999886
20
-67.0600019999999972
11
97.1499999999999915
21
-67.3600019999999944
0
LINE
8
BLACK
6
CONTINUOUS
10
98.5
20
-54.9499999999999957
11
98.7999999999999972
21
-55.25
0
LINE
8
BLACK
6
CONTINUOUS
10
98.7999999999999972
20
-54.9499999999999957
11
98.5
21
-55.25
0
LINE
8
BLACK
6
CONTINUOUS
10
98.6499999999999915
20
-74.6399979999999914
11
98.9499999999999886
21
-74.9399980000000028
0
LINE
8
BLACK
6
CONTINUOUS
10
98.9499999999999886
20
-74.6399979999999914
11
98.6499999999999915
21
-74.9399980000000028
0
LINE
8
BLACK
6
CONTINUOUS
10
99.4499999999999886
20
-48.3499999999999943
11
99.75
21
-48.6499999999999986
0
LINE
8
BLACK
6
CONTINUOUS
10
99.75
20
-48.3499999999999943
11
99.4499999999999886
21
-48.6499999999999986
0
LINE
8
BLACK
6
CONTINUOUS
10
99.5600019999999972
20
-64.25
11
99.8600019999999944
21
-64.5499999999999972
0
LINE
8
BLACK
6
CONTINUOUS
10
99.8600019999999944
20
-64.25
11
99.5600019999999972
21
-64.5499999999999972
0
LINE
8
BLACK
6
CONTINUOUS
10
101.1499999999999915
20
-65.25
11
101.4499999999999886
21
-65.5499999999999972
0
LINE
8
BLACK
6
CONTINUOUS
10
101.4499999999999886
20
-65.25
11
101.1499999999999915
21
-65.5499999999999972
0
CIRCLE
8
BLACK
10
77.0999999999999943
20
-66.2000000000000028
40
0.15
0
CIRCLE
8
BLACK
10
77.0999999999999943
20
-69.
40
0.15
0
CIRCLE
8
BLACK
10
77.5
20
-49.6999999999999957
40
0.15
0
CIRCLE
8
BLACK
10
78.5499999999999972
20
-67.6499999999999915
40
0.15
0
CIRCLE
8
BLACK
10
79.8999999999999915
20
-66.2000000000000028
40
0.15
0
CIRCLE
8
BLACK
10
79.8999999999999915
20
-69.
40
0.15
0
CIRCLE
8
BLACK
10
83.5999999999999943
20
-42.8999999999999986
40
0.15
0
CIRCLE
8
BLACK
10
83.5999999999999943
20
-46.1000000000000014
40
0.15
0
CIRCLE
8
BLACK
10
85.2000000000000028
20
-44.5
40
0.15
0
CIRCLE
8
BLACK
10
86.7999999999999972
20
-42.8999999999999986
40
0.15
0
CIRCLE
8
BLACK
10
86.7999999999999972
20
-46.1000000000000014
40
0.15
0
LINE
8
BLACK
6
CONTINUOUS
10
51.0999999999999943
20
-41.
11
51.0999999999999943
21
-41.3999999999999986
0
LINE
8
BLACK
6
CONTINUOUS
10
50.8999999999999986
20
-41.1999999999999957
11
51.2999999999999972
21
-41.1999999999999957
0
LINE
8
BLACK
6
CONTINUOUS
10
51.0999999999999943
20
-47.2999999999999972
11
51.0999999999999943
21
-47.6999999999999957
0
LINE
8
BLACK
6
CONTINUOUS
10
50.8999999999999986
20
-47.5
11
51.2999999999999972
21
-47.5
0
LINE
8
BLACK
6
CONTINUOUS
10
51.3999999999999986
20
-33.1000000000000014
11
51.3999999999999986
21
-33.5
0
LINE
8
BLACK
6
CONTINUOUS
10
51.1999999999999957
20
-33.2999999999999972
11
51.5999999999999943
21
-33.2999999999999972
0
LINE
8
BLACK
6
CONTINUOUS
10
51.6999999999999957
20
-75.7999999999999972
11
51.6999999999999957
21
-76.2000000000000028
0
LINE
8
BLACK
6
CONTINUOUS
10
51.5
20
-76.
11
51.8999999999999986
21
-76.
0
LINE
8
BLACK
6
CONTINUOUS
10
51.8999999999999986
20
-40.1999999999999957
11
51.8999999999999986
21
-40.6000000000000014
0
LINE
8
BLACK
6
CONTINUOUS
10
51.6999999999999957
20
-40.3999999999999986
11
52.0999999999999943
21
-40.3999999999999986
0
LINE
8
BLACK
6
CONTINUOUS
10
52.1999999999999957
20
-32.2999999999999972
11
52.1999999999999957
21
-32.6999999999999957
0
LINE
8
BLACK
6
CONTINUOUS
10
52.
20
-32.5
11
52.3999999999999986
21
-32.5
0
LINE
8
BLACK
6
CONTINUOUS
10
52.1999999999999957
20
-55.6499999999999986
11
52.1999999999999957
21
-56.0499999999999972
0
LINE
8
BLACK
6
CONTINUOUS
10
52.
20
-55.8499999999999943
11
52.3999999999999986
21
-55.8499999999999943
0
LINE
8
BLACK
6
CONTINUOUS
10
52.1999999999999957
20
-73.4500000000000028
11
52.1999999999999957
21
-73.8499999999999943
0
LINE
8
BLACK
6
CONTINUOUS
10
52.
20
-73.6499999999999915
11
52.3999999999999986
21
-73.6499999999999915
0
LINE
8
BLACK
6
CONTINUOUS
10
52.3999999999999986
20
-47.2999999999999972
11
52.3999999999999986
21
-47.6999999999999957
0
LINE
8
BLACK
6
CONTINUOUS
10
52.1999999999999957
20
-47.5
11
52.5999999999999943
21
-47.5
0
LINE
8
BLACK
6
CONTINUOUS
10
53.0999999999999943
20
-76.2000000000000028
11
53.0999999999999943
21
-76.5999999999999943
0
LINE
8
BLACK
6
CONTINUOUS
10
52.8999999999999986
20
-76.3999999999999915
11
53.2999999999999972
21
-76.3999999999999915
0
LINE
8
BLACK
6
CONTINUOUS
10
54.000003999999997
20
-47.2999999999999972
11
54.000003999999997
21
-47.6999999999999957
0
LINE
8
BLACK
6
CONTINUOUS
10
53.8000039999999942
20
-47.5
11
54.2000039999999998
21
-47.5
0
LINE
8
BLACK
6
CONTINUOUS
10
55.1999999999999957
20
-38.3999999999999986
11
55.1999999999999957
21
-38.7999999999999972
0
LINE
8
BLACK
6
CONTINUOUS
10
55.
20
-38.6000000000000014
11
55.3999999999999986
21
-38.6000000000000014
0
LINE
8
BLACK
6
CONTINUOUS
10
56.7999999999999972
20
-53.6999999999999957
11
56.7999999999999972
21
-54.0999999999999943
0
LINE
8
BLACK
6
CONTINUOUS
10
56.5999999999999943
20
-53.8999999999999986
11
57.
21
-53.8999999999999986
0
LINE
8
BLACK
6
CONTINUOUS
10
57.5
20
-41.1999999999999957
11
57.5
21
-41.6000000000000014
0
LINE
8
BLACK
6
CONTINUOUS
10
57.2999999999999972
20
-41.3999999999999986
11
57.6999999999999957
21
-41.3999999999999986
0
LINE
8
BLACK
6
CONTINUOUS
10
58.7999999999999972
20
-53.7999999999999972
11
58.7999999999999972
21
-54.1999999999999957
0
LINE
8
BLACK
6
CONTINUOUS
10
58.5999999999999943
20
-54.
11
59.
21
-54.
0
LINE
8
BLACK
6
CONTINUOUS
10
59.
20
-57.0999999999999943
11
59.
21
-57.5
0
LINE
8
BLACK
6
CONTINUOUS
10
58.7999999999999972
20
-57.2999999999999972
11
59.1999999999999957
21
-57.2999999999999972
0
LINE
8
BLACK
6
CONTINUOUS
10
60.1999999999999957
20
-66.5499939999999981
11
60.1999999999999957
21
-66.9499940000000038
0
LINE
8
BLACK
6
CONTINUOUS
10
60.
20
-66.7499940000000009
11
60.3999999999999986
21
-66.7499940000000009
0
LINE
8
BLACK
6
CONTINUOUS
10
60.6999999999999957
20
-37.2999999999999972
11
60.6999999999999957
21
-37.6999999999999957
0
LINE
8
BLACK
6
CONTINUOUS
10
60.5
20
-37.5
11
60.8999999999999986
21
-37.5
0
LINE
8
BLACK
6
CONTINUOUS
10
62.
20
-32.2999999999999972
11
62.
21
-32.6999999999999957
0
LINE
8
BLACK
6
CONTINUOUS
10
61.7999999999999972
20
-32.5
11
62.1999999999999957
21
-32.5
0
LINE
8
BLACK
6
CONTINUOUS
10
63.3999999999999986
20
-32.2999999999999972
11
63.3999999999999986
21
-32.6999999999999957
0
LINE
8
BLACK
6
CONTINUOUS
10
63.1999999999999957
20
-32.5
11
63.5999999999999943
21
-32.5
0
LINE
8
BLACK
6
CONTINUOUS
10
64.7999999999999972
20
-32.2999999999999972
11
64.7999999999999972
21
-32.6999999999999957
0
LINE
8
BLACK
6
CONTINUOUS
10
64.5999999999999943
20
-32.5
11
65.
21
-32.5
0
LINE
8
BLACK
6
CONTINUOUS
10
65.7000000000000028
20
-76.1499999999999915
11
65.7000000000000028
21
-76.5499999999999972
0
LINE
8
BLACK
6
CONTINUOUS
10
65.5
20
-76.3499999999999943
11
65.8999999999999915
21
-76.3499999999999943
0
LINE
8
BLACK
6
CONTINUOUS
10
66.2000000000000028
20
-32.2999999999999972
11
66.2000000000000028
21
-32.6999999999999957
0
LINE
8
BLACK
6
CONTINUOUS
10
66.
20
-32.5
11
66.3999999999999915
21
-32.5
0
LINE
8
BLACK
6
CONTINUOUS
10
67.2000000000000028
20
-24.5999999999999979
11
67.2000000000000028
21
-25.
0
LINE
8
BLACK
6
CONTINUOUS
10
67.
20
-24.7999999999999972
11
67.3999999999999915
21
-24.7999999999999972
0
LINE
8
BLACK
6
CONTINUOUS
10
68.5999999999999943
20
-24.6999999999999993
11
68.5999999999999943
21
-25.0999999999999979
0
LINE
8
BLACK
6
CONTINUOUS
10
68.3999999999999915
20
-24.8999999999999986
11
68.7999999999999972
21
-24.8999999999999986
0
LINE
8
BLACK
6
CONTINUOUS
10
72.8999999999999915
20
-28.8999999999999986
11
72.8999999999999915
21
-29.2999999999999972
0
LINE
8
BLACK
6
CONTINUOUS
10
72.7000000000000028
20
-29.0999999999999979
11
73.0999999999999943
21
-29.0999999999999979
0
LINE
8
BLACK
6
CONTINUOUS
10
73.2999999999999972
20
-47.2999999999999972
11
73.2999999999999972
21
-47.6999999999999957
0
LINE
8
BLACK
6
CONTINUOUS
10
73.0999999999999943
20
-47.5
11
73.5
21
-47.5
0
LINE
8
BLACK
6
CONTINUOUS
10
73.8999999999999915
20
-23.7999999999999972
11
73.8999999999999915
21
-24.1999999999999993
0
LINE
8
BLACK
6
CONTINUOUS
10
73.7000000000000028
20
-24.
11
74.0999999999999943
21
-24.
0
LINE
8
BLACK
6
CONTINUOUS
10
74.
20
-60.1999999999999957
11
74.
21
-60.5999999999999943
0
LINE
8
BLACK
6
CONTINUOUS
10
73.7999999999999972
20
-60.3999999999999986
11
74.2000000000000028
21
-60.3999999999999986
0
LINE
8
BLACK
6
CONTINUOUS
10
74.5
20
-27.5999999999999979
11
74.5
21
-28.
0
LINE
8
BLACK
6
CONTINUOUS
10
74.2999999999999972
20
-27.7999999999999972
11
74.7000000000000028
21
-27.7999999999999972
0
LINE
8
BLACK
6
CONTINUOUS
10
74.5
20
-28.8999999999999986
11
74.5
21
-29.2999999999999972
0
LINE
8
BLACK
6
CONTINUOUS
10
74.2999999999999972
20
-29.0999999999999979
11
74.7000000000000028
21
-29.0999999999999979
0
LINE
8
BLACK
6
CONTINUOUS
10
75.2000000000000028
20
-23.7999999999999972
11
75.2000000000000028
21
-24.1999999999999993
0
LINE
8
BLACK
6
CONTINUOUS
10
75.
20
-24.
11
75.3999999999999915
21
-24.
0
LINE
8
BLACK
6
CONTINUOUS
10
75.2000000000000028
20
-59.1999999999999957
11
75.2000000000000028
21
-59.5999999999999943
0
LINE
8
BLACK
6
CONTINUOUS
10
75.
20
-59.3999999999999986
11
75.3999999999999915
21
-59.3999999999999986
0
LINE
8
BLACK
6
CONTINUOUS
10
76.2000000000000028
20
-60.3999999999999986
11
76.2000000000000028
21
-60.7999999999999972
0
LINE
8
BLACK
6
CONTINUOUS
10
76.
20
-60.5999999999999943
11
76.3999999999999915
21
-60.5999999999999943
0
LINE
8
BLACK
6
CONTINUOUS
10
76.6695749999999947
20
-59.4608489999999961
11
76.6695749999999947
21
-59.8608489999999946
0
LINE
8
BLACK
6
CONTINUOUS
10
76.4695749999999919
20
-59.6608489999999989
11
76.8695749999999975
21
-59.6608489999999989
0
LINE
8
BLACK
6
CONTINUOUS
10
79.2000000000000028
20
-23.1999999999999993
11
79.2000000000000028
21
-23.5999999999999979
0
LINE
8
BLACK
6
CONTINUOUS
10
79.
20
-23.3999999999999986
11
79.3999999999999915
21
-23.3999999999999986
0
LINE
8
BLACK
6
CONTINUOUS
10
79.2000000000000028
20
-24.6999999999999993
11
79.2000000000000028
21
-25.0999999999999979
0
LINE
8
BLACK
6
CONTINUOUS
10
79.
20
-24.8999999999999986
11
79.3999999999999915
21
-24.8999999999999986
0
LINE
8
BLACK
6
CONTINUOUS
10
79.2000000000000028
20
-31.5999999999999979
11
79.2000000000000028
21
-32.
0
LINE
8
BLACK
6
CONTINUOUS
10
79.
20
-31.7999999999999972
11
79.3999999999999915
21
-31.7999999999999972
0
LINE
8
BLACK
6
CONTINUOUS
10
79.2000000000000028
20
-32.6000000000000014
11
79.2000000000000028
21
-33.
0
LINE
8
BLACK
6
CONTINUOUS
10
79.
20
-32.7999999999999972
11
79.3999999999999915
21
-32.7999999999999972
0
LINE
8
BLACK
6
CONTINUOUS
10
79.9449999999999932
20
-40.1000000000000014
11
79.9449999999999932
21
-40.5
0
LINE
8
BLACK
6
CONTINUOUS
10
79.7449999999999903
20
-40.2999999999999972
11
80.144999999999996
21
-40.2999999999999972
0
LINE
8
BLACK
6
CONTINUOUS
10
80.7000000000000028
20
-23.1999999999999993
11
80.7000000000000028
21
-23.5999999999999979
0
LINE
8
BLACK
6
CONTINUOUS
10
80.5
20
-23.3999999999999986
11
80.8999999999999915
21
-23.3999999999999986
0
LINE
8
BLACK
6
CONTINUOUS
10
80.7999999999999972
20
-31.5999999999999979
11
80.7999999999999972
21
-32.
0
LINE
8
BLACK
6
CONTINUOUS
10
80.5999999999999943
20
-31.7999999999999972
11
81.
21
-31.7999999999999972
0
LINE
8
BLACK
6
CONTINUOUS
10
80.7999999999999972
20
-32.6000000000000014
11
80.7999999999999972
21
-33.
0
LINE
8
BLACK
6
CONTINUOUS
10
80.5999999999999943
20
-32.7999999999999972
11
81.
21
-32.7999999999999972
0
LINE
8
BLACK
6
CONTINUOUS
10
81.5999999999999943
20
-27.6999999999999993
11
81.5999999999999943
21
-28.0999999999999979
0
LINE
8
BLACK
6
CONTINUOUS
10
81.3999999999999915
20
-27.8999999999999986
11
81.7999999999999972
21
-27.8999999999999986
0
LINE
8
BLACK
6
CONTINUOUS
10
81.7000000000000028
20
-24.
11
81.7000000000000028
21
-24.3999999999999986
0
LINE
8
BLACK
6
CONTINUOUS
10
81.5
20
-24.1999999999999993
11
81.8999999999999915
21
-24.1999999999999993
0
LINE
8
BLACK
6
CONTINUOUS
10
81.8999999999999915
20
-30.7999999999999972
11
81.8999999999999915
21
-31.1999999999999993
0
LINE
8
BLACK
6
CONTINUOUS
10
81.7000000000000028
20
-31.
11
82.0999999999999943
21
-31.
0
LINE
8
BLACK
6
CONTINUOUS
10
82.7000000000000028
20
-30.2999999999999972
11
82.7000000000000028
21
-30.6999999999999993
0
LINE
8
BLACK
6
CONTINUOUS
10
82.5
20
-30.5
11
82.8999999999999915
21
-30.5
0
LINE
8
BLACK
6
CONTINUOUS
10
83.8499449999999911
20
-30.5499449999999975
11
83.8499449999999911
21
-30.9499449999999996
0
LINE
8
BLACK
6
CONTINUOUS
10
83.6499450000000024
20
-30.7499450000000003
11
84.0499449999999939
21
-30.7499450000000003
0
LINE
8
BLACK
6
CONTINUOUS
10
84.8862809999999968
20
-67.875
11
84.8862809999999968
21
-68.2749999999999915
0
LINE
8
BLACK
6
CONTINUOUS
10
84.6862809999999939
20
-68.0750000000000028
11
85.0862809999999996
21
-68.0750000000000028
0
LINE
8
BLACK
6
CONTINUOUS
10
85.9423460000000006
20
-35.1870769999999951
11
85.9423460000000006
21
-35.5870770000000007
0
LINE
8
BLACK
6
CONTINUOUS
10
85.7423459999999977
20
-35.3870769999999979
11
86.1423459999999892
21
-35.3870769999999979
0
LINE
8
BLACK
6
CONTINUOUS
10
87.1459749999999929
20
-76.3662729999999925
11
87.1459749999999929
21
-76.7662729999999982
0
LINE
8
BLACK
6
CONTINUOUS
10
86.94597499999999
20
-76.5662729999999954
11
87.3459749999999957
21
-76.5662729999999954
0
LINE
8
BLACK
6
CONTINUOUS
10
88.7999999999999972
20
-64.5999999999999943
11
88.7999999999999972
21
-65.
0
LINE
8
BLACK
6
CONTINUOUS
10
88.5999999999999943
20
-64.7999999999999972
11
89.
21
-64.7999999999999972
0
LINE
8
BLACK
6
CONTINUOUS
10
88.8042659999999984
20
-76.5099999999999909
11
88.8042659999999984
21
-76.9099999999999966
0
LINE
8
BLACK
6
CONTINUOUS
10
88.6042659999999955
20
-76.7099999999999937
11
89.0042660000000012
21
-76.7099999999999937
0
LINE
8
BLACK
6
CONTINUOUS
10
90.0856739999999974
20
-75.5750000000000028
11
90.0856739999999974
21
-75.9749999999999943
0
LINE
8
BLACK
6
CONTINUOUS
10
89.8856739999999945
20
-75.7749999999999915
11
90.2856740000000002
21
-75.7749999999999915
0
LINE
8
BLACK
6
CONTINUOUS
10
90.1345910000000003
20
-73.0249999999999915
11
90.1345910000000003
21
-73.4249999999999972
0
LINE
8
BLACK
6
CONTINUOUS
10
89.9345909999999975
20
-73.2249999999999943
11
90.334590999999989
21
-73.2249999999999943
0
LINE
8
BLACK
6
CONTINUOUS
10
90.3999999999999915
20
-58.2999999999999972
11
90.3999999999999915
21
-58.6999999999999957
0
LINE
8
BLACK
6
CONTINUOUS
10
90.2000000000000028
20
-58.5
11
90.5999999999999943
21
-58.5
0
LINE
8
BLACK
6
CONTINUOUS
10
90.4749999999999943
20
-59.3999999999999986
11
90.4749999999999943
21
-59.7999999999999972
0
LINE
8
BLACK
6
CONTINUOUS
10
90.2749999999999915
20
-59.5999999999999943
11
90.6749999999999972
21
-59.5999999999999943
0
LINE
8
BLACK
6
CONTINUOUS
10
90.5
20
-30.6999999999999993
11
90.5
21
-31.0999999999999979
0
LINE
8
BLACK
6
CONTINUOUS
10
90.2999999999999972
20
-30.8999999999999986
11
90.7000000000000028
21
-30.8999999999999986
0
LINE
8
BLACK
6
CONTINUOUS
10
90.7000000000000028
20
-48.2999999999999972
11
90.7000000000000028
21
-48.6999999999999957
0
LINE
8
BLACK
6
CONTINUOUS
10
90.5
20
-48.5
11
90.8999999999999915
21
-48.5
0
LINE
8
BLACK
6
CONTINUOUS
10
91.7999999999999972
20
-30.6999999999999993
11
91.7999999999999972
21
-31.0999999999999979
0
LINE
8
BLACK
6
CONTINUOUS
10
91.5999999999999943
20
-30.8999999999999986
11
92.
21
-30.8999999999999986
0
LINE
8
BLACK
6
CONTINUOUS
10
92.0999999999999943
20
-48.2999999999999972
11
92.0999999999999943
21
-48.6999999999999957
0
LINE
8
BLACK
6
CONTINUOUS
10
91.8999999999999915
20
-48.5
11
92.2999999999999972
21
-48.5
0
LINE
8
BLACK
6
CONTINUOUS
10
93.3999999999999915
20
-27.3999999999999986
11
93.3999999999999915
21
-27.7999999999999972
0
LINE
8
BLACK
6
CONTINUOUS
10
93.2000000000000028
20
-27.5999999999999979
11
93.5999999999999943
21
-27.5999999999999979
0
LINE
8
BLACK
6
CONTINUOUS
10
94.7999999999999972
20
-25.5999999999999979
11
94.7999999999999972
21
-26.
0
LINE
8
BLACK
6
CONTINUOUS
10
94.5999999999999943
20
-25.7999999999999972
11
95.
21
-25.7999999999999972
0
LINE
8
BLACK
6
CONTINUOUS
10
94.7999999999999972
20
-27.3999999999999986
11
94.7999999999999972
21
-27.7999999999999972
0
LINE
8
BLACK
6
CONTINUOUS
10
94.5999999999999943
20
-27.5999999999999979
11
95.
21
-27.5999999999999979
0
LINE
8
BLACK
6
CONTINUOUS
10
95.6999999999999886
20
-64.6499999999999915
11
95.6999999999999886
21
-65.0499999999999972
0
LINE
8
BLACK
6
CONTINUOUS
10
95.5
20
-64.8499999999999943
11
95.8999999999999915
21
-64.8499999999999943
0
LINE
8
BLACK
6
CONTINUOUS
10
95.6999999999999886
20
-67.2000000000000028
11
95.6999999999999886
21
-67.5999999999999943
0
LINE
8
BLACK
6
CONTINUOUS
10
95.5
20
-67.3999999999999915
11
95.8999999999999915
21
-67.3999999999999915
0
LINE
8
BLACK
6
CONTINUOUS
10
95.6999999999999886
20
-73.7000000000000028
11
95.6999999999999886
21
-74.0999999999999943
0
LINE
8
BLACK
6
CONTINUOUS
10
95.5
20
-73.8999999999999915
11
95.8999999999999915
21
-73.8999999999999915
0
LINE
8
BLACK
6
CONTINUOUS
10
95.6999999999999886
20
-78.0999999999999943
11
95.6999999999999886
21
-78.5
0
LINE
8
BLACK
6
CONTINUOUS
10
95.5
20
-78.2999999999999972
11
95.8999999999999915
21
-78.2999999999999972
0
LINE
8
BLACK
6
CONTINUOUS
10
99.5999999999999943
20
-35.2999999999999972
11
99.5999999999999943
21
-35.6999999999999957
0
LINE
8
BLACK
6
CONTINUOUS
10
99.3999999999999915
20
-35.5
11
99.7999999999999972
21
-35.5
0
LINE
8
BLACK
6
CONTINUOUS
10
100.6999999999999886
20
-35.2999999999999972
11
100.6999999999999886
21
-35.6999999999999957
0
LINE
8
BLACK
6
CONTINUOUS
10
100.5
20
-35.5
11
100.8999999999999915
21
-35.5
0
LINE
8
BLACK
6
CONTINUOUS
10
101.5
20
-48.1999999999999957
11
101.5
21
-48.5999999999999943
0
LINE
8
BLACK
6
CONTINUOUS
10
101.2999999999999972
20
-48.3999999999999986
11
101.6999999999999886
21
-48.3999999999999986
0
LINE
8
BLACK
6
CONTINUOUS
10
102.6999999999999886
20
-47.7999999999999972
11
102.6999999999999886
21
-48.1999999999999957
0
LINE
8
BLACK
6
CONTINUOUS
10
102.5
20
-48.
11
102.8999999999999915
21
-48.
0
LINE
8
BLACK
6
CONTINUOUS
10
51.3414229999999989
20
-26.8414229999999989
11
51.3414229999999989
21
-26.5585769999999997
0
LINE
8
BLACK
6
CONTINUOUS
10
51.3414229999999989
20
-26.5585769999999997
11
51.0585769999999997
21
-26.5585769999999997
0
LINE
8
BLACK
6
CONTINUOUS
10
51.0585769999999997
20
-26.5585769999999997
11
51.0585769999999997
21
-26.8414229999999989
0
LINE
8
BLACK
6
CONTINUOUS
10
51.0585769999999997
20
-26.8414229999999989
11
51.3414229999999989
21
-26.8414229999999989
0
LINE
8
BLACK
6
CONTINUOUS
10
51.3414229999999989
20
-31.9414229999999968
11
51.3414229999999989
21
-31.6585769999999975
0
LINE
8
BLACK
6
CONTINUOUS
10
51.3414229999999989
20
-31.6585769999999975
11
51.0585769999999997
21
-31.6585769999999975
0
LINE
8
BLACK
6
CONTINUOUS
10
51.0585769999999997
20
-31.6585769999999975
11
51.0585769999999997
21
-31.9414229999999968
0
LINE
8
BLACK
6
CONTINUOUS
10
51.0585769999999997
20
-31.9414229999999968
11
51.3414229999999989
21
-31.9414229999999968
0
LINE
8
BLACK
6
CONTINUOUS
10
51.3414229999999989
20
-77.3414229999999918
11
51.3414229999999989
21
-77.0585769999999997
0
LINE
8
BLACK
6
CONTINUOUS
10
51.3414229999999989
20
-77.0585769999999997
11
51.0585769999999997
21
-77.0585769999999997
0
LINE
8
BLACK
6
CONTINUOUS
10
51.0585769999999997
20
-77.0585769999999997
11
51.0585769999999997
21
-77.3414229999999918
0
LINE
8
BLACK
6
CONTINUOUS
10
51.0585769999999997
20
-77.3414229999999918
11
51.3414229999999989
21
-77.3414229999999918
0
LINE
8
BLACK
6
CONTINUOUS
10
52.0414229999999947
20
-34.5414230000000018
11
52.0414229999999947
21
-34.2585769999999954
0
LINE
8
BLACK
6
CONTINUOUS
10
52.0414229999999947
20
-34.2585769999999954
11
51.7585769999999954
21
-34.2585769999999954
0
LINE
8
BLACK
6
CONTINUOUS
10
51.7585769999999954
20
-34.2585769999999954
11
51.7585769999999954
21
-34.5414230000000018
0
LINE
8
BLACK
6
CONTINUOUS
10
51.7585769999999954
20
-34.5414230000000018
11
52.0414229999999947
21
-34.5414230000000018
0
LINE
8
BLACK
6
CONTINUOUS
10
52.1414229999999961
20
-42.0414229999999947
11
52.1414229999999961
21
-41.7585769999999954
0
LINE
8
BLACK
6
CONTINUOUS
10
52.1414229999999961
20
-41.7585769999999954
11
51.8585769999999968
21
-41.7585769999999954
0
LINE
8
BLACK
6
CONTINUOUS
10
51.8585769999999968
20
-41.7585769999999954
11
51.8585769999999968
21
-42.0414229999999947
0
LINE
8
BLACK
6
CONTINUOUS
10
51.8585769999999968
20
-42.0414229999999947
11
52.1414229999999961
21
-42.0414229999999947
0
LINE
8
BLACK
6
CONTINUOUS
10
52.1414229999999961
20
-46.4414230000000003
11
52.1414229999999961
21
-46.1585770000000011
0
LINE
8
BLACK
6
CONTINUOUS
10
52.1414229999999961
20
-46.1585770000000011
11
51.8585769999999968
21
-46.1585770000000011
0
LINE
8
BLACK
6
CONTINUOUS
10
51.8585769999999968
20
-46.1585770000000011
11
51.8585769999999968
21
-46.4414230000000003
0
LINE
8
BLACK
6
CONTINUOUS
10
51.8585769999999968
20
-46.4414230000000003
11
52.1414229999999961
21
-46.4414230000000003
0
LINE
8
BLACK
6
CONTINUOUS
10
52.1414229999999961
20
-48.9414230000000003
11
52.1414229999999961
21
-48.6585770000000011
0
LINE
8
BLACK
6
CONTINUOUS
10
52.1414229999999961
20
-48.6585770000000011
11
51.8585769999999968
21
-48.6585770000000011
0
LINE
8
BLACK
6
CONTINUOUS
10
51.8585769999999968
20
-48.6585770000000011
11
51.8585769999999968
21
-48.9414230000000003
0
LINE
8
BLACK
6
CONTINUOUS
10
51.8585769999999968
20
-48.9414230000000003
11
52.1414229999999961
21
-48.9414230000000003
0
LINE
8
BLACK
6
CONTINUOUS
10
52.1414229999999961
20
-52.4414230000000003
11
52.1414229999999961
21
-52.1585770000000011
0
LINE
8
BLACK
6
CONTINUOUS
10
52.1414229999999961
20
-52.1585770000000011
11
51.8585769999999968
21
-52.1585770000000011
0
LINE
8
BLACK
6
CONTINUOUS
10
51.8585769999999968
20
-52.1585770000000011
11
51.8585769999999968
21
-52.4414230000000003
0
LINE
8
BLACK
6
CONTINUOUS
10
51.8585769999999968
20
-52.4414230000000003
11
52.1414229999999961
21
-52.4414230000000003
0
LINE
8
BLACK
6
CONTINUOUS
10
54.2914229999999947
20
-55.8514229999999969
11
54.2914229999999947
21
-55.5685769999999977
0
LINE
8
BLACK
6
CONTINUOUS
10
54.2914229999999947
20
-55.5685769999999977
11
54.0085769999999954
21
-55.5685769999999977
0
LINE
8
BLACK
6
CONTINUOUS
10
54.0085769999999954
20
-55.5685769999999977
11
54.0085769999999954
21
-55.8514229999999969
0
LINE
8
BLACK
6
CONTINUOUS
10
54.0085769999999954
20
-55.8514229999999969
11
54.2914229999999947
21
-55.8514229999999969
0
LINE
8
BLACK
6
CONTINUOUS
10
54.2914229999999947
20
-58.3914229999999961
11
54.2914229999999947
21
-58.1085769999999968
0
LINE
8
BLACK
6
CONTINUOUS
10
54.2914229999999947
20
-58.1085769999999968
11
54.0085769999999954
21
-58.1085769999999968
0
LINE
8
BLACK
6
CONTINUOUS
10
54.0085769999999954
20
-58.1085769999999968
11
54.0085769999999954
21
-58.3914229999999961
0
LINE
8
BLACK
6
CONTINUOUS
10
54.0085769999999954
20
-58.3914229999999961
11
54.2914229999999947
21
-58.3914229999999961
0
LINE
8
BLACK
6
CONTINUOUS
10
54.2914229999999947
20
-60.9314229999999952
11
54.2914229999999947
21
-60.648576999999996
0
LINE
8
BLACK
6
CONTINUOUS
10
54.2914229999999947
20
-60.648576999999996
11
54.0085769999999954
21
-60.648576999999996
0
LINE
8
BLACK
6
CONTINUOUS
10
54.0085769999999954
20
-60.648576999999996
11
54.0085769999999954
21
-60.9314229999999952
0
LINE
8
BLACK
6
CONTINUOUS
10
54.0085769999999954
20
-60.9314229999999952
11
54.2914229999999947
21
-60.9314229999999952
0
LINE
8
BLACK
6
CONTINUOUS
10
54.2914229999999947
20
-63.4714229999999944
11
54.2914229999999947
21
-63.1885769999999951
0
LINE
8
BLACK
6
CONTINUOUS
10
54.2914229999999947
20
-63.1885769999999951
11
54.0085769999999954
21
-63.1885769999999951
0
LINE
8
BLACK
6
CONTINUOUS
10
54.0085769999999954
20
-63.1885769999999951
11
54.0085769999999954
21
-63.4714229999999944
0
LINE
8
BLACK
6
CONTINUOUS
10
54.0085769999999954
20
-63.4714229999999944
11
54.2914229999999947
21
-63.4714229999999944
0
LINE
8
BLACK
6
CONTINUOUS
10
54.2914229999999947
20
-66.0114229999999935
11
54.2914229999999947
21
-65.7285770000000014
0
LINE
8
BLACK
6
CONTINUOUS
10
54.2914229999999947
20
-65.7285770000000014
11
54.0085769999999954
21
-65.7285770000000014
0
LINE
8
BLACK
6
CONTINUOUS
10
54.0085769999999954
20
-65.7285770000000014
11
54.0085769999999954
21
-66.0114229999999935
0
LINE
8
BLACK
6
CONTINUOUS
10
54.0085769999999954
20
-66.0114229999999935
11
54.2914229999999947
21
-66.0114229999999935
0
LINE
8
BLACK
6
CONTINUOUS
10
54.2914229999999947
20
-68.5514229999999998
11
54.2914229999999947
21
-68.2685769999999934
0
LINE
8
BLACK
6
CONTINUOUS
10
54.2914229999999947
20
-68.2685769999999934
11
54.0085769999999954
21
-68.2685769999999934
0
LINE
8
BLACK
6
CONTINUOUS
10
54.0085769999999954
20
-68.2685769999999934
11
54.0085769999999954
21
-68.5514229999999998
0
LINE
8
BLACK
6
CONTINUOUS
10
54.0085769999999954
20
-68.5514229999999998
11
54.2914229999999947
21
-68.5514229999999998
0
LINE
8
BLACK
6
CONTINUOUS
10
54.2914229999999947
20
-73.6314229999999981
11
54.2914229999999947
21
-73.3485769999999917
0
LINE
8
BLACK
6
CONTINUOUS
10
54.2914229999999947
20
-73.3485769999999917
11
54.0085769999999954
21
-73.3485769999999917
0
LINE
8
BLACK
6
CONTINUOUS
10
54.0085769999999954
20
-73.3485769999999917
11
54.0085769999999954
21
-73.6314229999999981
0
LINE
8
BLACK
6
CONTINUOUS
10
54.0085769999999954
20
-73.6314229999999981
11
54.2914229999999947
21
-73.6314229999999981
0
LINE
8
BLACK
6
CONTINUOUS
10
55.1414229999999961
20
-23.6414229999999996
11
55.1414229999999961
21
-23.3585770000000004
0
LINE
8
BLACK
6
CONTINUOUS
10
55.1414229999999961
20
-23.3585770000000004
11
54.8585769999999968
21
-23.3585770000000004
0
LINE
8
BLACK
6
CONTINUOUS
10
54.8585769999999968
20
-23.3585770000000004
11
54.8585769999999968
21
-23.6414229999999996
0
LINE
8
BLACK
6
CONTINUOUS
10
54.8585769999999968
20
-23.6414229999999996
11
55.1414229999999961
21
-23.6414229999999996
0
LINE
8
BLACK
6
CONTINUOUS
10
57.3414229999999989
20
-27.7414229999999975
11
57.3414229999999989
21
-27.4585769999999982
0
LINE
8
BLACK
6
CONTINUOUS
10
57.3414229999999989
20
-27.4585769999999982
11
57.0585769999999997
21
-27.4585769999999982
0
LINE
8
BLACK
6
CONTINUOUS
10
57.0585769999999997
20
-27.4585769999999982
11
57.0585769999999997
21
-27.7414229999999975
0
LINE
8
BLACK
6
CONTINUOUS
10
57.0585769999999997
20
-27.7414229999999975
11
57.3414229999999989
21
-27.7414229999999975
0
LINE
8
BLACK
6
CONTINUOUS
10
58.1414229999999961
20
-87.141422999999989
11
58.1414229999999961
21
-86.8585769999999968
0
LINE
8
BLACK
6
CONTINUOUS
10
58.1414229999999961
20
-86.8585769999999968
11
57.8585769999999968
21
-86.8585769999999968
0
LINE
8
BLACK
6
CONTINUOUS
10
57.8585769999999968
20
-86.8585769999999968
11
57.8585769999999968
21
-87.141422999999989
0
LINE
8
BLACK
6
CONTINUOUS
10
57.8585769999999968
20
-87.141422999999989
11
58.1414229999999961
21
-87.141422999999989
0
LINE
8
BLACK
6
CONTINUOUS
10
58.9914229999999975
20
-52.7414229999999975
11
58.9914229999999975
21
-52.4585769999999982
0
LINE
8
BLACK
6
CONTINUOUS
10
58.9914229999999975
20
-52.4585769999999982
11
58.7085769999999982
21
-52.4585769999999982
0
LINE
8
BLACK
6
CONTINUOUS
10
58.7085769999999982
20
-52.4585769999999982
11
58.7085769999999982
21
-52.7414229999999975
0
LINE
8
BLACK
6
CONTINUOUS
10
58.7085769999999982
20
-52.7414229999999975
11
58.9914229999999975
21
-52.7414229999999975
0
LINE
8
BLACK
6
CONTINUOUS
10
58.9914229999999975
20
-59.4914229999999975
11
58.9914229999999975
21
-59.2085769999999982
0
LINE
8
BLACK
6
CONTINUOUS
10
58.9914229999999975
20
-59.2085769999999982
11
58.7085769999999982
21
-59.2085769999999982
0
LINE
8
BLACK
6
CONTINUOUS
10
58.7085769999999982
20
-59.2085769999999982
11
58.7085769999999982
21
-59.4914229999999975
0
LINE
8
BLACK
6
CONTINUOUS
10
58.7085769999999982
20
-59.4914229999999975
11
58.9914229999999975
21
-59.4914229999999975
0
LINE
8
BLACK
6
CONTINUOUS
10
58.9914229999999975
20
-67.6414230000000032
11
58.9914229999999975
21
-67.3585769999999968
0
LINE
8
BLACK
6
CONTINUOUS
10
58.9914229999999975
20
-67.3585769999999968
11
58.7085769999999982
21
-67.3585769999999968
0
LINE
8
BLACK
6
CONTINUOUS
10
58.7085769999999982
20
-67.3585769999999968
11
58.7085769999999982
21
-67.6414230000000032
0
LINE
8
BLACK
6
CONTINUOUS
10
58.7085769999999982
20
-67.6414230000000032
11
58.9914229999999975
21
-67.6414230000000032
0
LINE
8
BLACK
6
CONTINUOUS
10
58.9914229999999975
20
-73.8914230000000032
11
58.9914229999999975
21
-73.6085769999999968
0
LINE
8
BLACK
6
CONTINUOUS
10
58.9914229999999975
20
-73.6085769999999968
11
58.7085769999999982
21
-73.6085769999999968
0
LINE
8
BLACK
6
CONTINUOUS
10
58.7085769999999982
20
-73.6085769999999968
11
58.7085769999999982
21
-73.8914230000000032
0
LINE
8
BLACK
6
CONTINUOUS
10
58.7085769999999982
20
-73.8914230000000032
11
58.9914229999999975
21
-73.8914230000000032
0
LINE
8
BLACK
6
CONTINUOUS
10
61.9914229999999975
20
-44.3414229999999989
11
61.9914229999999975
21
-44.0585769999999997
0
LINE
8
BLACK
6
CONTINUOUS
10
61.9914229999999975
20
-44.0585769999999997
11
61.7085769999999982
21
-44.0585769999999997
0
LINE
8
BLACK
6
CONTINUOUS
10
61.7085769999999982
20
-44.0585769999999997
11
61.7085769999999982
21
-44.3414229999999989
0
LINE
8
BLACK
6
CONTINUOUS
10
61.7085769999999982
20
-44.3414229999999989
11
61.9914229999999975
21
-44.3414229999999989
0
LINE
8
BLACK
6
CONTINUOUS
10
62.0414229999999947
20
-37.2914230000000018
11
62.0414229999999947
21
-37.0085769999999954
0
LINE
8
BLACK
6
CONTINUOUS
10
62.0414229999999947
20
-37.0085769999999954
11
61.7585769999999954
21
-37.0085769999999954
0
LINE
8
BLACK
6
CONTINUOUS
10
61.7585769999999954
20
-37.0085769999999954
11
61.7585769999999954
21
-37.2914230000000018
0
LINE
8
BLACK
6
CONTINUOUS
10
61.7585769999999954
20
-37.2914230000000018
11
62.0414229999999947
21
-37.2914230000000018
0
LINE
8
BLACK
6
CONTINUOUS
10
62.3414229999999989
20
-27.7414229999999975
11
62.3414229999999989
21
-27.4585769999999982
0
LINE
8
BLACK
6
CONTINUOUS
10
62.3414229999999989
20
-27.4585769999999982
11
62.0585769999999997
21
-27.4585769999999982
0
LINE
8
BLACK
6
CONTINUOUS
10
62.0585769999999997
20
-27.4585769999999982
11
62.0585769999999997
21
-27.7414229999999975
0
LINE
8
BLACK
6
CONTINUOUS
10
62.0585769999999997
20
-27.7414229999999975
11
62.3414229999999989
21
-27.7414229999999975
0
LINE
8
BLACK
6
CONTINUOUS
10
63.2414229999999975
20
-62.1414229999999961
11
63.2414229999999975
21
-61.8585769999999968
0
LINE
8
BLACK
6
CONTINUOUS
10
63.2414229999999975
20
-61.8585769999999968
11
62.9585769999999982
21
-61.8585769999999968
0
LINE
8
BLACK
6
CONTINUOUS
10
62.9585769999999982
20
-61.8585769999999968
11
62.9585769999999982
21
-62.1414229999999961
0
LINE
8
BLACK
6
CONTINUOUS
10
62.9585769999999982
20
-62.1414229999999961
11
63.2414229999999975
21
-62.1414229999999961
0
LINE
8
BLACK
6
CONTINUOUS
10
63.7414229999999975
20
-87.141422999999989
11
63.7414229999999975
21
-86.8585769999999968
0
LINE
8
BLACK
6
CONTINUOUS
10
63.7414229999999975
20
-86.8585769999999968
11
63.4585769999999982
21
-86.8585769999999968
0
LINE
8
BLACK
6
CONTINUOUS
10
63.4585769999999982
20
-86.8585769999999968
11
63.4585769999999982
21
-87.141422999999989
0
LINE
8
BLACK
6
CONTINUOUS
10
63.4585769999999982
20
-87.141422999999989
11
63.7414229999999975
21
-87.141422999999989
0
LINE
8
BLACK
6
CONTINUOUS
10
64.0414229999999947
20
-33.7414229999999975
11
64.0414229999999947
21
-33.4585769999999982
0
LINE
8
BLACK
6
CONTINUOUS
10
64.0414229999999947
20
-33.4585769999999982
11
63.7585769999999954
21
-33.4585769999999982
0
LINE
8
BLACK
6
CONTINUOUS
10
63.7585769999999954
20
-33.4585769999999982
11
63.7585769999999954
21
-33.7414229999999975
0
LINE
8
BLACK
6
CONTINUOUS
10
63.7585769999999954
20
-33.7414229999999975
11
64.0414229999999947
21
-33.7414229999999975
0
LINE
8
BLACK
6
CONTINUOUS
10
64.5414229999999947
20
-42.2914229999999947
11
64.5414229999999947
21
-42.0085769999999954
0
LINE
8
BLACK
6
CONTINUOUS
10
64.5414229999999947
20
-42.0085769999999954
11
64.2585770000000025
21
-42.0085769999999954
0
LINE
8
BLACK
6
CONTINUOUS
10
64.2585770000000025
20
-42.0085769999999954
11
64.2585770000000025
21
-42.2914229999999947
0
LINE
8
BLACK
6
CONTINUOUS
10
64.2585770000000025
20
-42.2914229999999947
11
64.5414229999999947
21
-42.2914229999999947
0
LINE
8
BLACK
6
CONTINUOUS
10
64.7414229999999975
20
-77.4414230000000003
11
64.7414229999999975
21
-77.158576999999994
0
LINE
8
BLACK
6
CONTINUOUS
10
64.7414229999999975
20
-77.158576999999994
11
64.4585769999999911
21
-77.158576999999994
0
LINE
8
BLACK
6
CONTINUOUS
10
64.4585769999999911
20
-77.158576999999994
11
64.4585769999999911
21
-77.4414230000000003
0
LINE
8
BLACK
6
CONTINUOUS
10
64.4585769999999911
20
-77.4414230000000003
11
64.7414229999999975
21
-77.4414230000000003
0
LINE
8
BLACK
6
CONTINUOUS
10
64.7914229999999947
20
-48.5914229999999989
11
64.7914229999999947
21
-48.3085769999999997
0
LINE
8
BLACK
6
CONTINUOUS
10
64.7914229999999947
20
-48.3085769999999997
11
64.5085770000000025
21
-48.3085769999999997
0
LINE
8
BLACK
6
CONTINUOUS
10
64.5085770000000025
20
-48.3085769999999997
11
64.5085770000000025
21
-48.5914229999999989
0
LINE
8
BLACK
6
CONTINUOUS
10
64.5085770000000025
20
-48.5914229999999989
11
64.7914229999999947
21
-48.5914229999999989
0
LINE
8
BLACK
6
CONTINUOUS
10
64.7914229999999947
20
-52.2914229999999947
11
64.7914229999999947
21
-52.0085769999999954
0
LINE
8
BLACK
6
CONTINUOUS
10
64.7914229999999947
20
-52.0085769999999954
11
64.5085770000000025
21
-52.0085769999999954
0
LINE
8
BLACK
6
CONTINUOUS
10
64.5085770000000025
20
-52.0085769999999954
11
64.5085770000000025
21
-52.2914229999999947
0
LINE
8
BLACK
6
CONTINUOUS
10
64.5085770000000025
20
-52.2914229999999947
11
64.7914229999999947
21
-52.2914229999999947
0
LINE
8
BLACK
6
CONTINUOUS
10
65.6414230000000032
20
-31.5414229999999982
11
65.6414230000000032
21
-31.2585769999999989
0
LINE
8
BLACK
6
CONTINUOUS
10
65.6414230000000032
20
-31.2585769999999989
11
65.3585769999999968
21
-31.2585769999999989
0
LINE
8
BLACK
6
CONTINUOUS
10
65.3585769999999968
20
-31.2585769999999989
11
65.3585769999999968
21
-31.5414229999999982
0
LINE
8
BLACK
6
CONTINUOUS
10
65.3585769999999968
20
-31.5414229999999982
11
65.6414230000000032
21
-31.5414229999999982
0
LINE
8
BLACK
6
CONTINUOUS
10
66.9414230000000003
20
-75.5414229999999947
11
66.9414230000000003
21
-75.2585770000000025
0
LINE
8
BLACK
6
CONTINUOUS
10
66.9414230000000003
20
-75.2585770000000025
11
66.658576999999994
21
-75.2585770000000025
0
LINE
8
BLACK
6
CONTINUOUS
10
66.658576999999994
20
-75.2585770000000025
11
66.658576999999994
21
-75.5414229999999947
0
LINE
8
BLACK
6
CONTINUOUS
10
66.658576999999994
20
-75.5414229999999947
11
66.9414230000000003
21
-75.5414229999999947
0
LINE
8
BLACK
6
CONTINUOUS
10
67.6914230000000003
20
-52.2914229999999947
11
67.6914230000000003
21
-52.0085769999999954
0
LINE
8
BLACK
6
CONTINUOUS
10
67.6914230000000003
20
-52.0085769999999954
11
67.408576999999994
21
-52.0085769999999954
0
LINE
8
BLACK
6
CONTINUOUS
10
67.408576999999994
20
-52.0085769999999954
11
67.408576999999994
21
-52.2914229999999947
0
LINE
8
BLACK
6
CONTINUOUS
10
67.408576999999994
20
-52.2914229999999947
11
67.6914230000000003
21
-52.2914229999999947
0
LINE
8
BLACK
6
CONTINUOUS
10
68.9414230000000003
20
-55.0414229999999947
11
68.9414230000000003
21
-54.7585769999999954
0
LINE
8
BLACK
6
CONTINUOUS
10
68.9414230000000003
20
-54.7585769999999954
11
68.658576999999994
21
-54.7585769999999954
0
LINE
8
BLACK
6
CONTINUOUS
10
68.658576999999994
20
-54.7585769999999954
11
68.658576999999994
21
-55.0414229999999947
0
LINE
8
BLACK
6
CONTINUOUS
10
68.658576999999994
20
-55.0414229999999947
11
68.9414230000000003
21
-55.0414229999999947
0
LINE
8
BLACK
6
CONTINUOUS
10
71.2914229999999947
20
-37.9914229999999975
11
71.2914229999999947
21
-37.7085769999999982
0
LINE
8
BLACK
6
CONTINUOUS
10
71.2914229999999947
20
-37.7085769999999982
11
71.0085770000000025
21
-37.7085769999999982
0
LINE
8
BLACK
6
CONTINUOUS
10
71.0085770000000025
20
-37.7085769999999982
11
71.0085770000000025
21
-37.9914229999999975
0
LINE
8
BLACK
6
CONTINUOUS
10
71.0085770000000025
20
-37.9914229999999975
11
71.2914229999999947
21
-37.9914229999999975
0
LINE
8
BLACK
6
CONTINUOUS
10
71.2914229999999947
20
-59.5414229999999947
11
71.2914229999999947
21
-59.2585769999999954
0
LINE
8
BLACK
6
CONTINUOUS
10
71.2914229999999947
20
-59.2585769999999954
11
71.0085770000000025
21
-59.2585769999999954
0
LINE
8
BLACK
6
CONTINUOUS
10
71.0085770000000025
20
-59.2585769999999954
11
71.0085770000000025
21
-59.5414229999999947
0
LINE
8
BLACK
6
CONTINUOUS
10
71.0085770000000025
20
-59.5414229999999947
11
71.2914229999999947
21
-59.5414229999999947
0
LINE
8
BLACK
6
CONTINUOUS
10
71.9414230000000003
20
-75.5414229999999947
11
71.9414230000000003
21
-75.2585770000000025
0
LINE
8
BLACK
6
CONTINUOUS
10
71.9414230000000003
20
-75.2585770000000025
11
71.658576999999994
21
-75.2585770000000025
0
LINE
8
BLACK
6
CONTINUOUS
10
71.658576999999994
20
-75.2585770000000025
11
71.658576999999994
21
-75.5414229999999947
0
LINE
8
BLACK
6
CONTINUOUS
10
71.658576999999994
20
-75.5414229999999947
11
71.9414230000000003
21
-75.5414229999999947
0
LINE
8
BLACK
6
CONTINUOUS
10
72.4914229999999975
20
-34.4414230000000003
11
72.4914229999999975
21
-34.1585770000000011
0
LINE
8
BLACK
6
CONTINUOUS
10
72.4914229999999975
20
-34.1585770000000011
11
72.2085769999999911
21
-34.1585770000000011
0
LINE
8
BLACK
6
CONTINUOUS
10
72.2085769999999911
20
-34.1585770000000011
11
72.2085769999999911
21
-34.4414230000000003
0
LINE
8
BLACK
6
CONTINUOUS
10
72.2085769999999911
20
-34.4414230000000003
11
72.4914229999999975
21
-34.4414230000000003
0
LINE
8
BLACK
6
CONTINUOUS
10
73.0414229999999947
20
-81.1414230000000032
11
73.0414229999999947
21
-80.8585769999999968
0
LINE
8
BLACK
6
CONTINUOUS
10
73.0414229999999947
20
-80.8585769999999968
11
72.7585770000000025
21
-80.8585769999999968
0
LINE
8
BLACK
6
CONTINUOUS
10
72.7585770000000025
20
-80.8585769999999968
11
72.7585770000000025
21
-81.1414230000000032
0
LINE
8
BLACK
6
CONTINUOUS
10
72.7585770000000025
20
-81.1414230000000032
11
73.0414229999999947
21
-81.1414230000000032
0
LINE
8
BLACK
6
CONTINUOUS
10
74.7414229999999975
20
-25.2414229999999975
11
74.7414229999999975
21
-24.9585769999999982
0
LINE
8
BLACK
6
CONTINUOUS
10
74.7414229999999975
20
-24.9585769999999982
11
74.4585769999999911
21
-24.9585769999999982
0
LINE
8
BLACK
6
CONTINUOUS
10
74.4585769999999911
20
-24.9585769999999982
11
74.4585769999999911
21
-25.2414229999999975
0
LINE
8
BLACK
6
CONTINUOUS
10
74.4585769999999911
20
-25.2414229999999975
11
74.7414229999999975
21
-25.2414229999999975
0
LINE
8
BLACK
6
CONTINUOUS
10
75.1414230000000032
20
-50.7414229999999975
11
75.1414230000000032
21
-50.4585769999999982
0
LINE
8
BLACK
6
CONTINUOUS
10
75.1414230000000032
20
-50.4585769999999982
11
74.8585769999999968
21
-50.4585769999999982
0
LINE
8
BLACK
6
CONTINUOUS
10
74.8585769999999968
20
-50.4585769999999982
11
74.8585769999999968
21
-50.7414229999999975
0
LINE
8
BLACK
6
CONTINUOUS
10
74.8585769999999968
20
-50.7414229999999975
11
75.1414230000000032
21
-50.7414229999999975
0
LINE
8
BLACK
6
CONTINUOUS
10
75.5414229999999947
20
-78.4414230000000003
11
75.5414229999999947
21
-78.158576999999994
0
LINE
8
BLACK
6
CONTINUOUS
10
75.5414229999999947
20
-78.158576999999994
11
75.2585770000000025
21
-78.158576999999994
0
LINE
8
BLACK
6
CONTINUOUS
10
75.2585770000000025
20
-78.158576999999994
11
75.2585770000000025
21
-78.4414230000000003
0
LINE
8
BLACK
6
CONTINUOUS
10
75.2585770000000025
20
-78.4414230000000003
11
75.5414229999999947
21
-78.4414230000000003
0
LINE
8
BLACK
6
CONTINUOUS
10
75.6414230000000032
20
-46.1414229999999961
11
75.6414230000000032
21
-45.8585769999999968
0
LINE
8
BLACK
6
CONTINUOUS
10
75.6414230000000032
20
-45.8585769999999968
11
75.3585769999999968
21
-45.8585769999999968
0
LINE
8
BLACK
6
CONTINUOUS
10
75.3585769999999968
20
-45.8585769999999968
11
75.3585769999999968
21
-46.1414229999999961
0
LINE
8
BLACK
6
CONTINUOUS
10
75.3585769999999968
20
-46.1414229999999961
11
75.6414230000000032
21
-46.1414229999999961
0
LINE
8
BLACK
6
CONTINUOUS
10
76.5414229999999947
20
-54.8914229999999961
11
76.5414229999999947
21
-54.6085769999999968
0
LINE
8
BLACK
6
CONTINUOUS
10
76.5414229999999947
20
-54.6085769999999968
11
76.2585770000000025
21
-54.6085769999999968
0
LINE
8
BLACK
6
CONTINUOUS
10
76.2585770000000025
20
-54.6085769999999968
11
76.2585770000000025
21
-54.8914229999999961
0
LINE
8
BLACK
6
CONTINUOUS
10
76.2585770000000025
20
-54.8914229999999961
11
76.5414229999999947
21
-54.8914229999999961
0
LINE
8
BLACK
6
CONTINUOUS
10
76.5414229999999947
20
-58.3914229999999961
11
76.5414229999999947
21
-58.1085769999999968
0
LINE
8
BLACK
6
CONTINUOUS
10
76.5414229999999947
20
-58.1085769999999968
11
76.2585770000000025
21
-58.1085769999999968
0
LINE
8
BLACK
6
CONTINUOUS
10
76.2585770000000025
20
-58.1085769999999968
11
76.2585770000000025
21
-58.3914229999999961
0
LINE
8
BLACK
6
CONTINUOUS
10
76.2585770000000025
20
-58.3914229999999961
11
76.5414229999999947
21
-58.3914229999999961
0
LINE
8
BLACK
6
CONTINUOUS
10
77.2414229999999975
20
-33.7414229999999975
11
77.2414229999999975
21
-33.4585769999999982
0
LINE
8
BLACK
6
CONTINUOUS
10
77.2414229999999975
20
-33.4585769999999982
11
76.9585769999999911
21
-33.4585769999999982
0
LINE
8
BLACK
6
CONTINUOUS
10
76.9585769999999911
20
-33.4585769999999982
11
76.9585769999999911
21
-33.7414229999999975
0
LINE
8
BLACK
6
CONTINUOUS
10
76.9585769999999911
20
-33.7414229999999975
11
77.2414229999999975
21
-33.7414229999999975
0
LINE
8
BLACK
6
CONTINUOUS
10
80.3414229999999918
20
-50.5414229999999947
11
80.3414229999999918
21
-50.2585769999999954
0
LINE
8
BLACK
6
CONTINUOUS
10
80.3414229999999918
20
-50.2585769999999954
11
80.0585769999999997
21
-50.2585769999999954
0
LINE
8
BLACK
6
CONTINUOUS
10
80.0585769999999997
20
-50.2585769999999954
11
80.0585769999999997
21
-50.5414229999999947
0
LINE
8
BLACK
6
CONTINUOUS
10
80.0585769999999997
20
-50.5414229999999947
11
80.3414229999999918
21
-50.5414229999999947
0
LINE
8
BLACK
6
CONTINUOUS
10
84.1414230000000032
20
-62.9414230000000003
11
84.1414230000000032
21
-62.658576999999994
0
LINE
8
BLACK
6
CONTINUOUS
10
84.1414230000000032
20
-62.658576999999994
11
83.8585769999999968
21
-62.658576999999994
0
LINE
8
BLACK
6
CONTINUOUS
10
83.8585769999999968
20
-62.658576999999994
11
83.8585769999999968
21
-62.9414230000000003
0
LINE
8
BLACK
6
CONTINUOUS
10
83.8585769999999968
20
-62.9414230000000003
11
84.1414230000000032
21
-62.9414230000000003
0
LINE
8
BLACK
6
CONTINUOUS
10
84.3414229999999918
20
-23.7414229999999975
11
84.3414229999999918
21
-23.4585769999999982
0
LINE
8
BLACK
6
CONTINUOUS
10
84.3414229999999918
20
-23.4585769999999982
11
84.0585769999999997
21
-23.4585769999999982
0
LINE
8
BLACK
6
CONTINUOUS
10
84.0585769999999997
20
-23.4585769999999982
11
84.0585769999999997
21
-23.7414229999999975
0
LINE
8
BLACK
6
CONTINUOUS
10
84.0585769999999997
20
-23.7414229999999975
11
84.3414229999999918
21
-23.7414229999999975
0
LINE
8
BLACK
6
CONTINUOUS
10
84.5414229999999947
20
-34.9414230000000003
11
84.5414229999999947
21
-34.6585770000000011
0
LINE
8
BLACK
6
CONTINUOUS
10
84.5414229999999947
20
-34.6585770000000011
11
84.2585770000000025
21
-34.6585770000000011
0
LINE
8
BLACK
6
CONTINUOUS
10
84.2585770000000025
20
-34.6585770000000011
11
84.2585770000000025
21
-34.9414230000000003
0
LINE
8
BLACK
6
CONTINUOUS
10
84.2585770000000025
20
-34.9414230000000003
11
84.5414229999999947
21
-34.9414230000000003
0
LINE
8
BLACK
6
CONTINUOUS
10
85.7414229999999975
20
-26.6414229999999996
11
85.7414229999999975
21
-26.3585770000000004
0
LINE
8
BLACK
6
CONTINUOUS
10
85.7414229999999975
20
-26.3585770000000004
11
85.4585769999999911
21
-26.3585770000000004
0
LINE
8
BLACK
6
CONTINUOUS
10
85.4585769999999911
20
-26.3585770000000004
11
85.4585769999999911
21
-26.6414229999999996
0
LINE
8
BLACK
6
CONTINUOUS
10
85.4585769999999911
20
-26.6414229999999996
11
85.7414229999999975
21
-26.6414229999999996
0
LINE
8
BLACK
6
CONTINUOUS
10
87.2414229999999975
20
-23.7414229999999975
11
87.2414229999999975
21
-23.4585769999999982
0
LINE
8
BLACK
6
CONTINUOUS
10
87.2414229999999975
20
-23.4585769999999982
11
86.9585769999999911
21
-23.4585769999999982
0
LINE
8
BLACK
6
CONTINUOUS
10
86.9585769999999911
20
-23.4585769999999982
11
86.9585769999999911
21
-23.7414229999999975
0
LINE
8
BLACK
6
CONTINUOUS
10
86.9585769999999911
20
-23.7414229999999975
11
87.2414229999999975
21
-23.7414229999999975
0
LINE
8
BLACK
6
CONTINUOUS
10
88.0414229999999947
20
-57.9414230000000003
11
88.0414229999999947
21
-57.658576999999994
0
LINE
8
BLACK
6
CONTINUOUS
10
88.0414229999999947
20
-57.658576999999994
11
87.7585770000000025
21
-57.658576999999994
0
LINE
8
BLACK
6
CONTINUOUS
10
87.7585770000000025
20
-57.658576999999994
11
87.7585770000000025
21
-57.9414230000000003
0
LINE
8
BLACK
6
CONTINUOUS
10
87.7585770000000025
20
-57.9414230000000003
11
88.0414229999999947
21
-57.9414230000000003
0
LINE
8
BLACK
6
CONTINUOUS
10
88.0414229999999947
20
-62.9414230000000003
11
88.0414229999999947
21
-62.658576999999994
0
LINE
8
BLACK
6
CONTINUOUS
10
88.0414229999999947
20
-62.658576999999994
11
87.7585770000000025
21
-62.658576999999994
0
LINE
8
BLACK
6
CONTINUOUS
10
87.7585770000000025
20
-62.658576999999994
11
87.7585770000000025
21
-62.9414230000000003
0
LINE
8
BLACK
6
CONTINUOUS
10
87.7585770000000025
20
-62.9414230000000003
11
88.0414229999999947
21
-62.9414230000000003
0
LINE
8
BLACK
6
CONTINUOUS
10
88.9414230000000003
20
-26.6414229999999996
11
88.9414230000000003
21
-26.3585770000000004
0
LINE
8
BLACK
6
CONTINUOUS
10
88.9414230000000003
20
-26.3585770000000004
11
88.658576999999994
21
-26.3585770000000004
0
LINE
8
BLACK
6
CONTINUOUS
10
88.658576999999994
20
-26.3585770000000004
11
88.658576999999994
21
-26.6414229999999996
0
LINE
8
BLACK
6
CONTINUOUS
10
88.658576999999994
20
-26.6414229999999996
11
88.9414230000000003
21
-26.6414229999999996
0
LINE
8
BLACK
6
CONTINUOUS
10
88.9414230000000003
20
-75.4414230000000003
11
88.9414230000000003
21
-75.158576999999994
0
LINE
8
BLACK
6
CONTINUOUS
10
88.9414230000000003
20
-75.158576999999994
11
88.658576999999994
21
-75.158576999999994
0
LINE
8
BLACK
6
CONTINUOUS
10
88.658576999999994
20
-75.158576999999994
11
88.658576999999994
21
-75.4414230000000003
0
LINE
8
BLACK
6
CONTINUOUS
10
88.658576999999994
20
-75.4414230000000003
11
88.9414230000000003
21
-75.4414230000000003
0
LINE
8
BLACK
6
CONTINUOUS
10
90.3414229999999918
20
-23.7414229999999975
11
90.3414229999999918
21
-23.4585769999999982
0
LINE
8
BLACK
6
CONTINUOUS
10
90.3414229999999918
20
-23.4585769999999982
11
90.0585769999999997
21
-23.4585769999999982
0
LINE
8
BLACK
6
CONTINUOUS
10
90.0585769999999997
20
-23.4585769999999982
11
90.0585769999999997
21
-23.7414229999999975
0
LINE
8
BLACK
6
CONTINUOUS
10
90.0585769999999997
20
-23.7414229999999975
11
90.3414229999999918
21
-23.7414229999999975
0
LINE
8
BLACK
6
CONTINUOUS
10
91.4414230000000003
20
-73.9414230000000003
11
91.4414230000000003
21
-73.658576999999994
0
LINE
8
BLACK
6
CONTINUOUS
10
91.4414230000000003
20
-73.658576999999994
11
91.158576999999994
21
-73.658576999999994
0
LINE
8
BLACK
6
CONTINUOUS
10
91.158576999999994
20
-73.658576999999994
11
91.158576999999994
21
-73.9414230000000003
0
LINE
8
BLACK
6
CONTINUOUS
10
91.158576999999994
20
-73.9414230000000003
11
91.4414230000000003
21
-73.9414230000000003
0
LINE
8
BLACK
6
CONTINUOUS
10
91.5414229999999947
20
-49.9414230000000003
11
91.5414229999999947
21
-49.6585770000000011
0
LINE
8
BLACK
6
CONTINUOUS
10
91.5414229999999947
20
-49.6585770000000011
11
91.2585770000000025
21
-49.6585770000000011
0
LINE
8
BLACK
6
CONTINUOUS
10
91.2585770000000025
20
-49.6585770000000011
11
91.2585770000000025
21
-49.9414230000000003
0
LINE
8
BLACK
6
CONTINUOUS
10
91.2585770000000025
20
-49.9414230000000003
11
91.5414229999999947
21
-49.9414230000000003
0
LINE
8
BLACK
6
CONTINUOUS
10
93.1914230000000003
20
-69.0414229999999947
11
93.1914230000000003
21
-68.7585770000000025
0
LINE
8
BLACK
6
CONTINUOUS
10
93.1914230000000003
20
-68.7585770000000025
11
92.908576999999994
21
-68.7585770000000025
0
LINE
8
BLACK
6
CONTINUOUS
10
92.908576999999994
20
-68.7585770000000025
11
92.908576999999994
21
-69.0414229999999947
0
LINE
8
BLACK
6
CONTINUOUS
10
92.908576999999994
20
-69.0414229999999947
11
93.1914230000000003
21
-69.0414229999999947
0
LINE
8
BLACK
6
CONTINUOUS
10
93.9414230000000003
20
-40.9414230000000003
11
93.9414230000000003
21
-40.6585770000000011
0
LINE
8
BLACK
6
CONTINUOUS
10
93.9414230000000003
20
-40.6585770000000011
11
93.658576999999994
21
-40.6585770000000011
0
LINE
8
BLACK
6
CONTINUOUS
10
93.658576999999994
20
-40.6585770000000011
11
93.658576999999994
21
-40.9414230000000003
0
LINE
8
BLACK
6
CONTINUOUS
10
93.658576999999994
20
-40.9414230000000003
11
93.9414230000000003
21
-40.9414230000000003
0
LINE
8
BLACK
6
CONTINUOUS
10
94.2414229999999975
20
-56.0414229999999947
11
94.2414229999999975
21
-55.7585769999999954
0
LINE
8
BLACK
6
CONTINUOUS
10
94.2414229999999975
20
-55.7585769999999954
11
93.9585769999999911
21
-55.7585769999999954
0
LINE
8
BLACK
6
CONTINUOUS
10
93.9585769999999911
20
-55.7585769999999954
11
93.9585769999999911
21
-56.0414229999999947
0
LINE
8
BLACK
6
CONTINUOUS
10
93.9585769999999911
20
-56.0414229999999947
11
94.2414229999999975
21
-56.0414229999999947
0
LINE
8
BLACK
6
CONTINUOUS
10
94.9414230000000003
20
-23.7414229999999975
11
94.9414230000000003
21
-23.4585769999999982
0
LINE
8
BLACK
6
CONTINUOUS
10
94.9414230000000003
20
-23.4585769999999982
11
94.658576999999994
21
-23.4585769999999982
0
LINE
8
BLACK
6
CONTINUOUS
10
94.658576999999994
20
-23.4585769999999982
11
94.658576999999994
21
-23.7414229999999975
0
LINE
8
BLACK
6
CONTINUOUS
10
94.658576999999994
20
-23.7414229999999975
11
94.9414230000000003
21
-23.7414229999999975
0
LINE
8
BLACK
6
CONTINUOUS
10
95.2914229999999947
20
-42.6914230000000003
11
95.2914229999999947
21
-42.4085770000000011
0
LINE
8
BLACK
6
CONTINUOUS
10
95.2914229999999947
20
-42.4085770000000011
11
95.0085770000000025
21
-42.4085770000000011
0
LINE
8
BLACK
6
CONTINUOUS
10
95.0085770000000025
20
-42.4085770000000011
11
95.0085770000000025
21
-42.6914230000000003
0
LINE
8
BLACK
6
CONTINUOUS
10
95.0085770000000025
20
-42.6914230000000003
11
95.2914229999999947
21
-42.6914230000000003
0
LINE
8
BLACK
6
CONTINUOUS
10
96.5914229999999918
20
-56.0414229999999947
11
96.5914229999999918
21
-55.7585769999999954
0
LINE
8
BLACK
6
CONTINUOUS
10
96.5914229999999918
20
-55.7585769999999954
11
96.3085769999999997
21
-55.7585769999999954
0
LINE
8
BLACK
6
CONTINUOUS
10
96.3085769999999997
20
-55.7585769999999954
11
96.3085769999999997
21
-56.0414229999999947
0
LINE
8
BLACK
6
CONTINUOUS
10
96.3085769999999997
20
-56.0414229999999947
11
96.5914229999999918
21
-56.0414229999999947
0
LINE
8
BLACK
6
CONTINUOUS
10
98.5414229999999947
20
-49.6414229999999961
11
98.5414229999999947
21
-49.3585769999999968
0
LINE
8
BLACK
6
CONTINUOUS
10
98.5414229999999947
20
-49.3585769999999968
11
98.2585770000000025
21
-49.3585769999999968
0
LINE
8
BLACK
6
CONTINUOUS
10
98.2585770000000025
20
-49.3585769999999968
11
98.2585770000000025
21
-49.6414229999999961
0
LINE
8
BLACK
6
CONTINUOUS
10
98.2585770000000025
20
-49.6414229999999961
11
98.5414229999999947
21
-49.6414229999999961
0
LINE
8
BLACK
6
CONTINUOUS
10
98.7914229999999947
20
-67.8914230000000032
11
98.7914229999999947
21
-67.6085769999999968
0
LINE
8
BLACK
6
CONTINUOUS
10
98.7914229999999947
20
-67.6085769999999968
11
98.5085770000000025
21
-67.6085769999999968
0
LINE
8
BLACK
6
CONTINUOUS
10
98.5085770000000025
20
-67.6085769999999968
11
98.5085770000000025
21
-67.8914230000000032
0
LINE
8
BLACK
6
CONTINUOUS
10
98.5085770000000025
20
-67.8914230000000032
11
98.7914229999999947
21
-67.8914230000000032
0
LINE
8
BLACK
6
CONTINUOUS
10
98.7914229999999947
20
-73.6914230000000003
11
98.7914229999999947
21
-73.408576999999994
0
LINE
8
BLACK
6
CONTINUOUS
10
98.7914229999999947
20
-73.408576999999994
11
98.5085770000000025
21
-73.408576999999994
0
LINE
8
BLACK
6
CONTINUOUS
10
98.5085770000000025
20
-73.408576999999994
11
98.5085770000000025
21
-73.6914230000000003
0
LINE
8
BLACK
6
CONTINUOUS
10
98.5085770000000025
20
-73.6914230000000003
11
98.7914229999999947
21
-73.6914230000000003
0
LINE
8
BLACK
6
CONTINUOUS
10
100.2414229999999975
20
-34.5414230000000018
11
100.2414229999999975
21
-34.2585769999999954
0
LINE
8
BLACK
6
CONTINUOUS
10
100.2414229999999975
20
-34.2585769999999954
11
99.9585769999999911
21
-34.2585769999999954
0
LINE
8
BLACK
6
CONTINUOUS
10
99.9585769999999911
20
-34.2585769999999954
11
99.9585769999999911
21
-34.5414230000000018
0
LINE
8
BLACK
6
CONTINUOUS
10
99.9585769999999911
20
-34.5414230000000018
11
100.2414229999999975
21
-34.5414230000000018
0
LINE
8
BLACK
6
CONTINUOUS
10
102.7414229999999975
20
-49.7414229999999975
11
102.7414229999999975
21
-49.4585769999999982
0
LINE
8
BLACK
6
CONTINUOUS
10
102.7414229999999975
20
-49.4585769999999982
11
102.4585769999999911
21
-49.4585769999999982
0
LINE
8
BLACK
6
CONTINUOUS
10
102.4585769999999911
20
-49.4585769999999982
11
102.4585769999999911
21
-49.7414229999999975
0
LINE
8
BLACK
6
CONTINUOUS
10
102.4585769999999911
20
-49.7414229999999975
11
102.7414229999999975
21
-49.7414229999999975
0
LINE
8
BLACK
6
CONTINUOUS
10
102.7414229999999975
20
-52.7414229999999975
11
102.7414229999999975
21
-52.4585769999999982
0
LINE
8
BLACK
6
CONTINUOUS
10
102.7414229999999975
20
-52.4585769999999982
11
102.4585769999999911
21
-52.4585769999999982
0
LINE
8
BLACK
6
CONTINUOUS
10
102.4585769999999911
20
-52.4585769999999982
11
102.4585769999999911
21
-52.7414229999999975
0
LINE
8
BLACK
6
CONTINUOUS
10
102.4585769999999911
20
-52.7414229999999975
11
102.7414229999999975
21
-52.7414229999999975
0
LINE
8
BLACK
6
CONTINUOUS
10
102.7414229999999975
20
-58.7414229999999975
11
102.7414229999999975
21
-58.4585769999999982
0
LINE
8
BLACK
6
CONTINUOUS
10
102.7414229999999975
20
-58.4585769999999982
11
102.4585769999999911
21
-58.4585769999999982
0
LINE
8
BLACK
6
CONTINUOUS
10
102.4585769999999911
20
-58.4585769999999982
11
102.4585769999999911
21
-58.7414229999999975
0
LINE
8
BLACK
6
CONTINUOUS
10
102.4585769999999911
20
-58.7414229999999975
11
102.7414229999999975
21
-58.7414229999999975
0
LINE
8
BLACK
6
CONTINUOUS
10
102.7414229999999975
20
-61.7414229999999975
11
102.7414229999999975
21
-61.4585769999999982
0
LINE
8
BLACK
6
CONTINUOUS
10
102.7414229999999975
20
-61.4585769999999982
11
102.4585769999999911
21
-61.4585769999999982
0
LINE
8
BLACK
6
CONTINUOUS
10
102.4585769999999911
20
-61.4585769999999982
11
102.4585769999999911
21
-61.7414229999999975
0
LINE
8
BLACK
6
CONTINUOUS
10
102.4585769999999911
20
-61.7414229999999975
11
102.7414229999999975
21
-61.7414229999999975
0
LINE
8
BLACK
6
CONTINUOUS
10
102.7414229999999975
20
-64.7414229999999975
11
102.7414229999999975
21
-64.4585769999999911
0
LINE
8
BLACK
6
CONTINUOUS
10
102.7414229999999975
20
-64.4585769999999911
11
102.4585769999999911
21
-64.4585769999999911
0
LINE
8
BLACK
6
CONTINUOUS
10
102.4585769999999911
20
-64.4585769999999911
11
102.4585769999999911
21
-64.7414229999999975
0
LINE
8
BLACK
6
CONTINUOUS
10
102.4585769999999911
20
-64.7414229999999975
11
102.7414229999999975
21
-64.7414229999999975
0
LINE
8
BLACK
6
CONTINUOUS
10
102.7414229999999975
20
-67.7414229999999975
11
102.7414229999999975
21
-67.4585769999999911
0
LINE
8
BLACK
6
CONTINUOUS
10
102.7414229999999975
20
-67.4585769999999911
11
102.4585769999999911
21
-67.4585769999999911
0
LINE
8
BLACK
6
CONTINUOUS
10
102.4585769999999911
20
-67.4585769999999911
11
102.4585769999999911
21
-67.7414229999999975
0
LINE
8
BLACK
6
CONTINUOUS
10
102.4585769999999911
20
-67.7414229999999975
11
102.7414229999999975
21
-67.7414229999999975
0
LINE
8
BLACK
6
CONTINUOUS
10
102.7414229999999975
20
-70.7414229999999975
11
102.7414229999999975
21
-70.4585769999999911
0
LINE
8
BLACK
6
CONTINUOUS
10
102.7414229999999975
20
-70.4585769999999911
11
102.4585769999999911
21
-70.4585769999999911
0
LINE
8
BLACK
6
CONTINUOUS
10
102.4585769999999911
20
-70.4585769999999911
11
102.4585769999999911
21
-70.7414229999999975
0
LINE
8
BLACK
6
CONTINUOUS
10
102.4585769999999911
20
-70.7414229999999975
11
102.7414229999999975
21
-70.7414229999999975
0
LINE
8
BLACK
6
CONTINUOUS
10
102.7414229999999975
20
-73.7414229999999975
11
102.7414229999999975
21
-73.4585769999999911
0
LINE
8
BLACK
6
CONTINUOUS
10
102.7414229999999975
20
-73.4585769999999911
11
102.4585769999999911
21
-73.4585769999999911
0
LINE
8
BLACK
6
CONTINUOUS
10
102.4585769999999911
20
-73.4585769999999911
11
102.4585769999999911
21
-73.7414229999999975
0
LINE
8
BLACK
6
CONTINUOUS
10
102.4585769999999911
20
-73.7414229999999975
11
102.7414229999999975
21
-73.7414229999999975
0
LINE
8
BLACK
6
CONTINUOUS
10
102.7414229999999975
20
-76.7414229999999975
11
102.7414229999999975
21
-76.4585769999999911
0
LINE
8
BLACK
6
CONTINUOUS
10
102.7414229999999975
20
-76.4585769999999911
11
102.4585769999999911
21
-76.4585769999999911
0
LINE
8
BLACK
6
CONTINUOUS
10
102.4585769999999911
20
-76.4585769999999911
11
102.4585769999999911
21
-76.7414229999999975
0
LINE
8
BLACK
6
CONTINUOUS
10
102.4585769999999911
20
-76.7414229999999975
11
102.7414229999999975
21
-76.7414229999999975
0
LINE
8
BLACK
6
CONTINUOUS
10
102.7414229999999975
20
-79.7414229999999975
11
102.7414229999999975
21
-79.4585769999999911
0
LINE
8
BLACK
6
CONTINUOUS
10
102.7414229999999975
20
-79.4585769999999911
11
102.4585769999999911
21
-79.4585769999999911
0
LINE
8
BLACK
6
CONTINUOUS
10
102.4585769999999911
20
-79.4585769999999911
11
102.4585769999999911
21
-79.7414229999999975
0
LINE
8
BLACK
6
CONTINUOUS
10
102.4585769999999911
20
-79.7414229999999975
11
102.7414229999999975
21
-79.7414229999999975
0
LINE
8
BLACK
6
CONTINUOUS
10
102.7414229999999975
20
-85.3414229999999918
11
102.7414229999999975
21
-85.0585769999999997
0
LINE
8
BLACK
6
CONTINUOUS
10
102.7414229999999975
20
-85.0585769999999997
11
102.4585769999999911
21
-85.0585769999999997
0
LINE
8
BLACK
6
CONTINUOUS
10
102.4585769999999911
20
-85.0585769999999997
11
102.4585769999999911
21
-85.3414229999999918
0
LINE
8
BLACK
6
CONTINUOUS
10
102.4585769999999911
20
-85.3414229999999918
11
102.7414229999999975
21
-85.3414229999999918
0
LINE
8
BLACK
6
CONTINUOUS
10
82.8799999999999955
20
-24.75
11
83.1799999999999926
21
-24.4499999999999993
0
LINE
8
BLACK
6
CONTINUOUS
10
83.1799999999999926
20
-24.4499999999999993
11
82.8799999999999955
21
-24.1499999999999986
0
LINE
8
BLACK
6
CONTINUOUS
10
82.8799999999999955
20
-24.1499999999999986
11
82.5799999999999983
21
-24.4499999999999993
0
LINE
8
BLACK
6
CONTINUOUS
10
82.5799999999999983
20
-24.4499999999999993
11
82.8799999999999955
21
-24.75
0
LINE
8
BLACK
6
CONTINUOUS
10
83.1799999999999926
20
-24.75
11
83.1799999999999926
21
-24.1499999999999986
0
ARC
8
BLACK
10
82.8799999999999955
20
-24.1499999999999986
40
0.3
50
0.00000000
51
180.00000000
0
LINE
8
BLACK
6
CONTINUOUS
10
82.5799999999999983
20
-24.1499999999999986
11
82.5799999999999983
21
-24.75
0
ARC
8
BLACK
10
82.8799999999999955
20
-24.75
40
0.3
50
180.00000000
51
360.00000000
0
LINE
8
BLACK
6
CONTINUOUS
10
82.8799999999999955
20
-28.9299999999999997
11
83.1799999999999926
21
-28.629999999999999
0
LINE
8
BLACK
6
CONTINUOUS
10
83.1799999999999926
20
-28.629999999999999
11
82.8799999999999955
21
-28.3299999999999983
0
LINE
8
BLACK
6
CONTINUOUS
10
82.8799999999999955
20
-28.3299999999999983
11
82.5799999999999983
21
-28.629999999999999
0
LINE
8
BLACK
6
CONTINUOUS
10
82.5799999999999983
20
-28.629999999999999
11
82.8799999999999955
21
-28.9299999999999997
0
LINE
8
BLACK
6
CONTINUOUS
10
83.1799999999999926
20
-29.1799999999999997
11
83.1799999999999926
21
-28.0799999999999983
0
ARC
8
BLACK
10
82.8799999999999955
20
-28.0799999999999983
40
0.3
50
0.00000000
51
180.00000000
0
LINE
8
BLACK
6
CONTINUOUS
10
82.5799999999999983
20
-28.0799999999999983
11
82.5799999999999983
21
-29.1799999999999997
0
ARC
8
BLACK
10
82.8799999999999955
20
-29.1799999999999997
40
0.3
50
180.00000000
51
360.00000000
0
LINE
8
BLACK
6
CONTINUOUS
10
91.519999999999996
20
-24.75
11
91.8199999999999932
21
-24.4499999999999993
0
LINE
8
BLACK
6
CONTINUOUS
10
91.8199999999999932
20
-24.4499999999999993
11
91.519999999999996
21
-24.1499999999999986
0
LINE
8
BLACK
6
CONTINUOUS
10
91.519999999999996
20
-24.1499999999999986
11
91.2199999999999989
21
-24.4499999999999993
0
LINE
8
BLACK
6
CONTINUOUS
10
91.2199999999999989
20
-24.4499999999999993
11
91.519999999999996
21
-24.75
0
LINE
8
BLACK
6
CONTINUOUS
10
91.8199999999999932
20
-24.75
11
91.8199999999999932
21
-24.1499999999999986
0
ARC
8
BLACK
10
91.519999999999996
20
-24.1499999999999986
40
0.3
50
0.00000000
51
180.00000000
0
LINE
8
BLACK
6
CONTINUOUS
10
91.2199999999999989
20
-24.1499999999999986
11
91.2199999999999989
21
-24.75
0
ARC
8
BLACK
10
91.519999999999996
20
-24.75
40
0.3
50
180.00000000
51
360.00000000
0
LINE
8
BLACK
6
CONTINUOUS
10
91.519999999999996
20
-28.9299999999999997
11
91.8199999999999932
21
-28.629999999999999
0
LINE
8
BLACK
6
CONTINUOUS
10
91.8199999999999932
20
-28.629999999999999
11
91.519999999999996
21
-28.3299999999999983
0
LINE
8
BLACK
6
CONTINUOUS
10
91.519999999999996
20
-28.3299999999999983
11
91.2199999999999989
21
-28.629999999999999
0
LINE
8
BLACK
6
CONTINUOUS
10
91.2199999999999989
20
-28.629999999999999
11
91.519999999999996
21
-28.9299999999999997
0
LINE
8
BLACK
6
CONTINUOUS
10
91.8199999999999932
20
-29.1799999999999997
11
91.8199999999999932
21
-28.0799999999999983
0
ARC
8
BLACK
10
91.519999999999996
20
-28.0799999999999983
40
0.3
50
0.00000000
51
180.00000000
0
LINE
8
BLACK
6
CONTINUOUS
10
91.2199999999999989
20
-28.0799999999999983
11
91.2199999999999989
21
-29.1799999999999997
0
ARC
8
BLACK
10
91.519999999999996
20
-29.1799999999999997
40
0.3
50
180.00000000
51
360.00000000
0
LINE
8
BLACK
6
CONTINUOUS
10
59.5
20
-24.5
11
60.5
21
-25.5
0
LINE
8
BLACK
6
CONTINUOUS
10
60.5
20
-24.5
11
59.5
21
-25.5
0
CIRCLE
8
BLACK
10
60.
20
-25.
40
0.5
0
LINE
8
BLACK
6
CONTINUOUS
10
62.0399999999999991
20
-24.5
11
63.0399999999999991
21
-25.5
0
LINE
8
BLACK
6
CONTINUOUS
10
63.0399999999999991
20
-24.5
11
62.0399999999999991
21
-25.5
0
CIRCLE
8
BLACK
10
62.5399999999999991
20
-25.
40
0.5
0
LINE
8
BLACK
6
CONTINUOUS
10
65.1749999999999972
20
-83.0750000000000028
11
66.1749999999999972
21
-84.0750000000000028
0
LINE
8
BLACK
6
CONTINUOUS
10
66.1749999999999972
20
-83.0750000000000028
11
65.1749999999999972
21
-84.0750000000000028
0
CIRCLE
8
BLACK
10
65.6749999999999972
20
-83.5750000000000028
40
0.5
0
LINE
8
BLACK
6
CONTINUOUS
10
65.1749999999999972
20
-85.6149999999999949
11
66.1749999999999972
21
-86.6149999999999949
0
LINE
8
BLACK
6
CONTINUOUS
10
66.1749999999999972
20
-85.6149999999999949
11
65.1749999999999972
21
-86.6149999999999949
0
CIRCLE
8
BLACK
10
65.6749999999999972
20
-86.1149999999999949
40
0.5
0
LINE
8
BLACK
6
CONTINUOUS
10
67.7150000000000034
20
-83.0750000000000028
11
68.7150000000000034
21
-84.0750000000000028
0
LINE
8
BLACK
6
CONTINUOUS
10
68.7150000000000034
20
-83.0750000000000028
11
67.7150000000000034
21
-84.0750000000000028
0
CIRCLE
8
BLACK
10
68.2150000000000034
20
-83.5750000000000028
40
0.5
0
LINE
8
BLACK
6
CONTINUOUS
10
67.7150000000000034
20
-85.6149999999999949
11
68.7150000000000034
21
-86.6149999999999949
0
LINE
8
BLACK
6
CONTINUOUS
10
68.7150000000000034
20
-85.6149999999999949
11
67.7150000000000034
21
-86.6149999999999949
0
CIRCLE
8
BLACK
10
68.2150000000000034
20
-86.1149999999999949
40
0.5
0
LINE
8
BLACK
6
CONTINUOUS
10
70.2549999999999955
20
-83.0750000000000028
11
71.2549999999999955
21
-84.0750000000000028
0
LINE
8
BLACK
6
CONTINUOUS
10
71.2549999999999955
20
-83.0750000000000028
11
70.2549999999999955
21
-84.0750000000000028
0
CIRCLE
8
BLACK
10
70.7549999999999955
20
-83.5750000000000028
40
0.5
0
LINE
8
BLACK
6
CONTINUOUS
10
70.2549999999999955
20
-85.6149999999999949
11
71.2549999999999955
21
-86.6149999999999949
0
LINE
8
BLACK
6
CONTINUOUS
10
71.2549999999999955
20
-85.6149999999999949
11
70.2549999999999955
21
-86.6149999999999949
0
CIRCLE
8
BLACK
10
70.7549999999999955
20
-86.1149999999999949
40
0.5
0
LINE
8
BLACK
6
CONTINUOUS
10
72.7950000000000017
20
-83.0750000000000028
11
73.7950000000000017
21
-84.0750000000000028
0
LINE
8
BLACK
6
CONTINUOUS
10
73.7950000000000017
20
-83.0750000000000028
11
72.7950000000000017
21
-84.0750000000000028
0
CIRCLE
8
BLACK
10
73.2950000000000017
20
-83.5750000000000028
40
0.5
0
LINE
8
BLACK
6
CONTINUOUS
10
72.7950000000000017
20
-85.6149999999999949
11
73.7950000000000017
21
-86.6149999999999949
0
LINE
8
BLACK
6
CONTINUOUS
10
73.7950000000000017
20
-85.6149999999999949
11
72.7950000000000017
21
-86.6149999999999949
0
CIRCLE
8
BLACK
10
73.2950000000000017
20
-86.1149999999999949
40
0.5
0
LINE
8
BLACK
6
CONTINUOUS
10
75.3349999999999937
20
-83.0750000000000028
11
76.3349999999999937
21
-84.0750000000000028
0
LINE
8
BLACK
6
CONTINUOUS
10
76.3349999999999937
20
-83.0750000000000028
11
75.3349999999999937
21
-84.0750000000000028
0
CIRCLE
8
BLACK
10
75.8349999999999937
20
-83.5750000000000028
40
0.5
0
LINE
8
BLACK
6
CONTINUOUS
10
75.3349999999999937
20
-85.6149999999999949
11
76.3349999999999937
21
-86.6149999999999949
0
LINE
8
BLACK
6
CONTINUOUS
10
76.3349999999999937
20
-85.6149999999999949
11
75.3349999999999937
21
-86.6149999999999949
0
CIRCLE
8
BLACK
10
75.8349999999999937
20
-86.1149999999999949
40
0.5
0
LINE
8
BLACK
6
CONTINUOUS
10
77.875
20
-83.0750000000000028
11
78.875
21
-84.0750000000000028
0
LINE
8
BLACK
6
CONTINUOUS
10
78.875
20
-83.0750000000000028
11
77.875
21
-84.0750000000000028
0
CIRCLE
8
BLACK
10
78.375
20
-83.5750000000000028
40
0.5
0
LINE
8
BLACK
6
CONTINUOUS
10
77.875
20
-85.6149999999999949
11
78.875
21
-86.6149999999999949
0
LINE
8
BLACK
6
CONTINUOUS
10
78.875
20
-85.6149999999999949
11
77.875
21
-86.6149999999999949
0
CIRCLE
8
BLACK
10
78.375
20
-86.1149999999999949
40
0.5
0
LINE
8
BLACK
6
CONTINUOUS
10
80.414999999999992
20
-85.6149999999999949
11
81.414999999999992
21
-86.6149999999999949
0
LINE
8
BLACK
6
CONTINUOUS
10
81.414999999999992
20
-85.6149999999999949
11
80.414999999999992
21
-86.6149999999999949
0
CIRCLE
8
BLACK
10
80.914999999999992
20
-86.1149999999999949
40
0.5
0
LINE
8
BLACK
6
CONTINUOUS
10
82.9549999999999983
20
-85.6149999999999949
11
83.9549999999999983
21
-86.6149999999999949
0
LINE
8
BLACK
6
CONTINUOUS
10
83.9549999999999983
20
-85.6149999999999949
11
82.9549999999999983
21
-86.6149999999999949
0
CIRCLE
8
BLACK
10
83.4549999999999983
20
-86.1149999999999949
40
0.5
0
LINE
8
BLACK
6
CONTINUOUS
10
85.4949999999999903
20
-85.6149999999999949
11
86.4949999999999903
21
-86.6149999999999949
0
LINE
8
BLACK
6
CONTINUOUS
10
86.4949999999999903
20
-85.6149999999999949
11
85.4949999999999903
21
-86.6149999999999949
0
CIRCLE
8
BLACK
10
85.9949999999999903
20
-86.1149999999999949
40
0.5
0
LINE
8
BLACK
6
CONTINUOUS
10
88.0349999999999966
20
-83.0750000000000028
11
89.0349999999999966
21
-84.0750000000000028
0
LINE
8
BLACK
6
CONTINUOUS
10
89.0349999999999966
20
-83.0750000000000028
11
88.0349999999999966
21
-84.0750000000000028
0
CIRCLE
8
BLACK
10
88.5349999999999966
20
-83.5750000000000028
40
0.5
0
LINE
8
BLACK
6
CONTINUOUS
10
88.0349999999999966
20
-85.6149999999999949
11
89.0349999999999966
21
-86.6149999999999949
0
LINE
8
BLACK
6
CONTINUOUS
10
89.0349999999999966
20
-85.6149999999999949
11
88.0349999999999966
21
-86.6149999999999949
0
CIRCLE
8
BLACK
10
88.5349999999999966
20
-86.1149999999999949
40
0.5
0
LINE
8
BLACK
6
CONTINUOUS
10
90.5750000000000028
20
-83.0750000000000028
11
91.5750000000000028
21
-84.0750000000000028
0
LINE
8
BLACK
6
CONTINUOUS
10
91.5750000000000028
20
-83.0750000000000028
11
90.5750000000000028
21
-84.0750000000000028
0
CIRCLE
8
BLACK
10
91.0750000000000028
20
-83.5750000000000028
40
0.5
0
LINE
8
BLACK
6
CONTINUOUS
10
90.5750000000000028
20
-85.6149999999999949
11
91.5750000000000028
21
-86.6149999999999949
0
LINE
8
BLACK
6
CONTINUOUS
10
91.5750000000000028
20
-85.6149999999999949
11
90.5750000000000028
21
-86.6149999999999949
0
CIRCLE
8
BLACK
10
91.0750000000000028
20
-86.1149999999999949
40
0.5
0
LINE
8
BLACK
6
CONTINUOUS
10
93.1149999999999949
20
-83.0750000000000028
11
94.1149999999999949
21
-84.0750000000000028
0
LINE
8
BLACK
6
CONTINUOUS
10
94.1149999999999949
20
-83.0750000000000028
11
93.1149999999999949
21
-84.0750000000000028
0
CIRCLE
8
BLACK
10
93.6149999999999949
20
-83.5750000000000028
40
0.5
0
LINE
8
BLACK
6
CONTINUOUS
10
93.1149999999999949
20
-85.6149999999999949
11
94.1149999999999949
21
-86.6149999999999949
0
LINE
8
BLACK
6
CONTINUOUS
10
94.1149999999999949
20
-85.6149999999999949
11
93.1149999999999949
21
-86.6149999999999949
0
CIRCLE
8
BLACK
10
93.6149999999999949
20
-86.1149999999999949
40
0.5
0
LINE
8
BLACK
6
CONTINUOUS
10
95.6550000000000011
20
-83.0750000000000028
11
96.6550000000000011
21
-84.0750000000000028
0
LINE
8
BLACK
6
CONTINUOUS
10
96.6550000000000011
20
-83.0750000000000028
11
95.6550000000000011
21
-84.0750000000000028
0
CIRCLE
8
BLACK
10
96.1550000000000011
20
-83.5750000000000028
40
0.5
0
LINE
8
BLACK
6
CONTINUOUS
10
95.6550000000000011
20
-85.6149999999999949
11
96.6550000000000011
21
-86.6149999999999949
0
LINE
8
BLACK
6
CONTINUOUS
10
96.6550000000000011
20
-85.6149999999999949
11
95.6550000000000011
21
-86.6149999999999949
0
CIRCLE
8
BLACK
10
96.1550000000000011
20
-86.1149999999999949
40
0.5
0
LINE
8
BLACK
6
CONTINUOUS
10
97.8349999999999937
20
-46.1000000000000014
11
98.8349999999999937
21
-47.1000000000000014
0
LINE
8
BLACK
6
CONTINUOUS
10
98.8349999999999937
20
-46.1000000000000014
11
97.8349999999999937
21
-47.1000000000000014
0
CIRCLE
8
BLACK
10
98.3349999999999937
20
-46.6000000000000014
40
0.5
0
LINE
8
BLACK
6
CONTINUOUS
10
97.8599999999999994
20
-37.2449999999999974
11
98.8599999999999994
21
-38.2449999999999974
0
LINE
8
BLACK
6
CONTINUOUS
10
98.8599999999999994
20
-37.2449999999999974
11
97.8599999999999994
21
-38.2449999999999974
0
CIRCLE
8
BLACK
10
98.3599999999999994
20
-37.7449999999999974
40
0.5
0
LINE
8
BLACK
6
CONTINUOUS
10
97.8599999999999994
20
-39.7849999999999966
11
98.8599999999999994
21
-40.7849999999999966
0
LINE
8
BLACK
6
CONTINUOUS
10
98.8599999999999994
20
-39.7849999999999966
11
97.8599999999999994
21
-40.7849999999999966
0
CIRCLE
8
BLACK
10
98.3599999999999994
20
-40.2849999999999966
40
0.5
0
LINE
8
BLACK
6
CONTINUOUS
10
97.8599999999999994
20
-42.3249999999999957
11
98.8599999999999994
21
-43.3249999999999957
0
LINE
8
BLACK
6
CONTINUOUS
10
98.8599999999999994
20
-42.3249999999999957
11
97.8599999999999994
21
-43.3249999999999957
0
CIRCLE
8
BLACK
10
98.3599999999999994
20
-42.8249999999999957
40
0.5
0
LINE
8
BLACK
6
CONTINUOUS
10
98.1949999999999932
20
-83.0750000000000028
11
99.1949999999999932
21
-84.0750000000000028
0
LINE
8
BLACK
6
CONTINUOUS
10
99.1949999999999932
20
-83.0750000000000028
11
98.1949999999999932
21
-84.0750000000000028
0
CIRCLE
8
BLACK
10
98.6949999999999932
20
-83.5750000000000028
40
0.5
0
LINE
8
BLACK
6
CONTINUOUS
10
98.1949999999999932
20
-85.6149999999999949
11
99.1949999999999932
21
-86.6149999999999949
0
LINE
8
BLACK
6
CONTINUOUS
10
99.1949999999999932
20
-85.6149999999999949
11
98.1949999999999932
21
-86.6149999999999949
0
CIRCLE
8
BLACK
10
98.6949999999999932
20
-86.1149999999999949
40
0.5
0
LINE
8
BLACK
6
CONTINUOUS
10
100.375
20
-46.1000000000000014
11
101.375
21
-47.1000000000000014
0
LINE
8
BLACK
6
CONTINUOUS
10
101.375
20
-46.1000000000000014
11
100.375
21
-47.1000000000000014
0
CIRCLE
8
BLACK
10
100.875
20
-46.6000000000000014
40
0.5
0
LINE
8
BLACK
6
CONTINUOUS
10
100.3999999999999915
20
-37.2449999999999974
11
101.3999999999999915
21
-38.2449999999999974
0
LINE
8
BLACK
6
CONTINUOUS
10
101.3999999999999915
20
-37.2449999999999974
11
100.3999999999999915
21
-38.2449999999999974
0
CIRCLE
8
BLACK
10
100.8999999999999915
20
-37.7449999999999974
40
0.5
0
LINE
8
BLACK
6
CONTINUOUS
10
100.3999999999999915
20
-39.7849999999999966
11
101.3999999999999915
21
-40.7849999999999966
0
LINE
8
BLACK
6
CONTINUOUS
10
101.3999999999999915
20
-39.7849999999999966
11
100.3999999999999915
21
-40.7849999999999966
0
CIRCLE
8
BLACK
10
100.8999999999999915
20
-40.2849999999999966
40
0.5
0
LINE
8
BLACK
6
CONTINUOUS
10
100.3999999999999915
20
-42.3249999999999957
11
101.3999999999999915
21
-43.3249999999999957
0
LINE
8
BLACK
6
CONTINUOUS
10
101.3999999999999915
20
-42.3249999999999957
11
100.3999999999999915
21
-43.3249999999999957
0
CIRCLE
8
BLACK
10
100.8999999999999915
20
-42.8249999999999957
40
0.5
0
LINE
8
BLACK
6
CONTINUOUS
10
100.7349999999999994
20
-83.0750000000000028
11
101.7349999999999994
21
-84.0750000000000028
0
LINE
8
BLACK
6
CONTINUOUS
10
101.7349999999999994
20
-83.0750000000000028
11
100.7349999999999994
21
-84.0750000000000028
0
CIRCLE
8
BLACK
10
101.2349999999999994
20
-83.5750000000000028
40
0.5
0
LINE
8
BLACK
6
CONTINUOUS
10
100.7349999999999994
20
-85.6149999999999949
11
101.7349999999999994
21
-86.6149999999999949
0
LINE
8
BLACK
6
CONTINUOUS
10
101.7349999999999994
20
-85.6149999999999949
11
100.7349999999999994
21
-86.6149999999999949
0
CIRCLE
8
BLACK
10
101.2349999999999994
20
-86.1149999999999949
40
0.5
0
LINE
8
BLACK
6
CONTINUOUS
10
52.5999999999999943
20
-82.3999999999999915
11
55.7999999999999972
21
-85.5999999999999943
0
LINE
8
BLACK
6
CONTINUOUS
10
55.7999999999999972
20
-82.3999999999999915
11
52.5999999999999943
21
-85.5999999999999943
0
LINE
8
BLACK
6
CONTINUOUS
10
54.1999999999999957
20
-82.3999999999999915
11
54.1999999999999957
21
-85.5999999999999943
0
LINE
8
BLACK
6
CONTINUOUS
10
52.5999999999999943
20
-84.
11
55.7999999999999972
21
-84.
0
LINE
8
BLACK
6
CONTINUOUS
10
82.0999999999999943
20
-78.3999999999999915
11
85.2999999999999972
21
-81.5999999999999943
0
LINE
8
BLACK
6
CONTINUOUS
10
85.2999999999999972
20
-78.3999999999999915
11
82.0999999999999943
21
-81.5999999999999943
0
LINE
8
BLACK
6
CONTINUOUS
10
83.7000000000000028
20
-78.3999999999999915
11
83.7000000000000028
21
-81.5999999999999943
0
LINE
8
BLACK
6
CONTINUOUS
10
82.0999999999999943
20
-80.
11
85.2999999999999972
21
-80.
0
LINE
8
BLACK
6
CONTINUOUS
10
98.0999999999999943
20
-24.8999999999999986
11
101.2999999999999972
21
-28.0999999999999979
0
LINE
8
BLACK
6
CONTINUOUS
10
101.2999999999999972
20
-24.8999999999999986
11
98.0999999999999943
21
-28.0999999999999979
0
LINE
8
BLACK
6
CONTINUOUS
10
99.6999999999999886
20
-24.8999999999999986
11
99.6999999999999886
21
-28.0999999999999979
0
LINE
8
BLACK
6
CONTINUOUS
10
98.0999999999999943
20
-26.5
11
101.2999999999999972
21
-26.5
0
LINE
8
BLACK
6
CONTINUOUS
10
83.9849999999999994
20
-27.7749999999999986
11
84.6349999999999909
21
-28.4249999999999972
0
LINE
8
BLACK
6
CONTINUOUS
10
84.6349999999999909
20
-27.7749999999999986
11
83.9849999999999994
21
-28.4249999999999972
0
LINE
8
BLACK
6
CONTINUOUS
10
84.5398119999999977
20
-28.3298120000000004
11
84.5398119999999977
21
-27.8701879999999989
0
LINE
8
BLACK
6
CONTINUOUS
10
84.5398119999999977
20
-27.8701879999999989
11
84.0801879999999926
21
-27.8701879999999989
0
LINE
8
BLACK
6
CONTINUOUS
10
84.0801879999999926
20
-27.8701879999999989
11
84.0801879999999926
21
-28.3298120000000004
0
LINE
8
BLACK
6
CONTINUOUS
10
84.0801879999999926
20
-28.3298120000000004
11
84.5398119999999977
21
-28.3298120000000004
0
LINE
8
BLACK
6
CONTINUOUS
10
89.7650000000000006
20
-27.7749999999999986
11
90.414999999999992
21
-28.4249999999999972
0
LINE
8
BLACK
6
CONTINUOUS
10
90.414999999999992
20
-27.7749999999999986
11
89.7650000000000006
21
-28.4249999999999972
0
LINE
8
BLACK
6
CONTINUOUS
10
90.3198119999999989
20
-28.3298120000000004
11
90.3198119999999989
21
-27.8701879999999989
0
LINE
8
BLACK
6
CONTINUOUS
10
90.3198119999999989
20
-27.8701879999999989
11
89.8601879999999937
21
-27.8701879999999989
0
LINE
8
BLACK
6
CONTINUOUS
10
89.8601879999999937
20
-27.8701879999999989
11
89.8601879999999937
21
-28.3298120000000004
0
LINE
8
BLACK
6
CONTINUOUS
10
89.8601879999999937
20
-28.3298120000000004
11
90.3198119999999989
21
-28.3298120000000004
0
LINE
8
BLACK
6
CONTINUOUS
10
52.7477680000000007
20
-91.1748379999999941
11
52.7477680000000007
21
-89.1748379999999941
0
LINE
8
BLACK
6
CONTINUOUS
10
52.7477680000000007
20
-89.1748379999999941
11
53.2239579999999961
21
-89.1748379999999941
0
LINE
8
BLACK
6
CONTINUOUS
10
53.2239579999999961
20
-89.1748379999999941
11
53.5096729999999994
21
-89.2700759999999889
0
LINE
8
BLACK
6
CONTINUOUS
10
53.5096729999999994
20
-89.2700759999999889
11
53.7001489999999961
21
-89.4605519999999927
0
LINE
8
BLACK
6
CONTINUOUS
10
53.7001489999999961
20
-89.4605519999999927
11
53.7953869999999981
21
-89.6510279999999966
0
LINE
8
BLACK
6
CONTINUOUS
10
53.7953869999999981
20
-89.6510279999999966
11
53.890625
21
-90.0319799999999901
0
LINE
8
BLACK
6
CONTINUOUS
10
53.890625
20
-90.0319799999999901
11
53.890625
21
-90.3176950000000005
0
LINE
8
BLACK
6
CONTINUOUS
10
53.890625
20
-90.3176950000000005
11
53.7953869999999981
21
-90.698646999999994
0
LINE
8
BLACK
6
CONTINUOUS
10
53.7953869999999981
20
-90.698646999999994
11
53.7001489999999961
21
-90.8891229999999979
0
LINE
8
BLACK
6
CONTINUOUS
10
53.7001489999999961
20
-90.8891229999999979
11
53.5096729999999994
21
-91.0795999999999992
0
LINE
8
BLACK
6
CONTINUOUS
10
53.5096729999999994
20
-91.0795999999999992
11
53.2239579999999961
21
-91.1748379999999941
0
LINE
8
BLACK
6
CONTINUOUS
10
53.2239579999999961
20
-91.1748379999999941
11
52.7477680000000007
21
-91.1748379999999941
0
LINE
8
BLACK
6
CONTINUOUS
10
54.7477680000000007
20
-91.1748379999999941
11
54.7477680000000007
21
-89.8415040000000005
0
LINE
8
BLACK
6
CONTINUOUS
10
54.7477680000000007
20
-90.2224569999999915
11
54.8430059999999955
21
-90.0319799999999901
0
LINE
8
BLACK
6
CONTINUOUS
10
54.8430059999999955
20
-90.0319799999999901
11
54.9382439999999974
21
-89.9367419999999953
0
LINE
8
BLACK
6
CONTINUOUS
10
54.9382439999999974
20
-89.9367419999999953
11
55.1287199999999942
21
-89.8415040000000005
0
LINE
8
BLACK
6
CONTINUOUS
10
55.1287199999999942
20
-89.8415040000000005
11
55.3191969999999955
21
-89.8415040000000005
0
LINE
8
BLACK
6
CONTINUOUS
10
55.9858629999999948
20
-91.1748379999999941
11
55.9858629999999948
21
-89.8415040000000005
0
LINE
8
BLACK
6
CONTINUOUS
10
55.9858629999999948
20
-89.1748379999999941
11
55.890625
21
-89.2700759999999889
0
LINE
8
BLACK
6
CONTINUOUS
10
55.890625
20
-89.2700759999999889
11
55.9858629999999948
21
-89.3653139999999979
0
LINE
8
BLACK
6
CONTINUOUS
10
55.9858629999999948
20
-89.3653139999999979
11
56.0811009999999968
21
-89.2700759999999889
0
LINE
8
BLACK
6
CONTINUOUS
10
56.0811009999999968
20
-89.2700759999999889
11
55.9858629999999948
21
-89.1748379999999941
0
LINE
8
BLACK
6
CONTINUOUS
10
55.9858629999999948
20
-89.1748379999999941
11
55.9858629999999948
21
-89.3653139999999979
0
LINE
8
BLACK
6
CONTINUOUS
10
57.2239579999999961
20
-91.1748379999999941
11
57.0334819999999993
21
-91.0795999999999992
0
LINE
8
BLACK
6
CONTINUOUS
10
57.0334819999999993
20
-91.0795999999999992
11
56.9382439999999974
21
-90.8891229999999979
0
LINE
8
BLACK
6
CONTINUOUS
10
56.9382439999999974
20
-90.8891229999999979
11
56.9382439999999974
21
-89.1748379999999941
0
LINE
8
BLACK
6
CONTINUOUS
10
58.2715770000000006
20
-91.1748379999999941
11
58.0811009999999968
21
-91.0795999999999992
0
LINE
8
BLACK
6
CONTINUOUS
10
58.0811009999999968
20
-91.0795999999999992
11
57.9858629999999948
21
-90.8891229999999979
0
LINE
8
BLACK
6
CONTINUOUS
10
57.9858629999999948
20
-90.8891229999999979
11
57.9858629999999948
21
-89.1748379999999941
0
LINE
8
BLACK
6
CONTINUOUS
10
60.5572919999999968
20
-91.1748379999999941
11
60.5572919999999968
21
-89.1748379999999941
0
LINE
8
BLACK
6
CONTINUOUS
10
60.5572919999999968
20
-89.1748379999999941
11
61.2239590000000007
21
-90.6034089999999992
0
LINE
8
BLACK
6
CONTINUOUS
10
61.2239590000000007
20
-90.6034089999999992
11
61.890625
21
-89.1748379999999941
0
LINE
8
BLACK
6
CONTINUOUS
10
61.890625
20
-89.1748379999999941
11
61.890625
21
-91.1748379999999941
0
LINE
8
BLACK
6
CONTINUOUS
10
63.7001489999999961
20
-91.1748379999999941
11
63.7001489999999961
21
-90.1272189999999966
0
LINE
8
BLACK
6
CONTINUOUS
10
63.7001489999999961
20
-90.1272189999999966
11
63.6049109999999942
21
-89.9367419999999953
0
LINE
8
BLACK
6
CONTINUOUS
10
63.6049109999999942
20
-89.9367419999999953
11
63.4144349999999974
21
-89.8415040000000005
0
LINE
8
BLACK
6
CONTINUOUS
10
63.4144349999999974
20
-89.8415040000000005
11
63.0334819999999993
21
-89.8415040000000005
0
LINE
8
BLACK
6
CONTINUOUS
10
63.0334819999999993
20
-89.8415040000000005
11
62.8430059999999955
21
-89.9367419999999953
0
LINE
8
BLACK
6
CONTINUOUS
10
63.7001489999999961
20
-91.0795999999999992
11
63.5096729999999994
21
-91.1748379999999941
0
LINE
8
BLACK
6
CONTINUOUS
10
63.5096729999999994
20
-91.1748379999999941
11
63.0334819999999993
21
-91.1748379999999941
0
LINE
8
BLACK
6
CONTINUOUS
10
63.0334819999999993
20
-91.1748379999999941
11
62.8430059999999955
21
-91.0795999999999992
0
LINE
8
BLACK
6
CONTINUOUS
10
62.8430059999999955
20
-91.0795999999999992
11
62.7477680000000007
21
-90.8891229999999979
0
LINE
8
BLACK
6
CONTINUOUS
10
62.7477680000000007
20
-90.8891229999999979
11
62.7477680000000007
21
-90.698646999999994
0
LINE
8
BLACK
6
CONTINUOUS
10
62.7477680000000007
20
-90.698646999999994
11
62.8430059999999955
21
-90.5081709999999902
0
LINE
8
BLACK
6
CONTINUOUS
10
62.8430059999999955
20
-90.5081709999999902
11
63.0334819999999993
21
-90.4129329999999953
0
LINE
8
BLACK
6
CONTINUOUS
10
63.0334819999999993
20
-90.4129329999999953
11
63.5096729999999994
21
-90.4129329999999953
0
LINE
8
BLACK
6
CONTINUOUS
10
63.5096729999999994
20
-90.4129329999999953
11
63.7001489999999961
21
-90.3176950000000005
0
LINE
8
BLACK
6
CONTINUOUS
10
64.6525299999999987
20
-89.8415040000000005
11
64.6525299999999987
21
-91.8415040000000005
0
LINE
8
BLACK
6
CONTINUOUS
10
64.6525299999999987
20
-89.9367419999999953
11
64.8430060000000026
21
-89.8415040000000005
0
LINE
8
BLACK
6
CONTINUOUS
10
64.8430060000000026
20
-89.8415040000000005
11
65.2239589999999936
21
-89.8415040000000005
0
LINE
8
BLACK
6
CONTINUOUS
10
65.2239589999999936
20
-89.8415040000000005
11
65.4144349999999974
21
-89.9367419999999953
0
LINE
8
BLACK
6
CONTINUOUS
10
65.4144349999999974
20
-89.9367419999999953
11
65.5096729999999923
21
-90.0319799999999901
0
LINE
8
BLACK
6
CONTINUOUS
10
65.5096729999999923
20
-90.0319799999999901
11
65.6049110000000013
21
-90.2224569999999915
0
LINE
8
BLACK
6
CONTINUOUS
10
65.6049110000000013
20
-90.2224569999999915
11
65.6049110000000013
21
-90.7938849999999888
0
LINE
8
BLACK
6
CONTINUOUS
10
65.6049110000000013
20
-90.7938849999999888
11
65.5096729999999923
21
-90.9843609999999927
0
LINE
8
BLACK
6
CONTINUOUS
10
65.5096729999999923
20
-90.9843609999999927
11
65.4144349999999974
21
-91.0795999999999992
0
LINE
8
BLACK
6
CONTINUOUS
10
65.4144349999999974
20
-91.0795999999999992
11
65.2239589999999936
21
-91.1748379999999941
0
LINE
8
BLACK
6
CONTINUOUS
10
65.2239589999999936
20
-91.1748379999999941
11
64.8430060000000026
21
-91.1748379999999941
0
LINE
8
BLACK
6
CONTINUOUS
10
64.8430060000000026
20
-91.1748379999999941
11
64.6525299999999987
21
-91.0795999999999992
0
LINE
8
BLACK
6
CONTINUOUS
10
66.4620539999999949
20
-90.9843609999999927
11
66.5572920000000039
21
-91.0795999999999992
0
LINE
8
BLACK
6
CONTINUOUS
10
66.5572920000000039
20
-91.0795999999999992
11
66.4620539999999949
21
-91.1748379999999941
0
LINE
8
BLACK
6
CONTINUOUS
10
66.4620539999999949
20
-91.1748379999999941
11
66.366816
21
-91.0795999999999992
0
LINE
8
BLACK
6
CONTINUOUS
10
66.366816
20
-91.0795999999999992
11
66.4620539999999949
21
-90.9843609999999927
0
LINE
8
BLACK
6
CONTINUOUS
10
66.4620539999999949
20
-90.9843609999999927
11
66.4620539999999949
21
-91.1748379999999941
0
LINE
8
BLACK
6
CONTINUOUS
10
66.4620539999999949
20
-89.9367419999999953
11
66.5572920000000039
21
-90.0319799999999901
0
LINE
8
BLACK
6
CONTINUOUS
10
66.5572920000000039
20
-90.0319799999999901
11
66.4620539999999949
21
-90.1272189999999966
0
LINE
8
BLACK
6
CONTINUOUS
10
66.4620539999999949
20
-90.1272189999999966
11
66.366816
21
-90.0319799999999901
0
LINE
8
BLACK
6
CONTINUOUS
10
66.366816
20
-90.0319799999999901
11
66.4620539999999949
21
-89.9367419999999953
0
LINE
8
BLACK
6
CONTINUOUS
10
66.4620539999999949
20
-89.9367419999999953
11
66.4620539999999949
21
-90.1272189999999966
0
LINE
8
BLACK
6
CONTINUOUS
10
49.8399999999999963
20
-94.3100000000000023
11
50.1400000000000006
21
-94.6099999999999994
0
LINE
8
BLACK
6
CONTINUOUS
10
50.1400000000000006
20
-94.3100000000000023
11
49.8399999999999963
21
-94.6099999999999994
0
LINE
8
BLACK
6
CONTINUOUS
10
53.1287199999999942
20
-93.3748379999999969
11
53.3191969999999955
21
-93.3748379999999969
0
LINE
8
BLACK
6
CONTINUOUS
10
53.3191969999999955
20
-93.3748379999999969
11
53.5096729999999994
21
-93.4700759999999917
0
LINE
8
BLACK
6
CONTINUOUS
10
53.5096729999999994
20
-93.4700759999999917
11
53.6049109999999942
21
-93.5653140000000008
0
LINE
8
BLACK
6
CONTINUOUS
10
53.6049109999999942
20
-93.5653140000000008
11
53.7001489999999961
21
-93.7557899999999904
0
LINE
8
BLACK
6
CONTINUOUS
10
53.7001489999999961
20
-93.7557899999999904
11
53.7953869999999981
21
-94.1367419999999981
0
LINE
8
BLACK
6
CONTINUOUS
10
53.7953869999999981
20
-94.1367419999999981
11
53.7953869999999981
21
-94.6129329999999982
0
LINE
8
BLACK
6
CONTINUOUS
10
53.7953869999999981
20
-94.6129329999999982
11
53.7001489999999961
21
-94.9938849999999917
0
LINE
8
BLACK
6
CONTINUOUS
10
53.7001489999999961
20
-94.9938849999999917
11
53.6049109999999942
21
-95.1843609999999956
0
LINE
8
BLACK
6
CONTINUOUS
10
53.6049109999999942
20
-95.1843609999999956
11
53.5096729999999994
21
-95.2796000000000021
0
LINE
8
BLACK
6
CONTINUOUS
10
53.5096729999999994
20
-95.2796000000000021
11
53.3191969999999955
21
-95.3748379999999969
0
LINE
8
BLACK
6
CONTINUOUS
10
53.3191969999999955
20
-95.3748379999999969
11
53.1287199999999942
21
-95.3748379999999969
0
LINE
8
BLACK
6
CONTINUOUS
10
53.1287199999999942
20
-95.3748379999999969
11
52.9382439999999974
21
-95.2796000000000021
0
LINE
8
BLACK
6
CONTINUOUS
10
52.9382439999999974
20
-95.2796000000000021
11
52.8430059999999955
21
-95.1843609999999956
0
LINE
8
BLACK
6
CONTINUOUS
10
52.8430059999999955
20
-95.1843609999999956
11
52.7477680000000007
21
-94.9938849999999917
0
LINE
8
BLACK
6
CONTINUOUS
10
52.7477680000000007
20
-94.9938849999999917
11
52.6525299999999987
21
-94.6129329999999982
0
LINE
8
BLACK
6
CONTINUOUS
10
52.6525299999999987
20
-94.6129329999999982
11
52.6525299999999987
21
-94.1367419999999981
0
LINE
8
BLACK
6
CONTINUOUS
10
52.6525299999999987
20
-94.1367419999999981
11
52.7477680000000007
21
-93.7557899999999904
0
LINE
8
BLACK
6
CONTINUOUS
10
52.7477680000000007
20
-93.7557899999999904
11
52.8430059999999955
21
-93.5653140000000008
0
LINE
8
BLACK
6
CONTINUOUS
10
52.8430059999999955
20
-93.5653140000000008
11
52.9382439999999974
21
-93.4700759999999917
0
LINE
8
BLACK
6
CONTINUOUS
10
52.9382439999999974
20
-93.4700759999999917
11
53.1287199999999942
21
-93.3748379999999969
0
LINE
8
BLACK
6
CONTINUOUS
10
54.6525299999999987
20
-95.1843609999999956
11
54.7477680000000007
21
-95.2796000000000021
0
LINE
8
BLACK
6
CONTINUOUS
10
54.7477680000000007
20
-95.2796000000000021
11
54.6525299999999987
21
-95.3748379999999969
0
LINE
8
BLACK
6
CONTINUOUS
10
54.6525299999999987
20
-95.3748379999999969
11
54.5572919999999968
21
-95.2796000000000021
0
LINE
8
BLACK
6
CONTINUOUS
10
54.5572919999999968
20
-95.2796000000000021
11
54.6525299999999987
21
-95.1843609999999956
0
LINE
8
BLACK
6
CONTINUOUS
10
54.6525299999999987
20
-95.1843609999999956
11
54.6525299999999987
21
-95.3748379999999969
0
LINE
8
BLACK
6
CONTINUOUS
10
55.4144349999999974
20
-93.3748379999999969
11
56.6525299999999987
21
-93.3748379999999969
0
LINE
8
BLACK
6
CONTINUOUS
10
56.6525299999999987
20
-93.3748379999999969
11
55.9858629999999948
21
-94.1367419999999981
0
LINE
8
BLACK
6
CONTINUOUS
10
55.9858629999999948
20
-94.1367419999999981
11
56.2715779999999981
21
-94.1367419999999981
0
LINE
8
BLACK
6
CONTINUOUS
10
56.2715779999999981
20
-94.1367419999999981
11
56.4620539999999949
21
-94.231979999999993
0
LINE
8
BLACK
6
CONTINUOUS
10
56.4620539999999949
20
-94.231979999999993
11
56.5572919999999968
21
-94.3272189999999995
0
LINE
8
BLACK
6
CONTINUOUS
10
56.5572919999999968
20
-94.3272189999999995
11
56.6525299999999987
21
-94.5176949999999891
0
LINE
8
BLACK
6
CONTINUOUS
10
56.6525299999999987
20
-94.5176949999999891
11
56.6525299999999987
21
-94.9938849999999917
0
LINE
8
BLACK
6
CONTINUOUS
10
56.6525299999999987
20
-94.9938849999999917
11
56.5572919999999968
21
-95.1843609999999956
0
LINE
8
BLACK
6
CONTINUOUS
10
56.5572919999999968
20
-95.1843609999999956
11
56.4620539999999949
21
-95.2796000000000021
0
LINE
8
BLACK
6
CONTINUOUS
10
56.4620539999999949
20
-95.2796000000000021
11
56.2715779999999981
21
-95.3748379999999969
0
LINE
8
BLACK
6
CONTINUOUS
10
56.2715779999999981
20
-95.3748379999999969
11
55.7001489999999961
21
-95.3748379999999969
0
LINE
8
BLACK
6
CONTINUOUS
10
55.7001489999999961
20
-95.3748379999999969
11
55.5096729999999994
21
-95.2796000000000021
0
LINE
8
BLACK
6
CONTINUOUS
10
55.5096729999999994
20
-95.2796000000000021
11
55.4144349999999974
21
-95.1843609999999956
0
LINE
8
BLACK
6
CONTINUOUS
10
57.890625
20
-93.3748379999999969
11
58.0811019999999942
21
-93.3748379999999969
0
LINE
8
BLACK
6
CONTINUOUS
10
58.0811019999999942
20
-93.3748379999999969
11
58.2715779999999981
21
-93.4700759999999917
0
LINE
8
BLACK
6
CONTINUOUS
10
58.2715779999999981
20
-93.4700759999999917
11
58.366816
21
-93.5653140000000008
0
LINE
8
BLACK
6
CONTINUOUS
10
58.366816
20
-93.5653140000000008
11
58.4620539999999949
21
-93.7557899999999904
0
LINE
8
BLACK
6
CONTINUOUS
10
58.4620539999999949
20
-93.7557899999999904
11
58.5572919999999968
21
-94.1367419999999981
0
LINE
8
BLACK
6
CONTINUOUS
10
58.5572919999999968
20
-94.1367419999999981
11
58.5572919999999968
21
-94.6129329999999982
0
LINE
8
BLACK
6
CONTINUOUS
10
58.5572919999999968
20
-94.6129329999999982
11
58.4620539999999949
21
-94.9938849999999917
0
LINE
8
BLACK
6
CONTINUOUS
10
58.4620539999999949
20
-94.9938849999999917
11
58.366816
21
-95.1843609999999956
0
LINE
8
BLACK
6
CONTINUOUS
10
58.366816
20
-95.1843609999999956
11
58.2715779999999981
21
-95.2796000000000021
0
LINE
8
BLACK
6
CONTINUOUS
10
58.2715779999999981
20
-95.2796000000000021
11
58.0811019999999942
21
-95.3748379999999969
0
LINE
8
BLACK
6
CONTINUOUS
10
58.0811019999999942
20
-95.3748379999999969
11
57.890625
21
-95.3748379999999969
0
LINE
8
BLACK
6
CONTINUOUS
10
57.890625
20
-95.3748379999999969
11
57.7001489999999961
21
-95.2796000000000021
0
LINE
8
BLACK
6
CONTINUOUS
10
57.7001489999999961
20
-95.2796000000000021
11
57.6049109999999942
21
-95.1843609999999956
0
LINE
8
BLACK
6
CONTINUOUS
10
57.6049109999999942
20
-95.1843609999999956
11
57.5096729999999994
21
-94.9938849999999917
0
LINE
8
BLACK
6
CONTINUOUS
10
57.5096729999999994
20
-94.9938849999999917
11
57.4144349999999974
21
-94.6129329999999982
0
LINE
8
BLACK
6
CONTINUOUS
10
57.4144349999999974
20
-94.6129329999999982
11
57.4144349999999974
21
-94.1367419999999981
0
LINE
8
BLACK
6
CONTINUOUS
10
57.4144349999999974
20
-94.1367419999999981
11
57.5096729999999994
21
-93.7557899999999904
0
LINE
8
BLACK
6
CONTINUOUS
10
57.5096729999999994
20
-93.7557899999999904
11
57.6049109999999942
21
-93.5653140000000008
0
LINE
8
BLACK
6
CONTINUOUS
10
57.6049109999999942
20
-93.5653140000000008
11
57.7001489999999961
21
-93.4700759999999917
0
LINE
8
BLACK
6
CONTINUOUS
10
57.7001489999999961
20
-93.4700759999999917
11
57.890625
21
-93.3748379999999969
0
LINE
8
BLACK
6
CONTINUOUS
10
59.7953869999999981
20
-93.3748379999999969
11
59.9858639999999994
21
-93.3748379999999969
0
LINE
8
BLACK
6
CONTINUOUS
10
59.9858639999999994
20
-93.3748379999999969
11
60.1763399999999962
21
-93.4700759999999917
0
LINE
8
BLACK
6
CONTINUOUS
10
60.1763399999999962
20
-93.4700759999999917
11
60.2715779999999981
21
-93.5653140000000008
0
LINE
8
BLACK
6
CONTINUOUS
10
60.2715779999999981
20
-93.5653140000000008
11
60.366816
21
-93.7557899999999904
0
LINE
8
BLACK
6
CONTINUOUS
10
60.366816
20
-93.7557899999999904
11
60.4620539999999949
21
-94.1367419999999981
0
LINE
8
BLACK
6
CONTINUOUS
10
60.4620539999999949
20
-94.1367419999999981
11
60.4620539999999949
21
-94.6129329999999982
0
LINE
8
BLACK
6
CONTINUOUS
10
60.4620539999999949
20
-94.6129329999999982
11
60.366816
21
-94.9938849999999917
0
LINE
8
BLACK
6
CONTINUOUS
10
60.366816
20
-94.9938849999999917
11
60.2715779999999981
21
-95.1843609999999956
0
LINE
8
BLACK
6
CONTINUOUS
10
60.2715779999999981
20
-95.1843609999999956
11
60.1763399999999962
21
-95.2796000000000021
0
LINE
8
BLACK
6
CONTINUOUS
10
60.1763399999999962
20
-95.2796000000000021
11
59.9858639999999994
21
-95.3748379999999969
0
LINE
8
BLACK
6
CONTINUOUS
10
59.9858639999999994
20
-95.3748379999999969
11
59.7953869999999981
21
-95.3748379999999969
0
LINE
8
BLACK
6
CONTINUOUS
10
59.7953869999999981
20
-95.3748379999999969
11
59.6049109999999942
21
-95.2796000000000021
0
LINE
8
BLACK
6
CONTINUOUS
10
59.6049109999999942
20
-95.2796000000000021
11
59.5096729999999994
21
-95.1843609999999956
0
LINE
8
BLACK
6
CONTINUOUS
10
59.5096729999999994
20
-95.1843609999999956
11
59.4144349999999974
21
-94.9938849999999917
0
LINE
8
BLACK
6
CONTINUOUS
10
59.4144349999999974
20
-94.9938849999999917
11
59.3191969999999955
21
-94.6129329999999982
0
LINE
8
BLACK
6
CONTINUOUS
10
59.3191969999999955
20
-94.6129329999999982
11
59.3191969999999955
21
-94.1367419999999981
0
LINE
8
BLACK
6
CONTINUOUS
10
59.3191969999999955
20
-94.1367419999999981
11
59.4144349999999974
21
-93.7557899999999904
0
LINE
8
BLACK
6
CONTINUOUS
10
59.4144349999999974
20
-93.7557899999999904
11
59.5096729999999994
21
-93.5653140000000008
0
LINE
8
BLACK
6
CONTINUOUS
10
59.5096729999999994
20
-93.5653140000000008
11
59.6049109999999942
21
-93.4700759999999917
0
LINE
8
BLACK
6
CONTINUOUS
10
59.6049109999999942
20
-93.4700759999999917
11
59.7953869999999981
21
-93.3748379999999969
0
LINE
8
BLACK
6
CONTINUOUS
10
61.3191969999999955
20
-95.3748379999999969
11
61.3191969999999955
21
-94.0415039999999891
0
LINE
8
BLACK
6
CONTINUOUS
10
61.3191969999999955
20
-94.231979999999993
11
61.4144349999999974
21
-94.1367419999999981
0
LINE
8
BLACK
6
CONTINUOUS
10
61.4144349999999974
20
-94.1367419999999981
11
61.6049109999999942
21
-94.0415039999999891
0
LINE
8
BLACK
6
CONTINUOUS
10
61.6049109999999942
20
-94.0415039999999891
11
61.8906259999999975
21
-94.0415039999999891
0
LINE
8
BLACK
6
CONTINUOUS
10
61.8906259999999975
20
-94.0415039999999891
11
62.0811019999999942
21
-94.1367419999999981
0
LINE
8
BLACK
6
CONTINUOUS
10
62.0811019999999942
20
-94.1367419999999981
11
62.1763399999999962
21
-94.3272189999999995
0
LINE
8
BLACK
6
CONTINUOUS
10
62.1763399999999962
20
-94.3272189999999995
11
62.1763399999999962
21
-95.3748379999999969
0
LINE
8
BLACK
6
CONTINUOUS
10
62.1763399999999962
20
-94.3272189999999995
11
62.2715779999999981
21
-94.1367419999999981
0
LINE
8
BLACK
6
CONTINUOUS
10
62.2715779999999981
20
-94.1367419999999981
11
62.4620539999999949
21
-94.0415039999999891
0
LINE
8
BLACK
6
CONTINUOUS
10
62.4620539999999949
20
-94.0415039999999891
11
62.7477680000000007
21
-94.0415039999999891
0
LINE
8
BLACK
6
CONTINUOUS
10
62.7477680000000007
20
-94.0415039999999891
11
62.9382449999999949
21
-94.1367419999999981
0
LINE
8
BLACK
6
CONTINUOUS
10
62.9382449999999949
20
-94.1367419999999981
11
63.0334829999999968
21
-94.3272189999999995
0
LINE
8
BLACK
6
CONTINUOUS
10
63.0334829999999968
20
-94.3272189999999995
11
63.0334829999999968
21
-95.3748379999999969
0
LINE
8
BLACK
6
CONTINUOUS
10
63.9858639999999994
20
-95.3748379999999969
11
63.9858639999999994
21
-94.0415039999999891
0
LINE
8
BLACK
6
CONTINUOUS
10
63.9858639999999994
20
-94.231979999999993
11
64.0811020000000013
21
-94.1367419999999981
0
LINE
8
BLACK
6
CONTINUOUS
10
64.0811020000000013
20
-94.1367419999999981
11
64.271577999999991
21
-94.0415039999999891
0
LINE
8
BLACK
6
CONTINUOUS
10
64.271577999999991
20
-94.0415039999999891
11
64.5572930000000014
21
-94.0415039999999891
0
LINE
8
BLACK
6
CONTINUOUS
10
64.5572930000000014
20
-94.0415039999999891
11
64.747768999999991
21
-94.1367419999999981
0
LINE
8
BLACK
6
CONTINUOUS
10
64.747768999999991
20
-94.1367419999999981
11
64.8430070000000001
21
-94.3272189999999995
0
LINE
8
BLACK
6
CONTINUOUS
10
64.8430070000000001
20
-94.3272189999999995
11
64.8430070000000001
21
-95.3748379999999969
0
LINE
8
BLACK
6
CONTINUOUS
10
64.8430070000000001
20
-94.3272189999999995
11
64.9382449999999949
21
-94.1367419999999981
0
LINE
8
BLACK
6
CONTINUOUS
10
64.9382449999999949
20
-94.1367419999999981
11
65.1287209999999988
21
-94.0415039999999891
0
LINE
8
BLACK
6
CONTINUOUS
10
65.1287209999999988
20
-94.0415039999999891
11
65.4144349999999974
21
-94.0415039999999891
0
LINE
8
BLACK
6
CONTINUOUS
10
65.4144349999999974
20
-94.0415039999999891
11
65.6049119999999988
21
-94.1367419999999981
0
LINE
8
BLACK
6
CONTINUOUS
10
65.6049119999999988
20
-94.1367419999999981
11
65.7001499999999936
21
-94.3272189999999995
0
LINE
8
BLACK
6
CONTINUOUS
10
65.7001499999999936
20
-94.3272189999999995
11
65.7001499999999936
21
-95.3748379999999969
0
LINE
8
BLACK
6
CONTINUOUS
10
69.6049119999999988
20
-93.2796000000000021
11
67.890626999999995
21
-95.8510279999999995
0
LINE
8
BLACK
6
CONTINUOUS
10
72.1763409999999936
20
-93.3748379999999969
11
72.366817999999995
21
-93.3748379999999969
0
LINE
8
BLACK
6
CONTINUOUS
10
72.366817999999995
20
-93.3748379999999969
11
72.5572939999999988
21
-93.4700759999999917
0
LINE
8
BLACK
6
CONTINUOUS
10
72.5572939999999988
20
-93.4700759999999917
11
72.6525319999999937
21
-93.5653140000000008
0
LINE
8
BLACK
6
CONTINUOUS
10
72.6525319999999937
20
-93.5653140000000008
11
72.7477700000000027
21
-93.7557899999999904
0
LINE
8
BLACK
6
CONTINUOUS
10
72.7477700000000027
20
-93.7557899999999904
11
72.8430079999999975
21
-94.1367419999999981
0
LINE
8
BLACK
6
CONTINUOUS
10
72.8430079999999975
20
-94.1367419999999981
11
72.8430079999999975
21
-94.6129329999999982
0
LINE
8
BLACK
6
CONTINUOUS
10
72.8430079999999975
20
-94.6129329999999982
11
72.7477700000000027
21
-94.9938849999999917
0
LINE
8
BLACK
6
CONTINUOUS
10
72.7477700000000027
20
-94.9938849999999917
11
72.6525319999999937
21
-95.1843609999999956
0
LINE
8
BLACK
6
CONTINUOUS
10
72.6525319999999937
20
-95.1843609999999956
11
72.5572939999999988
21
-95.2796000000000021
0
LINE
8
BLACK
6
CONTINUOUS
10
72.5572939999999988
20
-95.2796000000000021
11
72.366817999999995
21
-95.3748379999999969
0
LINE
8
BLACK
6
CONTINUOUS
10
72.366817999999995
20
-95.3748379999999969
11
72.1763409999999936
21
-95.3748379999999969
0
LINE
8
BLACK
6
CONTINUOUS
10
72.1763409999999936
20
-95.3748379999999969
11
71.9858649999999898
21
-95.2796000000000021
0
LINE
8
BLACK
6
CONTINUOUS
10
71.9858649999999898
20
-95.2796000000000021
11
71.890626999999995
21
-95.1843609999999956
0
LINE
8
BLACK
6
CONTINUOUS
10
71.890626999999995
20
-95.1843609999999956
11
71.7953890000000001
21
-94.9938849999999917
0
LINE
8
BLACK
6
CONTINUOUS
10
71.7953890000000001
20
-94.9938849999999917
11
71.7001509999999911
21
-94.6129329999999982
0
LINE
8
BLACK
6
CONTINUOUS
10
71.7001509999999911
20
-94.6129329999999982
11
71.7001509999999911
21
-94.1367419999999981
0
LINE
8
BLACK
6
CONTINUOUS
10
71.7001509999999911
20
-94.1367419999999981
11
71.7953890000000001
21
-93.7557899999999904
0
LINE
8
BLACK
6
CONTINUOUS
10
71.7953890000000001
20
-93.7557899999999904
11
71.890626999999995
21
-93.5653140000000008
0
LINE
8
BLACK
6
CONTINUOUS
10
71.890626999999995
20
-93.5653140000000008
11
71.9858649999999898
21
-93.4700759999999917
0
LINE
8
BLACK
6
CONTINUOUS
10
71.9858649999999898
20
-93.4700759999999917
11
72.1763409999999936
21
-93.3748379999999969
0
LINE
8
BLACK
6
CONTINUOUS
10
73.7001509999999911
20
-95.1843609999999956
11
73.7953890000000001
21
-95.2796000000000021
0
LINE
8
BLACK
6
CONTINUOUS
10
73.7953890000000001
20
-95.2796000000000021
11
73.7001509999999911
21
-95.3748379999999969
0
LINE
8
BLACK
6
CONTINUOUS
10
73.7001509999999911
20
-95.3748379999999969
11
73.6049129999999963
21
-95.2796000000000021
0
LINE
8
BLACK
6
CONTINUOUS
10
73.6049129999999963
20
-95.2796000000000021
11
73.7001509999999911
21
-95.1843609999999956
0
LINE
8
BLACK
6
CONTINUOUS
10
73.7001509999999911
20
-95.1843609999999956
11
73.7001509999999911
21
-95.3748379999999969
0
LINE
8
BLACK
6
CONTINUOUS
10
75.0334840000000014
20
-93.3748379999999969
11
75.2239610000000027
21
-93.3748379999999969
0
LINE
8
BLACK
6
CONTINUOUS
10
75.2239610000000027
20
-93.3748379999999969
11
75.4144369999999924
21
-93.4700759999999917
0
LINE
8
BLACK
6
CONTINUOUS
10
75.4144369999999924
20
-93.4700759999999917
11
75.5096750000000014
21
-93.5653140000000008
0
LINE
8
BLACK
6
CONTINUOUS
10
75.5096750000000014
20
-93.5653140000000008
11
75.6049129999999963
21
-93.7557899999999904
0
LINE
8
BLACK
6
CONTINUOUS
10
75.6049129999999963
20
-93.7557899999999904
11
75.7001509999999911
21
-94.1367419999999981
0
LINE
8
BLACK
6
CONTINUOUS
10
75.7001509999999911
20
-94.1367419999999981
11
75.7001509999999911
21
-94.6129329999999982
0
LINE
8
BLACK
6
CONTINUOUS
10
75.7001509999999911
20
-94.6129329999999982
11
75.6049129999999963
21
-94.9938849999999917
0
LINE
8
BLACK
6
CONTINUOUS
10
75.6049129999999963
20
-94.9938849999999917
11
75.5096750000000014
21
-95.1843609999999956
0
LINE
8
BLACK
6
CONTINUOUS
10
75.5096750000000014
20
-95.1843609999999956
11
75.4144369999999924
21
-95.2796000000000021
0
LINE
8
BLACK
6
CONTINUOUS
10
75.4144369999999924
20
-95.2796000000000021
11
75.2239610000000027
21
-95.3748379999999969
0
LINE
8
BLACK
6
CONTINUOUS
10
75.2239610000000027
20
-95.3748379999999969
11
75.0334840000000014
21
-95.3748379999999969
0
LINE
8
BLACK
6
CONTINUOUS
10
75.0334840000000014
20
-95.3748379999999969
11
74.8430079999999975
21
-95.2796000000000021
0
LINE
8
BLACK
6
CONTINUOUS
10
74.8430079999999975
20
-95.2796000000000021
11
74.7477700000000027
21
-95.1843609999999956
0
LINE
8
BLACK
6
CONTINUOUS
10
74.7477700000000027
20
-95.1843609999999956
11
74.6525319999999937
21
-94.9938849999999917
0
LINE
8
BLACK
6
CONTINUOUS
10
74.6525319999999937
20
-94.9938849999999917
11
74.5572939999999988
21
-94.6129329999999982
0
LINE
8
BLACK
6
CONTINUOUS
10
74.5572939999999988
20
-94.6129329999999982
11
74.5572939999999988
21
-94.1367419999999981
0
LINE
8
BLACK
6
CONTINUOUS
10
74.5572939999999988
20
-94.1367419999999981
11
74.6525319999999937
21
-93.7557899999999904
0
LINE
8
BLACK
6
CONTINUOUS
10
74.6525319999999937
20
-93.7557899999999904
11
74.7477700000000027
21
-93.5653140000000008
0
LINE
8
BLACK
6
CONTINUOUS
10
74.7477700000000027
20
-93.5653140000000008
11
74.8430079999999975
21
-93.4700759999999917
0
LINE
8
BLACK
6
CONTINUOUS
10
74.8430079999999975
20
-93.4700759999999917
11
75.0334840000000014
21
-93.3748379999999969
0
LINE
8
BLACK
6
CONTINUOUS
10
77.6049129999999963
20
-95.3748379999999969
11
76.4620559999999898
21
-95.3748379999999969
0
LINE
8
BLACK
6
CONTINUOUS
10
77.0334840000000014
20
-95.3748379999999969
11
77.0334840000000014
21
-93.3748379999999969
0
LINE
8
BLACK
6
CONTINUOUS
10
77.0334840000000014
20
-93.3748379999999969
11
76.8430079999999975
21
-93.6605519999999956
0
LINE
8
BLACK
6
CONTINUOUS
10
76.8430079999999975
20
-93.6605519999999956
11
76.6525319999999937
21
-93.8510279999999995
0
LINE
8
BLACK
6
CONTINUOUS
10
76.6525319999999937
20
-93.8510279999999995
11
76.4620559999999898
21
-93.9462659999999943
0
LINE
8
BLACK
6
CONTINUOUS
10
79.5096750000000014
20
-95.3748379999999969
11
78.366817999999995
21
-95.3748379999999969
0
LINE
8
BLACK
6
CONTINUOUS
10
78.9382459999999924
20
-95.3748379999999969
11
78.9382459999999924
21
-93.3748379999999969
0
LINE
8
BLACK
6
CONTINUOUS
10
78.9382459999999924
20
-93.3748379999999969
11
78.7477700000000027
21
-93.6605519999999956
0
LINE
8
BLACK
6
CONTINUOUS
10
78.7477700000000027
20
-93.6605519999999956
11
78.5572939999999988
21
-93.8510279999999995
0
LINE
8
BLACK
6
CONTINUOUS
10
78.5572939999999988
20
-93.8510279999999995
11
78.366817999999995
21
-93.9462659999999943
0
LINE
8
BLACK
6
CONTINUOUS
10
80.6525319999999937
20
-94.231979999999993
11
80.4620559999999898
21
-94.1367419999999981
0
LINE
8
BLACK
6
CONTINUOUS
10
80.4620559999999898
20
-94.1367419999999981
11
80.366817999999995
21
-94.0415039999999891
0
LINE
8
BLACK
6
CONTINUOUS
10
80.366817999999995
20
-94.0415039999999891
11
80.2715800000000002
21
-93.8510279999999995
0
LINE
8
BLACK
6
CONTINUOUS
10
80.2715800000000002
20
-93.8510279999999995
11
80.2715800000000002
21
-93.7557899999999904
0
LINE
8
BLACK
6
CONTINUOUS
10
80.2715800000000002
20
-93.7557899999999904
11
80.366817999999995
21
-93.5653140000000008
0
LINE
8
BLACK
6
CONTINUOUS
10
80.366817999999995
20
-93.5653140000000008
11
80.4620559999999898
21
-93.4700759999999917
0
LINE
8
BLACK
6
CONTINUOUS
10
80.4620559999999898
20
-93.4700759999999917
11
80.6525319999999937
21
-93.3748379999999969
0
LINE
8
BLACK
6
CONTINUOUS
10
80.6525319999999937
20
-93.3748379999999969
11
81.0334849999999989
21
-93.3748379999999969
0
LINE
8
BLACK
6
CONTINUOUS
10
81.0334849999999989
20
-93.3748379999999969
11
81.2239610000000027
21
-93.4700759999999917
0
LINE
8
BLACK
6
CONTINUOUS
10
81.2239610000000027
20
-93.4700759999999917
11
81.3191989999999976
21
-93.5653140000000008
0
LINE
8
BLACK
6
CONTINUOUS
10
81.3191989999999976
20
-93.5653140000000008
11
81.4144369999999924
21
-93.7557899999999904
0
LINE
8
BLACK
6
CONTINUOUS
10
81.4144369999999924
20
-93.7557899999999904
11
81.4144369999999924
21
-93.8510279999999995
0
LINE
8
BLACK
6
CONTINUOUS
10
81.4144369999999924
20
-93.8510279999999995
11
81.3191989999999976
21
-94.0415039999999891
0
LINE
8
BLACK
6
CONTINUOUS
10
81.3191989999999976
20
-94.0415039999999891
11
81.2239610000000027
21
-94.1367419999999981
0
LINE
8
BLACK
6
CONTINUOUS
10
81.2239610000000027
20
-94.1367419999999981
11
81.0334849999999989
21
-94.231979999999993
0
LINE
8
BLACK
6
CONTINUOUS
10
81.0334849999999989
20
-94.231979999999993
11
80.6525319999999937
21
-94.231979999999993
0
LINE
8
BLACK
6
CONTINUOUS
10
80.6525319999999937
20
-94.231979999999993
11
80.4620559999999898
21
-94.3272189999999995
0
LINE
8
BLACK
6
CONTINUOUS
10
80.4620559999999898
20
-94.3272189999999995
11
80.366817999999995
21
-94.4224569999999943
0
LINE
8
BLACK
6
CONTINUOUS
10
80.366817999999995
20
-94.4224569999999943
11
80.2715800000000002
21
-94.6129329999999982
0
LINE
8
BLACK
6
CONTINUOUS
10
80.2715800000000002
20
-94.6129329999999982
11
80.2715800000000002
21
-94.9938849999999917
0
LINE
8
BLACK
6
CONTINUOUS
10
80.2715800000000002
20
-94.9938849999999917
11
80.366817999999995
21
-95.1843609999999956
0
LINE
8
BLACK
6
CONTINUOUS
10
80.366817999999995
20
-95.1843609999999956
11
80.4620559999999898
21
-95.2796000000000021
0
LINE
8
BLACK
6
CONTINUOUS
10
80.4620559999999898
20
-95.2796000000000021
11
80.6525319999999937
21
-95.3748379999999969
0
LINE
8
BLACK
6
CONTINUOUS
10
80.6525319999999937
20
-95.3748379999999969
11
81.0334849999999989
21
-95.3748379999999969
0
LINE
8
BLACK
6
CONTINUOUS
10
81.0334849999999989
20
-95.3748379999999969
11
81.2239610000000027
21
-95.2796000000000021
0
LINE
8
BLACK
6
CONTINUOUS
10
81.2239610000000027
20
-95.2796000000000021
11
81.3191989999999976
21
-95.1843609999999956
0
LINE
8
BLACK
6
CONTINUOUS
10
81.3191989999999976
20
-95.1843609999999956
11
81.4144369999999924
21
-94.9938849999999917
0
LINE
8
BLACK
6
CONTINUOUS
10
81.4144369999999924
20
-94.9938849999999917
11
81.4144369999999924
21
-94.6129329999999982
0
LINE
8
BLACK
6
CONTINUOUS
10
81.4144369999999924
20
-94.6129329999999982
11
81.3191989999999976
21
-94.4224569999999943
0
LINE
8
BLACK
6
CONTINUOUS
10
81.3191989999999976
20
-94.4224569999999943
11
81.2239610000000027
21
-94.3272189999999995
0
LINE
8
BLACK
6
CONTINUOUS
10
81.2239610000000027
20
-94.3272189999999995
11
81.0334849999999989
21
-94.231979999999993
0
LINE
8
BLACK
6
CONTINUOUS
10
82.1763419999999911
20
-93.3748379999999969
11
82.1763419999999911
21
-93.7557899999999904
0
LINE
8
BLACK
6
CONTINUOUS
10
82.9382469999999898
20
-93.3748379999999969
11
82.9382469999999898
21
-93.7557899999999904
0
LINE
8
BLACK
6
CONTINUOUS
10
85.8906289999999899
20
-96.1367419999999981
11
85.7953899999999976
21
-96.0415039999999891
0
LINE
8
BLACK
6
CONTINUOUS
10
85.7953899999999976
20
-96.0415039999999891
11
85.6049139999999937
21
-95.7557899999999904
0
LINE
8
BLACK
6
CONTINUOUS
10
85.6049139999999937
20
-95.7557899999999904
11
85.5096759999999989
21
-95.5653140000000008
0
LINE
8
BLACK
6
CONTINUOUS
10
85.5096759999999989
20
-95.5653140000000008
11
85.4144379999999899
21
-95.2796000000000021
0
LINE
8
BLACK
6
CONTINUOUS
10
85.4144379999999899
20
-95.2796000000000021
11
85.319199999999995
21
-94.803409000000002
0
LINE
8
BLACK
6
CONTINUOUS
10
85.319199999999995
20
-94.803409000000002
11
85.319199999999995
21
-94.4224569999999943
0
LINE
8
BLACK
6
CONTINUOUS
10
85.319199999999995
20
-94.4224569999999943
11
85.4144379999999899
21
-93.9462659999999943
0
LINE
8
BLACK
6
CONTINUOUS
10
85.4144379999999899
20
-93.9462659999999943
11
85.5096759999999989
21
-93.6605519999999956
0
LINE
8
BLACK
6
CONTINUOUS
10
85.5096759999999989
20
-93.6605519999999956
11
85.6049139999999937
21
-93.4700759999999917
0
LINE
8
BLACK
6
CONTINUOUS
10
85.6049139999999937
20
-93.4700759999999917
11
85.7953899999999976
21
-93.1843609999999956
0
LINE
8
BLACK
6
CONTINUOUS
10
85.7953899999999976
20
-93.1843609999999956
11
85.8906289999999899
21
-93.0891230000000007
0
LINE
8
BLACK
6
CONTINUOUS
10
87.7001520000000028
20
-95.3748379999999969
11
86.5572949999999963
21
-95.3748379999999969
0
LINE
8
BLACK
6
CONTINUOUS
10
87.1287229999999937
20
-95.3748379999999969
11
87.1287229999999937
21
-93.3748379999999969
0
LINE
8
BLACK
6
CONTINUOUS
10
87.1287229999999937
20
-93.3748379999999969
11
86.9382469999999898
21
-93.6605519999999956
0
LINE
8
BLACK
6
CONTINUOUS
10
86.9382469999999898
20
-93.6605519999999956
11
86.7477710000000002
21
-93.8510279999999995
0
LINE
8
BLACK
6
CONTINUOUS
10
86.7477710000000002
20
-93.8510279999999995
11
86.5572949999999963
21
-93.9462659999999943
0
LINE
8
BLACK
6
CONTINUOUS
10
88.3668189999999925
20
-93.3748379999999969
11
89.7001520000000028
21
-93.3748379999999969
0
LINE
8
BLACK
6
CONTINUOUS
10
89.7001520000000028
20
-93.3748379999999969
11
88.843008999999995
21
-95.3748379999999969
0
LINE
8
BLACK
6
CONTINUOUS
10
90.7477710000000002
20
-94.231979999999993
11
90.5572949999999963
21
-94.1367419999999981
0
LINE
8
BLACK
6
CONTINUOUS
10
90.5572949999999963
20
-94.1367419999999981
11
90.4620570000000015
21
-94.0415039999999891
0
LINE
8
BLACK
6
CONTINUOUS
10
90.4620570000000015
20
-94.0415039999999891
11
90.3668189999999925
21
-93.8510279999999995
0
LINE
8
BLACK
6
CONTINUOUS
10
90.3668189999999925
20
-93.8510279999999995
11
90.3668189999999925
21
-93.7557899999999904
0
LINE
8
BLACK
6
CONTINUOUS
10
90.3668189999999925
20
-93.7557899999999904
11
90.4620570000000015
21
-93.5653140000000008
0
LINE
8
BLACK
6
CONTINUOUS
10
90.4620570000000015
20
-93.5653140000000008
11
90.5572949999999963
21
-93.4700759999999917
0
LINE
8
BLACK
6
CONTINUOUS
10
90.5572949999999963
20
-93.4700759999999917
11
90.7477710000000002
21
-93.3748379999999969
0
LINE
8
BLACK
6
CONTINUOUS
10
90.7477710000000002
20
-93.3748379999999969
11
91.1287239999999912
21
-93.3748379999999969
0
LINE
8
BLACK
6
CONTINUOUS
10
91.1287239999999912
20
-93.3748379999999969
11
91.319199999999995
21
-93.4700759999999917
0
LINE
8
BLACK
6
CONTINUOUS
10
91.319199999999995
20
-93.4700759999999917
11
91.4144379999999899
21
-93.5653140000000008
0
LINE
8
BLACK
6
CONTINUOUS
10
91.4144379999999899
20
-93.5653140000000008
11
91.5096759999999989
21
-93.7557899999999904
0
LINE
8
BLACK
6
CONTINUOUS
10
91.5096759999999989
20
-93.7557899999999904
11
91.5096759999999989
21
-93.8510279999999995
0
LINE
8
BLACK
6
CONTINUOUS
10
91.5096759999999989
20
-93.8510279999999995
11
91.4144379999999899
21
-94.0415039999999891
0
LINE
8
BLACK
6
CONTINUOUS
10
91.4144379999999899
20
-94.0415039999999891
11
91.319199999999995
21
-94.1367419999999981
0
LINE
8
BLACK
6
CONTINUOUS
10
91.319199999999995
20
-94.1367419999999981
11
91.1287239999999912
21
-94.231979999999993
0
LINE
8
BLACK
6
CONTINUOUS
10
91.1287239999999912
20
-94.231979999999993
11
90.7477710000000002
21
-94.231979999999993
0
LINE
8
BLACK
6
CONTINUOUS
10
90.7477710000000002
20
-94.231979999999993
11
90.5572949999999963
21
-94.3272189999999995
0
LINE
8
BLACK
6
CONTINUOUS
10
90.5572949999999963
20
-94.3272189999999995
11
90.4620570000000015
21
-94.4224569999999943
0
LINE
8
BLACK
6
CONTINUOUS
10
90.4620570000000015
20
-94.4224569999999943
11
90.3668189999999925
21
-94.6129329999999982
0
LINE
8
BLACK
6
CONTINUOUS
10
90.3668189999999925
20
-94.6129329999999982
11
90.3668189999999925
21
-94.9938849999999917
0
LINE
8
BLACK
6
CONTINUOUS
10
90.3668189999999925
20
-94.9938849999999917
11
90.4620570000000015
21
-95.1843609999999956
0
LINE
8
BLACK
6
CONTINUOUS
10
90.4620570000000015
20
-95.1843609999999956
11
90.5572949999999963
21
-95.2796000000000021
0
LINE
8
BLACK
6
CONTINUOUS
10
90.5572949999999963
20
-95.2796000000000021
11
90.7477710000000002
21
-95.3748379999999969
0
LINE
8
BLACK
6
CONTINUOUS
10
90.7477710000000002
20
-95.3748379999999969
11
91.1287239999999912
21
-95.3748379999999969
0
LINE
8
BLACK
6
CONTINUOUS
10
91.1287239999999912
20
-95.3748379999999969
11
91.319199999999995
21
-95.2796000000000021
0
LINE
8
BLACK
6
CONTINUOUS
10
91.319199999999995
20
-95.2796000000000021
11
91.4144379999999899
21
-95.1843609999999956
0
LINE
8
BLACK
6
CONTINUOUS
10
91.4144379999999899
20
-95.1843609999999956
11
91.5096759999999989
21
-94.9938849999999917
0
LINE
8
BLACK
6
CONTINUOUS
10
91.5096759999999989
20
-94.9938849999999917
11
91.5096759999999989
21
-94.6129329999999982
0
LINE
8
BLACK
6
CONTINUOUS
10
91.5096759999999989
20
-94.6129329999999982
11
91.4144379999999899
21
-94.4224569999999943
0
LINE
8
BLACK
6
CONTINUOUS
10
91.4144379999999899
20
-94.4224569999999943
11
91.319199999999995
21
-94.3272189999999995
0
LINE
8
BLACK
6
CONTINUOUS
10
91.319199999999995
20
-94.3272189999999995
11
91.1287239999999912
21
-94.231979999999993
0
LINE
8
BLACK
6
CONTINUOUS
10
93.8906289999999899
20
-95.3748379999999969
11
93.8906289999999899
21
-93.3748379999999969
0
LINE
8
BLACK
6
CONTINUOUS
10
94.7477719999999977
20
-95.3748379999999969
11
94.7477719999999977
21
-94.3272189999999995
0
LINE
8
BLACK
6
CONTINUOUS
10
94.7477719999999977
20
-94.3272189999999995
11
94.6525339999999886
21
-94.1367419999999981
0
LINE
8
BLACK
6
CONTINUOUS
10
94.6525339999999886
20
-94.1367419999999981
11
94.462057999999999
21
-94.0415039999999891
0
LINE
8
BLACK
6
CONTINUOUS
10
94.462057999999999
20
-94.0415039999999891
11
94.1763430000000028
21
-94.0415039999999891
0
LINE
8
BLACK
6
CONTINUOUS
10
94.1763430000000028
20
-94.0415039999999891
11
93.9858669999999989
21
-94.1367419999999981
0
LINE
8
BLACK
6
CONTINUOUS
10
93.9858669999999989
20
-94.1367419999999981
11
93.8906289999999899
21
-94.231979999999993
0
LINE
8
BLACK
6
CONTINUOUS
10
95.9858669999999989
20
-95.3748379999999969
11
95.7953909999999951
21
-95.2796000000000021
0
LINE
8
BLACK
6
CONTINUOUS
10
95.7953909999999951
20
-95.2796000000000021
11
95.7001530000000002
21
-95.1843609999999956
0
LINE
8
BLACK
6
CONTINUOUS
10
95.7001530000000002
20
-95.1843609999999956
11
95.6049149999999912
21
-94.9938849999999917
0
LINE
8
BLACK
6
CONTINUOUS
10
95.6049149999999912
20
-94.9938849999999917
11
95.6049149999999912
21
-94.4224569999999943
0
LINE
8
BLACK
6
CONTINUOUS
10
95.6049149999999912
20
-94.4224569999999943
11
95.7001530000000002
21
-94.231979999999993
0
LINE
8
BLACK
6
CONTINUOUS
10
95.7001530000000002
20
-94.231979999999993
11
95.7953909999999951
21
-94.1367419999999981
0
LINE
8
BLACK
6
CONTINUOUS
10
95.7953909999999951
20
-94.1367419999999981
11
95.9858669999999989
21
-94.0415039999999891
0
LINE
8
BLACK
6
CONTINUOUS
10
95.9858669999999989
20
-94.0415039999999891
11
96.2715819999999951
21
-94.0415039999999891
0
LINE
8
BLACK
6
CONTINUOUS
10
96.2715819999999951
20
-94.0415039999999891
11
96.462057999999999
21
-94.1367419999999981
0
LINE
8
BLACK
6
CONTINUOUS
10
96.462057999999999
20
-94.1367419999999981
11
96.5572959999999938
21
-94.231979999999993
0
LINE
8
BLACK
6
CONTINUOUS
10
96.5572959999999938
20
-94.231979999999993
11
96.6525339999999886
21
-94.4224569999999943
0
LINE
8
BLACK
6
CONTINUOUS
10
96.6525339999999886
20
-94.4224569999999943
11
96.6525339999999886
21
-94.9938849999999917
0
LINE
8
BLACK
6
CONTINUOUS
10
96.6525339999999886
20
-94.9938849999999917
11
96.5572959999999938
21
-95.1843609999999956
0
LINE
8
BLACK
6
CONTINUOUS
10
96.5572959999999938
20
-95.1843609999999956
11
96.462057999999999
21
-95.2796000000000021
0
LINE
8
BLACK
6
CONTINUOUS
10
96.462057999999999
20
-95.2796000000000021
11
96.2715819999999951
21
-95.3748379999999969
0
LINE
8
BLACK
6
CONTINUOUS
10
96.2715819999999951
20
-95.3748379999999969
11
95.9858669999999989
21
-95.3748379999999969
0
LINE
8
BLACK
6
CONTINUOUS
10
97.7953909999999951
20
-95.3748379999999969
11
97.6049149999999912
21
-95.2796000000000021
0
LINE
8
BLACK
6
CONTINUOUS
10
97.6049149999999912
20
-95.2796000000000021
11
97.5096769999999964
21
-95.0891230000000007
0
LINE
8
BLACK
6
CONTINUOUS
10
97.5096769999999964
20
-95.0891230000000007
11
97.5096769999999964
21
-93.3748379999999969
0
LINE
8
BLACK
6
CONTINUOUS
10
99.3192009999999925
20
-95.2796000000000021
11
99.1287249999999887
21
-95.3748379999999969
0
LINE
8
BLACK
6
CONTINUOUS
10
99.1287249999999887
20
-95.3748379999999969
11
98.7477719999999977
21
-95.3748379999999969
0
LINE
8
BLACK
6
CONTINUOUS
10
98.7477719999999977
20
-95.3748379999999969
11
98.5572959999999938
21
-95.2796000000000021
0
LINE
8
BLACK
6
CONTINUOUS
10
98.5572959999999938
20
-95.2796000000000021
11
98.462057999999999
21
-95.0891230000000007
0
LINE
8
BLACK
6
CONTINUOUS
10
98.462057999999999
20
-95.0891230000000007
11
98.462057999999999
21
-94.3272189999999995
0
LINE
8
BLACK
6
CONTINUOUS
10
98.462057999999999
20
-94.3272189999999995
11
98.5572959999999938
21
-94.1367419999999981
0
LINE
8
BLACK
6
CONTINUOUS
10
98.5572959999999938
20
-94.1367419999999981
11
98.7477719999999977
21
-94.0415039999999891
0
LINE
8
BLACK
6
CONTINUOUS
10
98.7477719999999977
20
-94.0415039999999891
11
99.1287249999999887
21
-94.0415039999999891
0
LINE
8
BLACK
6
CONTINUOUS
10
99.1287249999999887
20
-94.0415039999999891
11
99.3192009999999925
21
-94.1367419999999981
0
LINE
8
BLACK
6
CONTINUOUS
10
99.3192009999999925
20
-94.1367419999999981
11
99.4144390000000016
21
-94.3272189999999995
0
LINE
8
BLACK
6
CONTINUOUS
10
99.4144390000000016
20
-94.3272189999999995
11
99.4144390000000016
21
-94.5176949999999891
0
LINE
8
BLACK
6
CONTINUOUS
10
99.4144390000000016
20
-94.5176949999999891
11
98.462057999999999
21
-94.708170999999993
0
LINE
8
BLACK
6
CONTINUOUS
10
100.1763440000000003
20
-95.2796000000000021
11
100.3668199999999899
21
-95.3748379999999969
0
LINE
8
BLACK
6
CONTINUOUS
10
100.3668199999999899
20
-95.3748379999999969
11
100.7477719999999977
21
-95.3748379999999969
0
LINE
8
BLACK
6
CONTINUOUS
10
100.7477719999999977
20
-95.3748379999999969
11
100.938248999999999
21
-95.2796000000000021
0
LINE
8
BLACK
6
CONTINUOUS
10
100.938248999999999
20
-95.2796000000000021
11
101.0334869999999938
21
-95.0891230000000007
0
LINE
8
BLACK
6
CONTINUOUS
10
101.0334869999999938
20
-95.0891230000000007
11
101.0334869999999938
21
-94.9938849999999917
0
LINE
8
BLACK
6
CONTINUOUS
10
101.0334869999999938
20
-94.9938849999999917
11
100.938248999999999
21
-94.803409000000002
0
LINE
8
BLACK
6
CONTINUOUS
10
100.938248999999999
20
-94.803409000000002
11
100.7477719999999977
21
-94.708170999999993
0
LINE
8
BLACK
6
CONTINUOUS
10
100.7477719999999977
20
-94.708170999999993
11
100.462057999999999
21
-94.708170999999993
0
LINE
8
BLACK
6
CONTINUOUS
10
100.462057999999999
20
-94.708170999999993
11
100.2715819999999951
21
-94.6129329999999982
0
LINE
8
BLACK
6
CONTINUOUS
10
100.2715819999999951
20
-94.6129329999999982
11
100.1763440000000003
21
-94.4224569999999943
0
LINE
8
BLACK
6
CONTINUOUS
10
100.1763440000000003
20
-94.4224569999999943
11
100.1763440000000003
21
-94.3272189999999995
0
LINE
8
BLACK
6
CONTINUOUS
10
100.1763440000000003
20
-94.3272189999999995
11
100.2715819999999951
21
-94.1367419999999981
0
LINE
8
BLACK
6
CONTINUOUS
10
100.2715819999999951
20
-94.1367419999999981
11
100.462057999999999
21
-94.0415039999999891
0
LINE
8
BLACK
6
CONTINUOUS
10
100.462057999999999
20
-94.0415039999999891
11
100.7477719999999977
21
-94.0415039999999891
0
LINE
8
BLACK
6
CONTINUOUS
10
100.7477719999999977
20
-94.0415039999999891
11
100.938248999999999
21
-94.1367419999999981
0
LINE
8
BLACK
6
CONTINUOUS
10
101.7001539999999977
20
-96.1367419999999981
11
101.7953919999999925
21
-96.0415039999999891
0
LINE
8
BLACK
6
CONTINUOUS
10
101.7953919999999925
20
-96.0415039999999891
11
101.9858679999999964
21
-95.7557899999999904
0
LINE
8
BLACK
6
CONTINUOUS
10
101.9858679999999964
20
-95.7557899999999904
11
102.0811059999999912
21
-95.5653140000000008
0
LINE
8
BLACK
6
CONTINUOUS
10
102.0811059999999912
20
-95.5653140000000008
11
102.1763440000000003
21
-95.2796000000000021
0
LINE
8
BLACK
6
CONTINUOUS
10
102.1763440000000003
20
-95.2796000000000021
11
102.2715819999999951
21
-94.803409000000002
0
LINE
8
BLACK
6
CONTINUOUS
10
102.2715819999999951
20
-94.803409000000002
11
102.2715819999999951
21
-94.4224569999999943
0
LINE
8
BLACK
6
CONTINUOUS
10
102.2715819999999951
20
-94.4224569999999943
11
102.1763440000000003
21
-93.9462659999999943
0
LINE
8
BLACK
6
CONTINUOUS
10
102.1763440000000003
20
-93.9462659999999943
11
102.0811059999999912
21
-93.6605519999999956
0
LINE
8
BLACK
6
CONTINUOUS
10
102.0811059999999912
20
-93.6605519999999956
11
101.9858679999999964
21
-93.4700759999999917
0
LINE
8
BLACK
6
CONTINUOUS
10
101.9858679999999964
20
-93.4700759999999917
11
101.7953919999999925
21
-93.1843609999999956
0
LINE
8
BLACK
6
CONTINUOUS
10
101.7953919999999925
20
-93.1843609999999956
11
101.7001539999999977
21
-93.0891230000000007
0
CIRCLE
8
BLACK
10
49.9899999999999949
20
-97.0999999999999943
40
0.15
0
LINE
8
BLACK
6
CONTINUOUS
10
53.1287199999999942
20
-96.0148379999999975
11
53.3191969999999955
21
-96.0148379999999975
0
LINE
8
BLACK
6
CONTINUOUS
10
53.3191969999999955
20
-96.0148379999999975
11
53.5096729999999994
21
-96.1100759999999923
0
LINE
8
BLACK
6
CONTINUOUS
10
53.5096729999999994
20
-96.1100759999999923
11
53.6049109999999942
21
-96.2053140000000013
0
LINE
8
BLACK
6
CONTINUOUS
10
53.6049109999999942
20
-96.2053140000000013
11
53.7001489999999961
21
-96.395789999999991
0
LINE
8
BLACK
6
CONTINUOUS
10
53.7001489999999961
20
-96.395789999999991
11
53.7953869999999981
21
-96.7767419999999987
0
LINE
8
BLACK
6
CONTINUOUS
10
53.7953869999999981
20
-96.7767419999999987
11
53.7953869999999981
21
-97.2529329999999987
0
LINE
8
BLACK
6
CONTINUOUS
10
53.7953869999999981
20
-97.2529329999999987
11
53.7001489999999961
21
-97.6338849999999923
0
LINE
8
BLACK
6
CONTINUOUS
10
53.7001489999999961
20
-97.6338849999999923
11
53.6049109999999942
21
-97.8243609999999961
0
LINE
8
BLACK
6
CONTINUOUS
10
53.6049109999999942
20
-97.8243609999999961
11
53.5096729999999994
21
-97.9196000000000026
0
LINE
8
BLACK
6
CONTINUOUS
10
53.5096729999999994
20
-97.9196000000000026
11
53.3191969999999955
21
-98.0148379999999975
0
LINE
8
BLACK
6
CONTINUOUS
10
53.3191969999999955
20
-98.0148379999999975
11
53.1287199999999942
21
-98.0148379999999975
0
LINE
8
BLACK
6
CONTINUOUS
10
53.1287199999999942
20
-98.0148379999999975
11
52.9382439999999974
21
-97.9196000000000026
0
LINE
8
BLACK
6
CONTINUOUS
10
52.9382439999999974
20
-97.9196000000000026
11
52.8430059999999955
21
-97.8243609999999961
0
LINE
8
BLACK
6
CONTINUOUS
10
52.8430059999999955
20
-97.8243609999999961
11
52.7477680000000007
21
-97.6338849999999923
0
LINE
8
BLACK
6
CONTINUOUS
10
52.7477680000000007
20
-97.6338849999999923
11
52.6525299999999987
21
-97.2529329999999987
0
LINE
8
BLACK
6
CONTINUOUS
10
52.6525299999999987
20
-97.2529329999999987
11
52.6525299999999987
21
-96.7767419999999987
0
LINE
8
BLACK
6
CONTINUOUS
10
52.6525299999999987
20
-96.7767419999999987
11
52.7477680000000007
21
-96.395789999999991
0
LINE
8
BLACK
6
CONTINUOUS
10
52.7477680000000007
20
-96.395789999999991
11
52.8430059999999955
21
-96.2053140000000013
0
LINE
8
BLACK
6
CONTINUOUS
10
52.8430059999999955
20
-96.2053140000000013
11
52.9382439999999974
21
-96.1100759999999923
0
LINE
8
BLACK
6
CONTINUOUS
10
52.9382439999999974
20
-96.1100759999999923
11
53.1287199999999942
21
-96.0148379999999975
0
LINE
8
BLACK
6
CONTINUOUS
10
54.6525299999999987
20
-97.8243609999999961
11
54.7477680000000007
21
-97.9196000000000026
0
LINE
8
BLACK
6
CONTINUOUS
10
54.7477680000000007
20
-97.9196000000000026
11
54.6525299999999987
21
-98.0148379999999975
0
LINE
8
BLACK
6
CONTINUOUS
10
54.6525299999999987
20
-98.0148379999999975
11
54.5572919999999968
21
-97.9196000000000026
0
LINE
8
BLACK
6
CONTINUOUS
10
54.5572919999999968
20
-97.9196000000000026
11
54.6525299999999987
21
-97.8243609999999961
0
LINE
8
BLACK
6
CONTINUOUS
10
54.6525299999999987
20
-97.8243609999999961
11
54.6525299999999987
21
-98.0148379999999975
0
LINE
8
BLACK
6
CONTINUOUS
10
55.4144349999999974
20
-96.0148379999999975
11
56.6525299999999987
21
-96.0148379999999975
0
LINE
8
BLACK
6
CONTINUOUS
10
56.6525299999999987
20
-96.0148379999999975
11
55.9858629999999948
21
-96.7767419999999987
0
LINE
8
BLACK
6
CONTINUOUS
10
55.9858629999999948
20
-96.7767419999999987
11
56.2715779999999981
21
-96.7767419999999987
0
LINE
8
BLACK
6
CONTINUOUS
10
56.2715779999999981
20
-96.7767419999999987
11
56.4620539999999949
21
-96.8719799999999935
0
LINE
8
BLACK
6
CONTINUOUS
10
56.4620539999999949
20
-96.8719799999999935
11
56.5572919999999968
21
-96.9672190000000001
0
LINE
8
BLACK
6
CONTINUOUS
10
56.5572919999999968
20
-96.9672190000000001
11
56.6525299999999987
21
-97.1576949999999897
0
LINE
8
BLACK
6
CONTINUOUS
10
56.6525299999999987
20
-97.1576949999999897
11
56.6525299999999987
21
-97.6338849999999923
0
LINE
8
BLACK
6
CONTINUOUS
10
56.6525299999999987
20
-97.6338849999999923
11
56.5572919999999968
21
-97.8243609999999961
0
LINE
8
BLACK
6
CONTINUOUS
10
56.5572919999999968
20
-97.8243609999999961
11
56.4620539999999949
21
-97.9196000000000026
0
LINE
8
BLACK
6
CONTINUOUS
10
56.4620539999999949
20
-97.9196000000000026
11
56.2715779999999981
21
-98.0148379999999975
0
LINE
8
BLACK
6
CONTINUOUS
10
56.2715779999999981
20
-98.0148379999999975
11
55.7001489999999961
21
-98.0148379999999975
0
LINE
8
BLACK
6
CONTINUOUS
10
55.7001489999999961
20
-98.0148379999999975
11
55.5096729999999994
21
-97.9196000000000026
0
LINE
8
BLACK
6
CONTINUOUS
10
55.5096729999999994
20
-97.9196000000000026
11
55.4144349999999974
21
-97.8243609999999961
0
LINE
8
BLACK
6
CONTINUOUS
10
57.890625
20
-96.0148379999999975
11
58.0811019999999942
21
-96.0148379999999975
0
LINE
8
BLACK
6
CONTINUOUS
10
58.0811019999999942
20
-96.0148379999999975
11
58.2715779999999981
21
-96.1100759999999923
0
LINE
8
BLACK
6
CONTINUOUS
10
58.2715779999999981
20
-96.1100759999999923
11
58.366816
21
-96.2053140000000013
0
LINE
8
BLACK
6
CONTINUOUS
10
58.366816
20
-96.2053140000000013
11
58.4620539999999949
21
-96.395789999999991
0
LINE
8
BLACK
6
CONTINUOUS
10
58.4620539999999949
20
-96.395789999999991
11
58.5572919999999968
21
-96.7767419999999987
0
LINE
8
BLACK
6
CONTINUOUS
10
58.5572919999999968
20
-96.7767419999999987
11
58.5572919999999968
21
-97.2529329999999987
0
LINE
8
BLACK
6
CONTINUOUS
10
58.5572919999999968
20
-97.2529329999999987
11
58.4620539999999949
21
-97.6338849999999923
0
LINE
8
BLACK
6
CONTINUOUS
10
58.4620539999999949
20
-97.6338849999999923
11
58.366816
21
-97.8243609999999961
0
LINE
8
BLACK
6
CONTINUOUS
10
58.366816
20
-97.8243609999999961
11
58.2715779999999981
21
-97.9196000000000026
0
LINE
8
BLACK
6
CONTINUOUS
10
58.2715779999999981
20
-97.9196000000000026
11
58.0811019999999942
21
-98.0148379999999975
0
LINE
8
BLACK
6
CONTINUOUS
10
58.0811019999999942
20
-98.0148379999999975
11
57.890625
21
-98.0148379999999975
0
LINE
8
BLACK
6
CONTINUOUS
10
57.890625
20
-98.0148379999999975
11
57.7001489999999961
21
-97.9196000000000026
0
LINE
8
BLACK
6
CONTINUOUS
10
57.7001489999999961
20
-97.9196000000000026
11
57.6049109999999942
21
-97.8243609999999961
0
LINE
8
BLACK
6
CONTINUOUS
10
57.6049109999999942
20
-97.8243609999999961
11
57.5096729999999994
21
-97.6338849999999923
0
LINE
8
BLACK
6
CONTINUOUS
10
57.5096729999999994
20
-97.6338849999999923
11
57.4144349999999974
21
-97.2529329999999987
0
LINE
8
BLACK
6
CONTINUOUS
10
57.4144349999999974
20
-97.2529329999999987
11
57.4144349999999974
21
-96.7767419999999987
0
LINE
8
BLACK
6
CONTINUOUS
10
57.4144349999999974
20
-96.7767419999999987
11
57.5096729999999994
21
-96.395789999999991
0
LINE
8
BLACK
6
CONTINUOUS
10
57.5096729999999994
20
-96.395789999999991
11
57.6049109999999942
21
-96.2053140000000013
0
LINE
8
BLACK
6
CONTINUOUS
10
57.6049109999999942
20
-96.2053140000000013
11
57.7001489999999961
21
-96.1100759999999923
0
LINE
8
BLACK
6
CONTINUOUS
10
57.7001489999999961
20
-96.1100759999999923
11
57.890625
21
-96.0148379999999975
0
LINE
8
BLACK
6
CONTINUOUS
10
59.7953869999999981
20
-96.0148379999999975
11
59.9858639999999994
21
-96.0148379999999975
0
LINE
8
BLACK
6
CONTINUOUS
10
59.9858639999999994
20
-96.0148379999999975
11
60.1763399999999962
21
-96.1100759999999923
0
LINE
8
BLACK
6
CONTINUOUS
10
60.1763399999999962
20
-96.1100759999999923
11
60.2715779999999981
21
-96.2053140000000013
0
LINE
8
BLACK
6
CONTINUOUS
10
60.2715779999999981
20
-96.2053140000000013
11
60.366816
21
-96.395789999999991
0
LINE
8
BLACK
6
CONTINUOUS
10
60.366816
20
-96.395789999999991
11
60.4620539999999949
21
-96.7767419999999987
0
LINE
8
BLACK
6
CONTINUOUS
10
60.4620539999999949
20
-96.7767419999999987
11
60.4620539999999949
21
-97.2529329999999987
0
LINE
8
BLACK
6
CONTINUOUS
10
60.4620539999999949
20
-97.2529329999999987
11
60.366816
21
-97.6338849999999923
0
LINE
8
BLACK
6
CONTINUOUS
10
60.366816
20
-97.6338849999999923
11
60.2715779999999981
21
-97.8243609999999961
0
LINE
8
BLACK
6
CONTINUOUS
10
60.2715779999999981
20
-97.8243609999999961
11
60.1763399999999962
21
-97.9196000000000026
0
LINE
8
BLACK
6
CONTINUOUS
10
60.1763399999999962
20
-97.9196000000000026
11
59.9858639999999994
21
-98.0148379999999975
0
LINE
8
BLACK
6
CONTINUOUS
10
59.9858639999999994
20
-98.0148379999999975
11
59.7953869999999981
21
-98.0148379999999975
0
LINE
8
BLACK
6
CONTINUOUS
10
59.7953869999999981
20
-98.0148379999999975
11
59.6049109999999942
21
-97.9196000000000026
0
LINE
8
BLACK
6
CONTINUOUS
10
59.6049109999999942
20
-97.9196000000000026
11
59.5096729999999994
21
-97.8243609999999961
0
LINE
8
BLACK
6
CONTINUOUS
10
59.5096729999999994
20
-97.8243609999999961
11
59.4144349999999974
21
-97.6338849999999923
0
LINE
8
BLACK
6
CONTINUOUS
10
59.4144349999999974
20
-97.6338849999999923
11
59.3191969999999955
21
-97.2529329999999987
0
LINE
8
BLACK
6
CONTINUOUS
10
59.3191969999999955
20
-97.2529329999999987
11
59.3191969999999955
21
-96.7767419999999987
0
LINE
8
BLACK
6
CONTINUOUS
10
59.3191969999999955
20
-96.7767419999999987
11
59.4144349999999974
21
-96.395789999999991
0
LINE
8
BLACK
6
CONTINUOUS
10
59.4144349999999974
20
-96.395789999999991
11
59.5096729999999994
21
-96.2053140000000013
0
LINE
8
BLACK
6
CONTINUOUS
10
59.5096729999999994
20
-96.2053140000000013
11
59.6049109999999942
21
-96.1100759999999923
0
LINE
8
BLACK
6
CONTINUOUS
10
59.6049109999999942
20
-96.1100759999999923
11
59.7953869999999981
21
-96.0148379999999975
0
LINE
8
BLACK
6
CONTINUOUS
10
61.3191969999999955
20
-98.0148379999999975
11
61.3191969999999955
21
-96.6815039999999897
0
LINE
8
BLACK
6
CONTINUOUS
10
61.3191969999999955
20
-96.8719799999999935
11
61.4144349999999974
21
-96.7767419999999987
0
LINE
8
BLACK
6
CONTINUOUS
10
61.4144349999999974
20
-96.7767419999999987
11
61.6049109999999942
21
-96.6815039999999897
0
LINE
8
BLACK
6
CONTINUOUS
10
61.6049109999999942
20
-96.6815039999999897
11
61.8906259999999975
21
-96.6815039999999897
0
LINE
8
BLACK
6
CONTINUOUS
10
61.8906259999999975
20
-96.6815039999999897
11
62.0811019999999942
21
-96.7767419999999987
0
LINE
8
BLACK
6
CONTINUOUS
10
62.0811019999999942
20
-96.7767419999999987
11
62.1763399999999962
21
-96.9672190000000001
0
LINE
8
BLACK
6
CONTINUOUS
10
62.1763399999999962
20
-96.9672190000000001
11
62.1763399999999962
21
-98.0148379999999975
0
LINE
8
BLACK
6
CONTINUOUS
10
62.1763399999999962
20
-96.9672190000000001
11
62.2715779999999981
21
-96.7767419999999987
0
LINE
8
BLACK
6
CONTINUOUS
10
62.2715779999999981
20
-96.7767419999999987
11
62.4620539999999949
21
-96.6815039999999897
0
LINE
8
BLACK
6
CONTINUOUS
10
62.4620539999999949
20
-96.6815039999999897
11
62.7477680000000007
21
-96.6815039999999897
0
LINE
8
BLACK
6
CONTINUOUS
10
62.7477680000000007
20
-96.6815039999999897
11
62.9382449999999949
21
-96.7767419999999987
0
LINE
8
BLACK
6
CONTINUOUS
10
62.9382449999999949
20
-96.7767419999999987
11
63.0334829999999968
21
-96.9672190000000001
0
LINE
8
BLACK
6
CONTINUOUS
10
63.0334829999999968
20
-96.9672190000000001
11
63.0334829999999968
21
-98.0148379999999975
0
LINE
8
BLACK
6
CONTINUOUS
10
63.9858639999999994
20
-98.0148379999999975
11
63.9858639999999994
21
-96.6815039999999897
0
LINE
8
BLACK
6
CONTINUOUS
10
63.9858639999999994
20
-96.8719799999999935
11
64.0811020000000013
21
-96.7767419999999987
0
LINE
8
BLACK
6
CONTINUOUS
10
64.0811020000000013
20
-96.7767419999999987
11
64.271577999999991
21
-96.6815039999999897
0
LINE
8
BLACK
6
CONTINUOUS
10
64.271577999999991
20
-96.6815039999999897
11
64.5572930000000014
21
-96.6815039999999897
0
LINE
8
BLACK
6
CONTINUOUS
10
64.5572930000000014
20
-96.6815039999999897
11
64.747768999999991
21
-96.7767419999999987
0
LINE
8
BLACK
6
CONTINUOUS
10
64.747768999999991
20
-96.7767419999999987
11
64.8430070000000001
21
-96.9672190000000001
0
LINE
8
BLACK
6
CONTINUOUS
10
64.8430070000000001
20
-96.9672190000000001
11
64.8430070000000001
21
-98.0148379999999975
0
LINE
8
BLACK
6
CONTINUOUS
10
64.8430070000000001
20
-96.9672190000000001
11
64.9382449999999949
21
-96.7767419999999987
0
LINE
8
BLACK
6
CONTINUOUS
10
64.9382449999999949
20
-96.7767419999999987
11
65.1287209999999988
21
-96.6815039999999897
0
LINE
8
BLACK
6
CONTINUOUS
10
65.1287209999999988
20
-96.6815039999999897
11
65.4144349999999974
21
-96.6815039999999897
0
LINE
8
BLACK
6
CONTINUOUS
10
65.4144349999999974
20
-96.6815039999999897
11
65.6049119999999988
21
-96.7767419999999987
0
LINE
8
BLACK
6
CONTINUOUS
10
65.6049119999999988
20
-96.7767419999999987
11
65.7001499999999936
21
-96.9672190000000001
0
LINE
8
BLACK
6
CONTINUOUS
10
65.7001499999999936
20
-96.9672190000000001
11
65.7001499999999936
21
-98.0148379999999975
0
LINE
8
BLACK
6
CONTINUOUS
10
69.6049119999999988
20
-95.9196000000000026
11
67.890626999999995
21
-98.491028
0
LINE
8
BLACK
6
CONTINUOUS
10
72.1763409999999936
20
-96.0148379999999975
11
72.366817999999995
21
-96.0148379999999975
0
LINE
8
BLACK
6
CONTINUOUS
10
72.366817999999995
20
-96.0148379999999975
11
72.5572939999999988
21
-96.1100759999999923
0
LINE
8
BLACK
6
CONTINUOUS
10
72.5572939999999988
20
-96.1100759999999923
11
72.6525319999999937
21
-96.2053140000000013
0
LINE
8
BLACK
6
CONTINUOUS
10
72.6525319999999937
20
-96.2053140000000013
11
72.7477700000000027
21
-96.395789999999991
0
LINE
8
BLACK
6
CONTINUOUS
10
72.7477700000000027
20
-96.395789999999991
11
72.8430079999999975
21
-96.7767419999999987
0
LINE
8
BLACK
6
CONTINUOUS
10
72.8430079999999975
20
-96.7767419999999987
11
72.8430079999999975
21
-97.2529329999999987
0
LINE
8
BLACK
6
CONTINUOUS
10
72.8430079999999975
20
-97.2529329999999987
11
72.7477700000000027
21
-97.6338849999999923
0
LINE
8
BLACK
6
CONTINUOUS
10
72.7477700000000027
20
-97.6338849999999923
11
72.6525319999999937
21
-97.8243609999999961
0
LINE
8
BLACK
6
CONTINUOUS
10
72.6525319999999937
20
-97.8243609999999961
11
72.5572939999999988
21
-97.9196000000000026
0
LINE
8
BLACK
6
CONTINUOUS
10
72.5572939999999988
20
-97.9196000000000026
11
72.366817999999995
21
-98.0148379999999975
0
LINE
8
BLACK
6
CONTINUOUS
10
72.366817999999995
20
-98.0148379999999975
11
72.1763409999999936
21
-98.0148379999999975
0
LINE
8
BLACK
6
CONTINUOUS
10
72.1763409999999936
20
-98.0148379999999975
11
71.9858649999999898
21
-97.9196000000000026
0
LINE
8
BLACK
6
CONTINUOUS
10
71.9858649999999898
20
-97.9196000000000026
11
71.890626999999995
21
-97.8243609999999961
0
LINE
8
BLACK
6
CONTINUOUS
10
71.890626999999995
20
-97.8243609999999961
11
71.7953890000000001
21
-97.6338849999999923
0
LINE
8
BLACK
6
CONTINUOUS
10
71.7953890000000001
20
-97.6338849999999923
11
71.7001509999999911
21
-97.2529329999999987
0
LINE
8
BLACK
6
CONTINUOUS
10
71.7001509999999911
20
-97.2529329999999987
11
71.7001509999999911
21
-96.7767419999999987
0
LINE
8
BLACK
6
CONTINUOUS
10
71.7001509999999911
20
-96.7767419999999987
11
71.7953890000000001
21
-96.395789999999991
0
LINE
8
BLACK
6
CONTINUOUS
10
71.7953890000000001
20
-96.395789999999991
11
71.890626999999995
21
-96.2053140000000013
0
LINE
8
BLACK
6
CONTINUOUS
10
71.890626999999995
20
-96.2053140000000013
11
71.9858649999999898
21
-96.1100759999999923
0
LINE
8
BLACK
6
CONTINUOUS
10
71.9858649999999898
20
-96.1100759999999923
11
72.1763409999999936
21
-96.0148379999999975
0
LINE
8
BLACK
6
CONTINUOUS
10
73.7001509999999911
20
-97.8243609999999961
11
73.7953890000000001
21
-97.9196000000000026
0
LINE
8
BLACK
6
CONTINUOUS
10
73.7953890000000001
20
-97.9196000000000026
11
73.7001509999999911
21
-98.0148379999999975
0
LINE
8
BLACK
6
CONTINUOUS
10
73.7001509999999911
20
-98.0148379999999975
11
73.6049129999999963
21
-97.9196000000000026
0
LINE
8
BLACK
6
CONTINUOUS
10
73.6049129999999963
20
-97.9196000000000026
11
73.7001509999999911
21
-97.8243609999999961
0
LINE
8
BLACK
6
CONTINUOUS
10
73.7001509999999911
20
-97.8243609999999961
11
73.7001509999999911
21
-98.0148379999999975
0
LINE
8
BLACK
6
CONTINUOUS
10
75.0334840000000014
20
-96.0148379999999975
11
75.2239610000000027
21
-96.0148379999999975
0
LINE
8
BLACK
6
CONTINUOUS
10
75.2239610000000027
20
-96.0148379999999975
11
75.4144369999999924
21
-96.1100759999999923
0
LINE
8
BLACK
6
CONTINUOUS
10
75.4144369999999924
20
-96.1100759999999923
11
75.5096750000000014
21
-96.2053140000000013
0
LINE
8
BLACK
6
CONTINUOUS
10
75.5096750000000014
20
-96.2053140000000013
11
75.6049129999999963
21
-96.395789999999991
0
LINE
8
BLACK
6
CONTINUOUS
10
75.6049129999999963
20
-96.395789999999991
11
75.7001509999999911
21
-96.7767419999999987
0
LINE
8
BLACK
6
CONTINUOUS
10
75.7001509999999911
20
-96.7767419999999987
11
75.7001509999999911
21
-97.2529329999999987
0
LINE
8
BLACK
6
CONTINUOUS
10
75.7001509999999911
20
-97.2529329999999987
11
75.6049129999999963
21
-97.6338849999999923
0
LINE
8
BLACK
6
CONTINUOUS
10
75.6049129999999963
20
-97.6338849999999923
11
75.5096750000000014
21
-97.8243609999999961
0
LINE
8
BLACK
6
CONTINUOUS
10
75.5096750000000014
20
-97.8243609999999961
11
75.4144369999999924
21
-97.9196000000000026
0
LINE
8
BLACK
6
CONTINUOUS
10
75.4144369999999924
20
-97.9196000000000026
11
75.2239610000000027
21
-98.0148379999999975
0
LINE
8
BLACK
6
CONTINUOUS
10
75.2239610000000027
20
-98.0148379999999975
11
75.0334840000000014
21
-98.0148379999999975
0
LINE
8
BLACK
6
CONTINUOUS
10
75.0334840000000014
20
-98.0148379999999975
11
74.8430079999999975
21
-97.9196000000000026
0
LINE
8
BLACK
6
CONTINUOUS
10
74.8430079999999975
20
-97.9196000000000026
11
74.7477700000000027
21
-97.8243609999999961
0
LINE
8
BLACK
6
CONTINUOUS
10
74.7477700000000027
20
-97.8243609999999961
11
74.6525319999999937
21
-97.6338849999999923
0
LINE
8
BLACK
6
CONTINUOUS
10
74.6525319999999937
20
-97.6338849999999923
11
74.5572939999999988
21
-97.2529329999999987
0
LINE
8
BLACK
6
CONTINUOUS
10
74.5572939999999988
20
-97.2529329999999987
11
74.5572939999999988
21
-96.7767419999999987
0
LINE
8
BLACK
6
CONTINUOUS
10
74.5572939999999988
20
-96.7767419999999987
11
74.6525319999999937
21
-96.395789999999991
0
LINE
8
BLACK
6
CONTINUOUS
10
74.6525319999999937
20
-96.395789999999991
11
74.7477700000000027
21
-96.2053140000000013
0
LINE
8
BLACK
6
CONTINUOUS
10
74.7477700000000027
20
-96.2053140000000013
11
74.8430079999999975
21
-96.1100759999999923
0
LINE
8
BLACK
6
CONTINUOUS
10
74.8430079999999975
20
-96.1100759999999923
11
75.0334840000000014
21
-96.0148379999999975
0
LINE
8
BLACK
6
CONTINUOUS
10
77.6049129999999963
20
-98.0148379999999975
11
76.4620559999999898
21
-98.0148379999999975
0
LINE
8
BLACK
6
CONTINUOUS
10
77.0334840000000014
20
-98.0148379999999975
11
77.0334840000000014
21
-96.0148379999999975
0
LINE
8
BLACK
6
CONTINUOUS
10
77.0334840000000014
20
-96.0148379999999975
11
76.8430079999999975
21
-96.3005519999999962
0
LINE
8
BLACK
6
CONTINUOUS
10
76.8430079999999975
20
-96.3005519999999962
11
76.6525319999999937
21
-96.491028
0
LINE
8
BLACK
6
CONTINUOUS
10
76.6525319999999937
20
-96.491028
11
76.4620559999999898
21
-96.5862659999999948
0
LINE
8
BLACK
6
CONTINUOUS
10
79.5096750000000014
20
-98.0148379999999975
11
78.366817999999995
21
-98.0148379999999975
0
LINE
8
BLACK
6
CONTINUOUS
10
78.9382459999999924
20
-98.0148379999999975
11
78.9382459999999924
21
-96.0148379999999975
0
LINE
8
BLACK
6
CONTINUOUS
10
78.9382459999999924
20
-96.0148379999999975
11
78.7477700000000027
21
-96.3005519999999962
0
LINE
8
BLACK
6
CONTINUOUS
10
78.7477700000000027
20
-96.3005519999999962
11
78.5572939999999988
21
-96.491028
0
LINE
8
BLACK
6
CONTINUOUS
10
78.5572939999999988
20
-96.491028
11
78.366817999999995
21
-96.5862659999999948
0
LINE
8
BLACK
6
CONTINUOUS
10
80.6525319999999937
20
-96.8719799999999935
11
80.4620559999999898
21
-96.7767419999999987
0
LINE
8
BLACK
6
CONTINUOUS
10
80.4620559999999898
20
-96.7767419999999987
11
80.366817999999995
21
-96.6815039999999897
0
LINE
8
BLACK
6
CONTINUOUS
10
80.366817999999995
20
-96.6815039999999897
11
80.2715800000000002
21
-96.491028
0
LINE
8
BLACK
6
CONTINUOUS
10
80.2715800000000002
20
-96.491028
11
80.2715800000000002
21
-96.395789999999991
0
LINE
8
BLACK
6
CONTINUOUS
10
80.2715800000000002
20
-96.395789999999991
11
80.366817999999995
21
-96.2053140000000013
0
LINE
8
BLACK
6
CONTINUOUS
10
80.366817999999995
20
-96.2053140000000013
11
80.4620559999999898
21
-96.1100759999999923
0
LINE
8
BLACK
6
CONTINUOUS
10
80.4620559999999898
20
-96.1100759999999923
11
80.6525319999999937
21
-96.0148379999999975
0
LINE
8
BLACK
6
CONTINUOUS
10
80.6525319999999937
20
-96.0148379999999975
11
81.0334849999999989
21
-96.0148379999999975
0
LINE
8
BLACK
6
CONTINUOUS
10
81.0334849999999989
20
-96.0148379999999975
11
81.2239610000000027
21
-96.1100759999999923
0
LINE
8
BLACK
6
CONTINUOUS
10
81.2239610000000027
20
-96.1100759999999923
11
81.3191989999999976
21
-96.2053140000000013
0
LINE
8
BLACK
6
CONTINUOUS
10
81.3191989999999976
20
-96.2053140000000013
11
81.4144369999999924
21
-96.395789999999991
0
LINE
8
BLACK
6
CONTINUOUS
10
81.4144369999999924
20
-96.395789999999991
11
81.4144369999999924
21
-96.491028
0
LINE
8
BLACK
6
CONTINUOUS
10
81.4144369999999924
20
-96.491028
11
81.3191989999999976
21
-96.6815039999999897
0
LINE
8
BLACK
6
CONTINUOUS
10
81.3191989999999976
20
-96.6815039999999897
11
81.2239610000000027
21
-96.7767419999999987
0
LINE
8
BLACK
6
CONTINUOUS
10
81.2239610000000027
20
-96.7767419999999987
11
81.0334849999999989
21
-96.8719799999999935
0
LINE
8
BLACK
6
CONTINUOUS
10
81.0334849999999989
20
-96.8719799999999935
11
80.6525319999999937
21
-96.8719799999999935
0
LINE
8
BLACK
6
CONTINUOUS
10
80.6525319999999937
20
-96.8719799999999935
11
80.4620559999999898
21
-96.9672190000000001
0
LINE
8
BLACK
6
CONTINUOUS
10
80.4620559999999898
20
-96.9672190000000001
11
80.366817999999995
21
-97.0624569999999949
0
LINE
8
BLACK
6
CONTINUOUS
10
80.366817999999995
20
-97.0624569999999949
11
80.2715800000000002
21
-97.2529329999999987
0
LINE
8
BLACK
6
CONTINUOUS
10
80.2715800000000002
20
-97.2529329999999987
11
80.2715800000000002
21
-97.6338849999999923
0
LINE
8
BLACK
6
CONTINUOUS
10
80.2715800000000002
20
-97.6338849999999923
11
80.366817999999995
21
-97.8243609999999961
0
LINE
8
BLACK
6
CONTINUOUS
10
80.366817999999995
20
-97.8243609999999961
11
80.4620559999999898
21
-97.9196000000000026
0
LINE
8
BLACK
6
CONTINUOUS
10
80.4620559999999898
20
-97.9196000000000026
11
80.6525319999999937
21
-98.0148379999999975
0
LINE
8
BLACK
6
CONTINUOUS
10
80.6525319999999937
20
-98.0148379999999975
11
81.0334849999999989
21
-98.0148379999999975
0
LINE
8
BLACK
6
CONTINUOUS
10
81.0334849999999989
20
-98.0148379999999975
11
81.2239610000000027
21
-97.9196000000000026
0
LINE
8
BLACK
6
CONTINUOUS
10
81.2239610000000027
20
-97.9196000000000026
11
81.3191989999999976
21
-97.8243609999999961
0
LINE
8
BLACK
6
CONTINUOUS
10
81.3191989999999976
20
-97.8243609999999961
11
81.4144369999999924
21
-97.6338849999999923
0
LINE
8
BLACK
6
CONTINUOUS
10
81.4144369999999924
20
-97.6338849999999923
11
81.4144369999999924
21
-97.2529329999999987
0
LINE
8
BLACK
6
CONTINUOUS
10
81.4144369999999924
20
-97.2529329999999987
11
81.3191989999999976
21
-97.0624569999999949
0
LINE
8
BLACK
6
CONTINUOUS
10
81.3191989999999976
20
-97.0624569999999949
11
81.2239610000000027
21
-96.9672190000000001
0
LINE
8
BLACK
6
CONTINUOUS
10
81.2239610000000027
20
-96.9672190000000001
11
81.0334849999999989
21
-96.8719799999999935
0
LINE
8
BLACK
6
CONTINUOUS
10
82.1763419999999911
20
-96.0148379999999975
11
82.1763419999999911
21
-96.395789999999991
0
LINE
8
BLACK
6
CONTINUOUS
10
82.9382469999999898
20
-96.0148379999999975
11
82.9382469999999898
21
-96.395789999999991
0
LINE
8
BLACK
6
CONTINUOUS
10
85.8906289999999899
20
-98.7767419999999987
11
85.7953899999999976
21
-98.6815039999999897
0
LINE
8
BLACK
6
CONTINUOUS
10
85.7953899999999976
20
-98.6815039999999897
11
85.6049139999999937
21
-98.395789999999991
0
LINE
8
BLACK
6
CONTINUOUS
10
85.6049139999999937
20
-98.395789999999991
11
85.5096759999999989
21
-98.2053140000000013
0
LINE
8
BLACK
6
CONTINUOUS
10
85.5096759999999989
20
-98.2053140000000013
11
85.4144379999999899
21
-97.9196000000000026
0
LINE
8
BLACK
6
CONTINUOUS
10
85.4144379999999899
20
-97.9196000000000026
11
85.319199999999995
21
-97.4434090000000026
0
LINE
8
BLACK
6
CONTINUOUS
10
85.319199999999995
20
-97.4434090000000026
11
85.319199999999995
21
-97.0624569999999949
0
LINE
8
BLACK
6
CONTINUOUS
10
85.319199999999995
20
-97.0624569999999949
11
85.4144379999999899
21
-96.5862659999999948
0
LINE
8
BLACK
6
CONTINUOUS
10
85.4144379999999899
20
-96.5862659999999948
11
85.5096759999999989
21
-96.3005519999999962
0
LINE
8
BLACK
6
CONTINUOUS
10
85.5096759999999989
20
-96.3005519999999962
11
85.6049139999999937
21
-96.1100759999999923
0
LINE
8
BLACK
6
CONTINUOUS
10
85.6049139999999937
20
-96.1100759999999923
11
85.7953899999999976
21
-95.8243609999999961
0
LINE
8
BLACK
6
CONTINUOUS
10
85.7953899999999976
20
-95.8243609999999961
11
85.8906289999999899
21
-95.7291230000000013
0
LINE
8
BLACK
6
CONTINUOUS
10
87.7001520000000028
20
-98.0148379999999975
11
86.5572949999999963
21
-98.0148379999999975
0
LINE
8
BLACK
6
CONTINUOUS
10
87.1287229999999937
20
-98.0148379999999975
11
87.1287229999999937
21
-96.0148379999999975
0
LINE
8
BLACK
6
CONTINUOUS
10
87.1287229999999937
20
-96.0148379999999975
11
86.9382469999999898
21
-96.3005519999999962
0
LINE
8
BLACK
6
CONTINUOUS
10
86.9382469999999898
20
-96.3005519999999962
11
86.7477710000000002
21
-96.491028
0
LINE
8
BLACK
6
CONTINUOUS
10
86.7477710000000002
20
-96.491028
11
86.5572949999999963
21
-96.5862659999999948
0
LINE
8
BLACK
6
CONTINUOUS
10
89.6049139999999937
20
-98.0148379999999975
11
88.4620570000000015
21
-98.0148379999999975
0
LINE
8
BLACK
6
CONTINUOUS
10
89.0334849999999989
20
-98.0148379999999975
11
89.0334849999999989
21
-96.0148379999999975
0
LINE
8
BLACK
6
CONTINUOUS
10
89.0334849999999989
20
-96.0148379999999975
11
88.843008999999995
21
-96.3005519999999962
0
LINE
8
BLACK
6
CONTINUOUS
10
88.843008999999995
20
-96.3005519999999962
11
88.6525329999999911
21
-96.491028
0
LINE
8
BLACK
6
CONTINUOUS
10
88.6525329999999911
20
-96.491028
11
88.4620570000000015
21
-96.5862659999999948
0
LINE
8
BLACK
6
CONTINUOUS
10
91.9858669999999989
20
-98.0148379999999975
11
91.9858669999999989
21
-96.0148379999999975
0
LINE
8
BLACK
6
CONTINUOUS
10
92.8430099999999925
20
-98.0148379999999975
11
92.8430099999999925
21
-96.9672190000000001
0
LINE
8
BLACK
6
CONTINUOUS
10
92.8430099999999925
20
-96.9672190000000001
11
92.7477719999999977
21
-96.7767419999999987
0
LINE
8
BLACK
6
CONTINUOUS
10
92.7477719999999977
20
-96.7767419999999987
11
92.5572959999999938
21
-96.6815039999999897
0
LINE
8
BLACK
6
CONTINUOUS
10
92.5572959999999938
20
-96.6815039999999897
11
92.2715809999999976
21
-96.6815039999999897
0
LINE
8
BLACK
6
CONTINUOUS
10
92.2715809999999976
20
-96.6815039999999897
11
92.0811049999999938
21
-96.7767419999999987
0
LINE
8
BLACK
6
CONTINUOUS
10
92.0811049999999938
20
-96.7767419999999987
11
91.9858669999999989
21
-96.8719799999999935
0
LINE
8
BLACK
6
CONTINUOUS
10
94.0811049999999938
20
-98.0148379999999975
11
93.8906289999999899
21
-97.9196000000000026
0
LINE
8
BLACK
6
CONTINUOUS
10
93.8906289999999899
20
-97.9196000000000026
11
93.7953909999999951
21
-97.8243609999999961
0
LINE
8
BLACK
6
CONTINUOUS
10
93.7953909999999951
20
-97.8243609999999961
11
93.7001530000000002
21
-97.6338849999999923
0
LINE
8
BLACK
6
CONTINUOUS
10
93.7001530000000002
20
-97.6338849999999923
11
93.7001530000000002
21
-97.0624569999999949
0
LINE
8
BLACK
6
CONTINUOUS
10
93.7001530000000002
20
-97.0624569999999949
11
93.7953909999999951
21
-96.8719799999999935
0
LINE
8
BLACK
6
CONTINUOUS
10
93.7953909999999951
20
-96.8719799999999935
11
93.8906289999999899
21
-96.7767419999999987
0
LINE
8
BLACK
6
CONTINUOUS
10
93.8906289999999899
20
-96.7767419999999987
11
94.0811049999999938
21
-96.6815039999999897
0
LINE
8
BLACK
6
CONTINUOUS
10
94.0811049999999938
20
-96.6815039999999897
11
94.3668199999999899
21
-96.6815039999999897
0
LINE
8
BLACK
6
CONTINUOUS
10
94.3668199999999899
20
-96.6815039999999897
11
94.5572959999999938
21
-96.7767419999999987
0
LINE
8
BLACK
6
CONTINUOUS
10
94.5572959999999938
20
-96.7767419999999987
11
94.6525339999999886
21
-96.8719799999999935
0
LINE
8
BLACK
6
CONTINUOUS
10
94.6525339999999886
20
-96.8719799999999935
11
94.7477719999999977
21
-97.0624569999999949
0
LINE
8
BLACK
6
CONTINUOUS
10
94.7477719999999977
20
-97.0624569999999949
11
94.7477719999999977
21
-97.6338849999999923
0
LINE
8
BLACK
6
CONTINUOUS
10
94.7477719999999977
20
-97.6338849999999923
11
94.6525339999999886
21
-97.8243609999999961
0
LINE
8
BLACK
6
CONTINUOUS
10
94.6525339999999886
20
-97.8243609999999961
11
94.5572959999999938
21
-97.9196000000000026
0
LINE
8
BLACK
6
CONTINUOUS
10
94.5572959999999938
20
-97.9196000000000026
11
94.3668199999999899
21
-98.0148379999999975
0
LINE
8
BLACK
6
CONTINUOUS
10
94.3668199999999899
20
-98.0148379999999975
11
94.0811049999999938
21
-98.0148379999999975
0
LINE
8
BLACK
6
CONTINUOUS
10
95.8906289999999899
20
-98.0148379999999975
11
95.7001530000000002
21
-97.9196000000000026
0
LINE
8
BLACK
6
CONTINUOUS
10
95.7001530000000002
20
-97.9196000000000026
11
95.6049149999999912
21
-97.7291230000000013
0
LINE
8
BLACK
6
CONTINUOUS
10
95.6049149999999912
20
-97.7291230000000013
11
95.6049149999999912
21
-96.0148379999999975
0
LINE
8
BLACK
6
CONTINUOUS
10
97.4144390000000016
20
-97.9196000000000026
11
97.2239629999999977
21
-98.0148379999999975
0
LINE
8
BLACK
6
CONTINUOUS
10
97.2239629999999977
20
-98.0148379999999975
11
96.8430099999999925
21
-98.0148379999999975
0
LINE
8
BLACK
6
CONTINUOUS
10
96.8430099999999925
20
-98.0148379999999975
11
96.6525339999999886
21
-97.9196000000000026
0
LINE
8
BLACK
6
CONTINUOUS
10
96.6525339999999886
20
-97.9196000000000026
11
96.5572959999999938
21
-97.7291230000000013
0
LINE
8
BLACK
6
CONTINUOUS
10
96.5572959999999938
20
-97.7291230000000013
11
96.5572959999999938
21
-96.9672190000000001
0
LINE
8
BLACK
6
CONTINUOUS
10
96.5572959999999938
20
-96.9672190000000001
11
96.6525339999999886
21
-96.7767419999999987
0
LINE
8
BLACK
6
CONTINUOUS
10
96.6525339999999886
20
-96.7767419999999987
11
96.8430099999999925
21
-96.6815039999999897
0
LINE
8
BLACK
6
CONTINUOUS
10
96.8430099999999925
20
-96.6815039999999897
11
97.2239629999999977
21
-96.6815039999999897
0
LINE
8
BLACK
6
CONTINUOUS
10
97.2239629999999977
20
-96.6815039999999897
11
97.4144390000000016
21
-96.7767419999999987
0
LINE
8
BLACK
6
CONTINUOUS
10
97.4144390000000016
20
-96.7767419999999987
11
97.5096769999999964
21
-96.9672190000000001
0
LINE
8
BLACK
6
CONTINUOUS
10
97.5096769999999964
20
-96.9672190000000001
11
97.5096769999999964
21
-97.1576949999999897
0
LINE
8
BLACK
6
CONTINUOUS
10
97.5096769999999964
20
-97.1576949999999897
11
96.5572959999999938
21
-97.3481709999999936
0
LINE
8
BLACK
6
CONTINUOUS
10
98.2715819999999951
20
-97.9196000000000026
11
98.462057999999999
21
-98.0148379999999975
0
LINE
8
BLACK
6
CONTINUOUS
10
98.462057999999999
20
-98.0148379999999975
11
98.8430099999999925
21
-98.0148379999999975
0
LINE
8
BLACK
6
CONTINUOUS
10
98.8430099999999925
20
-98.0148379999999975
11
99.0334869999999938
21
-97.9196000000000026
0
LINE
8
BLACK
6
CONTINUOUS
10
99.0334869999999938
20
-97.9196000000000026
11
99.1287249999999887
21
-97.7291230000000013
0
LINE
8
BLACK
6
CONTINUOUS
10
99.1287249999999887
20
-97.7291230000000013
11
99.1287249999999887
21
-97.6338849999999923
0
LINE
8
BLACK
6
CONTINUOUS
10
99.1287249999999887
20
-97.6338849999999923
11
99.0334869999999938
21
-97.4434090000000026
0
LINE
8
BLACK
6
CONTINUOUS
10
99.0334869999999938
20
-97.4434090000000026
11
98.8430099999999925
21
-97.3481709999999936
0
LINE
8
BLACK
6
CONTINUOUS
10
98.8430099999999925
20
-97.3481709999999936
11
98.5572959999999938
21
-97.3481709999999936
0
LINE
8
BLACK
6
CONTINUOUS
10
98.5572959999999938
20
-97.3481709999999936
11
98.3668199999999899
21
-97.2529329999999987
0
LINE
8
BLACK
6
CONTINUOUS
10
98.3668199999999899
20
-97.2529329999999987
11
98.2715819999999951
21
-97.0624569999999949
0
LINE
8
BLACK
6
CONTINUOUS
10
98.2715819999999951
20
-97.0624569999999949
11
98.2715819999999951
21
-96.9672190000000001
0
LINE
8
BLACK
6
CONTINUOUS
10
98.2715819999999951
20
-96.9672190000000001
11
98.3668199999999899
21
-96.7767419999999987
0
LINE
8
BLACK
6
CONTINUOUS
10
98.3668199999999899
20
-96.7767419999999987
11
98.5572959999999938
21
-96.6815039999999897
0
LINE
8
BLACK
6
CONTINUOUS
10
98.5572959999999938
20
-96.6815039999999897
11
98.8430099999999925
21
-96.6815039999999897
0
LINE
8
BLACK
6
CONTINUOUS
10
98.8430099999999925
20
-96.6815039999999897
11
99.0334869999999938
21
-96.7767419999999987
0
LINE
8
BLACK
6
CONTINUOUS
10
99.7953919999999925
20
-98.7767419999999987
11
99.8906300000000016
21
-98.6815039999999897
0
LINE
8
BLACK
6
CONTINUOUS
10
99.8906300000000016
20
-98.6815039999999897
11
100.0811059999999912
21
-98.395789999999991
0
LINE
8
BLACK
6
CONTINUOUS
10
100.0811059999999912
20
-98.395789999999991
11
100.1763440000000003
21
-98.2053140000000013
0
LINE
8
BLACK
6
CONTINUOUS
10
100.1763440000000003
20
-98.2053140000000013
11
100.2715819999999951
21
-97.9196000000000026
0
LINE
8
BLACK
6
CONTINUOUS
10
100.2715819999999951
20
-97.9196000000000026
11
100.3668199999999899
21
-97.4434090000000026
0
LINE
8
BLACK
6
CONTINUOUS
10
100.3668199999999899
20
-97.4434090000000026
11
100.3668199999999899
21
-97.0624569999999949
0
LINE
8
BLACK
6
CONTINUOUS
10
100.3668199999999899
20
-97.0624569999999949
11
100.2715819999999951
21
-96.5862659999999948
0
LINE
8
BLACK
6
CONTINUOUS
10
100.2715819999999951
20
-96.5862659999999948
11
100.1763440000000003
21
-96.3005519999999962
0
LINE
8
BLACK
6
CONTINUOUS
10
100.1763440000000003
20
-96.3005519999999962
11
100.0811059999999912
21
-96.1100759999999923
0
LINE
8
BLACK
6
CONTINUOUS
10
100.0811059999999912
20
-96.1100759999999923
11
99.8906300000000016
21
-95.8243609999999961
0
LINE
8
BLACK
6
CONTINUOUS
10
99.8906300000000016
20
-95.8243609999999961
11
99.7953919999999925
21
-95.7291230000000013
0
LINE
8
BLACK
6
CONTINUOUS
10
49.9399999999999977
20
-99.539999999999992
11
49.9399999999999977
21
-99.9399999999999977
0
LINE
8
BLACK
6
CONTINUOUS
10
49.7399999999999949
20
-99.7399999999999949
11
50.1400000000000006
21
-99.7399999999999949
0
LINE
8
BLACK
6
CONTINUOUS
10
53.1287199999999942
20
-98.654837999999998
11
53.3191969999999955
21
-98.654837999999998
0
LINE
8
BLACK
6
CONTINUOUS
10
53.3191969999999955
20
-98.654837999999998
11
53.5096729999999994
21
-98.7500759999999929
0
LINE
8
BLACK
6
CONTINUOUS
10
53.5096729999999994
20
-98.7500759999999929
11
53.6049109999999942
21
-98.8453140000000019
0
LINE
8
BLACK
6
CONTINUOUS
10
53.6049109999999942
20
-98.8453140000000019
11
53.7001489999999961
21
-99.0357899999999916
0
LINE
8
BLACK
6
CONTINUOUS
10
53.7001489999999961
20
-99.0357899999999916
11
53.7953869999999981
21
-99.4167419999999993
0
LINE
8
BLACK
6
CONTINUOUS
10
53.7953869999999981
20
-99.4167419999999993
11
53.7953869999999981
21
-99.8929329999999993
0
LINE
8
BLACK
6
CONTINUOUS
10
53.7953869999999981
20
-99.8929329999999993
11
53.7001489999999961
21
-100.2738849999999928
0
LINE
8
BLACK
6
CONTINUOUS
10
53.7001489999999961
20
-100.2738849999999928
11
53.6049109999999942
21
-100.4643609999999967
0
LINE
8
BLACK
6
CONTINUOUS
10
53.6049109999999942
20
-100.4643609999999967
11
53.5096729999999994
21
-100.559599999999989
0
LINE
8
BLACK
6
CONTINUOUS
10
53.5096729999999994
20
-100.559599999999989
11
53.3191969999999955
21
-100.654837999999998
0
LINE
8
BLACK
6
CONTINUOUS
10
53.3191969999999955
20
-100.654837999999998
11
53.1287199999999942
21
-100.654837999999998
0
LINE
8
BLACK
6
CONTINUOUS
10
53.1287199999999942
20
-100.654837999999998
11
52.9382439999999974
21
-100.559599999999989
0
LINE
8
BLACK
6
CONTINUOUS
10
52.9382439999999974
20
-100.559599999999989
11
52.8430059999999955
21
-100.4643609999999967
0
LINE
8
BLACK
6
CONTINUOUS
10
52.8430059999999955
20
-100.4643609999999967
11
52.7477680000000007
21
-100.2738849999999928
0
LINE
8
BLACK
6
CONTINUOUS
10
52.7477680000000007
20
-100.2738849999999928
11
52.6525299999999987
21
-99.8929329999999993
0
LINE
8
BLACK
6
CONTINUOUS
10
52.6525299999999987
20
-99.8929329999999993
11
52.6525299999999987
21
-99.4167419999999993
0
LINE
8
BLACK
6
CONTINUOUS
10
52.6525299999999987
20
-99.4167419999999993
11
52.7477680000000007
21
-99.0357899999999916
0
LINE
8
BLACK
6
CONTINUOUS
10
52.7477680000000007
20
-99.0357899999999916
11
52.8430059999999955
21
-98.8453140000000019
0
LINE
8
BLACK
6
CONTINUOUS
10
52.8430059999999955
20
-98.8453140000000019
11
52.9382439999999974
21
-98.7500759999999929
0
LINE
8
BLACK
6
CONTINUOUS
10
52.9382439999999974
20
-98.7500759999999929
11
53.1287199999999942
21
-98.654837999999998
0
LINE
8
BLACK
6
CONTINUOUS
10
54.6525299999999987
20
-100.4643609999999967
11
54.7477680000000007
21
-100.559599999999989
0
LINE
8
BLACK
6
CONTINUOUS
10
54.7477680000000007
20
-100.559599999999989
11
54.6525299999999987
21
-100.654837999999998
0
LINE
8
BLACK
6
CONTINUOUS
10
54.6525299999999987
20
-100.654837999999998
11
54.5572919999999968
21
-100.559599999999989
0
LINE
8
BLACK
6
CONTINUOUS
10
54.5572919999999968
20
-100.559599999999989
11
54.6525299999999987
21
-100.4643609999999967
0
LINE
8
BLACK
6
CONTINUOUS
10
54.6525299999999987
20
-100.4643609999999967
11
54.6525299999999987
21
-100.654837999999998
0
LINE
8
BLACK
6
CONTINUOUS
10
56.4620539999999949
20
-99.3215039999999902
11
56.4620539999999949
21
-100.654837999999998
0
LINE
8
BLACK
6
CONTINUOUS
10
55.9858629999999948
20
-98.559599999999989
11
55.5096729999999994
21
-99.9881709999999941
0
LINE
8
BLACK
6
CONTINUOUS
10
55.5096729999999994
20
-99.9881709999999941
11
56.7477680000000007
21
-99.9881709999999941
0
LINE
8
BLACK
6
CONTINUOUS
10
57.890625
20
-98.654837999999998
11
58.0811019999999942
21
-98.654837999999998
0
LINE
8
BLACK
6
CONTINUOUS
10
58.0811019999999942
20
-98.654837999999998
11
58.2715779999999981
21
-98.7500759999999929
0
LINE
8
BLACK
6
CONTINUOUS
10
58.2715779999999981
20
-98.7500759999999929
11
58.366816
21
-98.8453140000000019
0
LINE
8
BLACK
6
CONTINUOUS
10
58.366816
20
-98.8453140000000019
11
58.4620539999999949
21
-99.0357899999999916
0
LINE
8
BLACK
6
CONTINUOUS
10
58.4620539999999949
20
-99.0357899999999916
11
58.5572919999999968
21
-99.4167419999999993
0
LINE
8
BLACK
6
CONTINUOUS
10
58.5572919999999968
20
-99.4167419999999993
11
58.5572919999999968
21
-99.8929329999999993
0
LINE
8
BLACK
6
CONTINUOUS
10
58.5572919999999968
20
-99.8929329999999993
11
58.4620539999999949
21
-100.2738849999999928
0
LINE
8
BLACK
6
CONTINUOUS
10
58.4620539999999949
20
-100.2738849999999928
11
58.366816
21
-100.4643609999999967
0
LINE
8
BLACK
6
CONTINUOUS
10
58.366816
20
-100.4643609999999967
11
58.2715779999999981
21
-100.559599999999989
0
LINE
8
BLACK
6
CONTINUOUS
10
58.2715779999999981
20
-100.559599999999989
11
58.0811019999999942
21
-100.654837999999998
0
LINE
8
BLACK
6
CONTINUOUS
10
58.0811019999999942
20
-100.654837999999998
11
57.890625
21
-100.654837999999998
0
LINE
8
BLACK
6
CONTINUOUS
10
57.890625
20
-100.654837999999998
11
57.7001489999999961
21
-100.559599999999989
0
LINE
8
BLACK
6
CONTINUOUS
10
57.7001489999999961
20
-100.559599999999989
11
57.6049109999999942
21
-100.4643609999999967
0
LINE
8
BLACK
6
CONTINUOUS
10
57.6049109999999942
20
-100.4643609999999967
11
57.5096729999999994
21
-100.2738849999999928
0
LINE
8
BLACK
6
CONTINUOUS
10
57.5096729999999994
20
-100.2738849999999928
11
57.4144349999999974
21
-99.8929329999999993
0
LINE
8
BLACK
6
CONTINUOUS
10
57.4144349999999974
20
-99.8929329999999993
11
57.4144349999999974
21
-99.4167419999999993
0
LINE
8
BLACK
6
CONTINUOUS
10
57.4144349999999974
20
-99.4167419999999993
11
57.5096729999999994
21
-99.0357899999999916
0
LINE
8
BLACK
6
CONTINUOUS
10
57.5096729999999994
20
-99.0357899999999916
11
57.6049109999999942
21
-98.8453140000000019
0
LINE
8
BLACK
6
CONTINUOUS
10
57.6049109999999942
20
-98.8453140000000019
11
57.7001489999999961
21
-98.7500759999999929
0
LINE
8
BLACK
6
CONTINUOUS
10
57.7001489999999961
20
-98.7500759999999929
11
57.890625
21
-98.654837999999998
0
LINE
8
BLACK
6
CONTINUOUS
10
59.7953869999999981
20
-98.654837999999998
11
59.9858639999999994
21
-98.654837999999998
0
LINE
8
BLACK
6
CONTINUOUS
10
59.9858639999999994
20
-98.654837999999998
11
60.1763399999999962
21
-98.7500759999999929
0
LINE
8
BLACK
6
CONTINUOUS
10
60.1763399999999962
20
-98.7500759999999929
11
60.2715779999999981
21
-98.8453140000000019
0
LINE
8
BLACK
6
CONTINUOUS
10
60.2715779999999981
20
-98.8453140000000019
11
60.366816
21
-99.0357899999999916
0
LINE
8
BLACK
6
CONTINUOUS
10
60.366816
20
-99.0357899999999916
11
60.4620539999999949
21
-99.4167419999999993
0
LINE
8
BLACK
6
CONTINUOUS
10
60.4620539999999949
20
-99.4167419999999993
11
60.4620539999999949
21
-99.8929329999999993
0
LINE
8
BLACK
6
CONTINUOUS
10
60.4620539999999949
20
-99.8929329999999993
11
60.366816
21
-100.2738849999999928
0
LINE
8
BLACK
6
CONTINUOUS
10
60.366816
20
-100.2738849999999928
11
60.2715779999999981
21
-100.4643609999999967
0
LINE
8
BLACK
6
CONTINUOUS
10
60.2715779999999981
20
-100.4643609999999967
11
60.1763399999999962
21
-100.559599999999989
0
LINE
8
BLACK
6
CONTINUOUS
10
60.1763399999999962
20
-100.559599999999989
11
59.9858639999999994
21
-100.654837999999998
0
LINE
8
BLACK
6
CONTINUOUS
10
59.9858639999999994
20
-100.654837999999998
11
59.7953869999999981
21
-100.654837999999998
0
LINE
8
BLACK
6
CONTINUOUS
10
59.7953869999999981
20
-100.654837999999998
11
59.6049109999999942
21
-100.559599999999989
0
LINE
8
BLACK
6
CONTINUOUS
10
59.6049109999999942
20
-100.559599999999989
11
59.5096729999999994
21
-100.4643609999999967
0
LINE
8
BLACK
6
CONTINUOUS
10
59.5096729999999994
20
-100.4643609999999967
11
59.4144349999999974
21
-100.2738849999999928
0
LINE
8
BLACK
6
CONTINUOUS
10
59.4144349999999974
20
-100.2738849999999928
11
59.3191969999999955
21
-99.8929329999999993
0
LINE
8
BLACK
6
CONTINUOUS
10
59.3191969999999955
20
-99.8929329999999993
11
59.3191969999999955
21
-99.4167419999999993
0
LINE
8
BLACK
6
CONTINUOUS
10
59.3191969999999955
20
-99.4167419999999993
11
59.4144349999999974
21
-99.0357899999999916
0
LINE
8
BLACK
6
CONTINUOUS
10
59.4144349999999974
20
-99.0357899999999916
11
59.5096729999999994
21
-98.8453140000000019
0
LINE
8
BLACK
6
CONTINUOUS
10
59.5096729999999994
20
-98.8453140000000019
11
59.6049109999999942
21
-98.7500759999999929
0
LINE
8
BLACK
6
CONTINUOUS
10
59.6049109999999942
20
-98.7500759999999929
11
59.7953869999999981
21
-98.654837999999998
0
LINE
8
BLACK
6
CONTINUOUS
10
61.3191969999999955
20
-100.654837999999998
11
61.3191969999999955
21
-99.3215039999999902
0
LINE
8
BLACK
6
CONTINUOUS
10
61.3191969999999955
20
-99.5119799999999941
11
61.4144349999999974
21
-99.4167419999999993
0
LINE
8
BLACK
6
CONTINUOUS
10
61.4144349999999974
20
-99.4167419999999993
11
61.6049109999999942
21
-99.3215039999999902
0
LINE
8
BLACK
6
CONTINUOUS
10
61.6049109999999942
20
-99.3215039999999902
11
61.8906259999999975
21
-99.3215039999999902
0
LINE
8
BLACK
6
CONTINUOUS
10
61.8906259999999975
20
-99.3215039999999902
11
62.0811019999999942
21
-99.4167419999999993
0
LINE
8
BLACK
6
CONTINUOUS
10
62.0811019999999942
20
-99.4167419999999993
11
62.1763399999999962
21
-99.6072190000000006
0
LINE
8
BLACK
6
CONTINUOUS
10
62.1763399999999962
20
-99.6072190000000006
11
62.1763399999999962
21
-100.654837999999998
0
LINE
8
BLACK
6
CONTINUOUS
10
62.1763399999999962
20
-99.6072190000000006
11
62.2715779999999981
21
-99.4167419999999993
0
LINE
8
BLACK
6
CONTINUOUS
10
62.2715779999999981
20
-99.4167419999999993
11
62.4620539999999949
21
-99.3215039999999902
0
LINE
8
BLACK
6
CONTINUOUS
10
62.4620539999999949
20
-99.3215039999999902
11
62.7477680000000007
21
-99.3215039999999902
0
LINE
8
BLACK
6
CONTINUOUS
10
62.7477680000000007
20
-99.3215039999999902
11
62.9382449999999949
21
-99.4167419999999993
0
LINE
8
BLACK
6
CONTINUOUS
10
62.9382449999999949
20
-99.4167419999999993
11
63.0334829999999968
21
-99.6072190000000006
0
LINE
8
BLACK
6
CONTINUOUS
10
63.0334829999999968
20
-99.6072190000000006
11
63.0334829999999968
21
-100.654837999999998
0
LINE
8
BLACK
6
CONTINUOUS
10
63.9858639999999994
20
-100.654837999999998
11
63.9858639999999994
21
-99.3215039999999902
0
LINE
8
BLACK
6
CONTINUOUS
10
63.9858639999999994
20
-99.5119799999999941
11
64.0811020000000013
21
-99.4167419999999993
0
LINE
8
BLACK
6
CONTINUOUS
10
64.0811020000000013
20
-99.4167419999999993
11
64.271577999999991
21
-99.3215039999999902
0
LINE
8
BLACK
6
CONTINUOUS
10
64.271577999999991
20
-99.3215039999999902
11
64.5572930000000014
21
-99.3215039999999902
0
LINE
8
BLACK
6
CONTINUOUS
10
64.5572930000000014
20
-99.3215039999999902
11
64.747768999999991
21
-99.4167419999999993
0
LINE
8
BLACK
6
CONTINUOUS
10
64.747768999999991
20
-99.4167419999999993
11
64.8430070000000001
21
-99.6072190000000006
0
LINE
8
BLACK
6
CONTINUOUS
10
64.8430070000000001
20
-99.6072190000000006
11
64.8430070000000001
21
-100.654837999999998
0
LINE
8
BLACK
6
CONTINUOUS
10
64.8430070000000001
20
-99.6072190000000006
11
64.9382449999999949
21
-99.4167419999999993
0
LINE
8
BLACK
6
CONTINUOUS
10
64.9382449999999949
20
-99.4167419999999993
11
65.1287209999999988
21
-99.3215039999999902
0
LINE
8
BLACK
6
CONTINUOUS
10
65.1287209999999988
20
-99.3215039999999902
11
65.4144349999999974
21
-99.3215039999999902
0
LINE
8
BLACK
6
CONTINUOUS
10
65.4144349999999974
20
-99.3215039999999902
11
65.6049119999999988
21
-99.4167419999999993
0
LINE
8
BLACK
6
CONTINUOUS
10
65.6049119999999988
20
-99.4167419999999993
11
65.7001499999999936
21
-99.6072190000000006
0
LINE
8
BLACK
6
CONTINUOUS
10
65.7001499999999936
20
-99.6072190000000006
11
65.7001499999999936
21
-100.654837999999998
0
LINE
8
BLACK
6
CONTINUOUS
10
69.6049119999999988
20
-98.559599999999989
11
67.890626999999995
21
-101.1310280000000006
0
LINE
8
BLACK
6
CONTINUOUS
10
72.1763409999999936
20
-98.654837999999998
11
72.366817999999995
21
-98.654837999999998
0
LINE
8
BLACK
6
CONTINUOUS
10
72.366817999999995
20
-98.654837999999998
11
72.5572939999999988
21
-98.7500759999999929
0
LINE
8
BLACK
6
CONTINUOUS
10
72.5572939999999988
20
-98.7500759999999929
11
72.6525319999999937
21
-98.8453140000000019
0
LINE
8
BLACK
6
CONTINUOUS
10
72.6525319999999937
20
-98.8453140000000019
11
72.7477700000000027
21
-99.0357899999999916
0
LINE
8
BLACK
6
CONTINUOUS
10
72.7477700000000027
20
-99.0357899999999916
11
72.8430079999999975
21
-99.4167419999999993
0
LINE
8
BLACK
6
CONTINUOUS
10
72.8430079999999975
20
-99.4167419999999993
11
72.8430079999999975
21
-99.8929329999999993
0
LINE
8
BLACK
6
CONTINUOUS
10
72.8430079999999975
20
-99.8929329999999993
11
72.7477700000000027
21
-100.2738849999999928
0
LINE
8
BLACK
6
CONTINUOUS
10
72.7477700000000027
20
-100.2738849999999928
11
72.6525319999999937
21
-100.4643609999999967
0
LINE
8
BLACK
6
CONTINUOUS
10
72.6525319999999937
20
-100.4643609999999967
11
72.5572939999999988
21
-100.559599999999989
0
LINE
8
BLACK
6
CONTINUOUS
10
72.5572939999999988
20
-100.559599999999989
11
72.366817999999995
21
-100.654837999999998
0
LINE
8
BLACK
6
CONTINUOUS
10
72.366817999999995
20
-100.654837999999998
11
72.1763409999999936
21
-100.654837999999998
0
LINE
8
BLACK
6
CONTINUOUS
10
72.1763409999999936
20
-100.654837999999998
11
71.9858649999999898
21
-100.559599999999989
0
LINE
8
BLACK
6
CONTINUOUS
10
71.9858649999999898
20
-100.559599999999989
11
71.890626999999995
21
-100.4643609999999967
0
LINE
8
BLACK
6
CONTINUOUS
10
71.890626999999995
20
-100.4643609999999967
11
71.7953890000000001
21
-100.2738849999999928
0
LINE
8
BLACK
6
CONTINUOUS
10
71.7953890000000001
20
-100.2738849999999928
11
71.7001509999999911
21
-99.8929329999999993
0
LINE
8
BLACK
6
CONTINUOUS
10
71.7001509999999911
20
-99.8929329999999993
11
71.7001509999999911
21
-99.4167419999999993
0
LINE
8
BLACK
6
CONTINUOUS
10
71.7001509999999911
20
-99.4167419999999993
11
71.7953890000000001
21
-99.0357899999999916
0
LINE
8
BLACK
6
CONTINUOUS
10
71.7953890000000001
20
-99.0357899999999916
11
71.890626999999995
21
-98.8453140000000019
0
LINE
8
BLACK
6
CONTINUOUS
10
71.890626999999995
20
-98.8453140000000019
11
71.9858649999999898
21
-98.7500759999999929
0
LINE
8
BLACK
6
CONTINUOUS
10
71.9858649999999898
20
-98.7500759999999929
11
72.1763409999999936
21
-98.654837999999998
0
LINE
8
BLACK
6
CONTINUOUS
10
73.7001509999999911
20
-100.4643609999999967
11
73.7953890000000001
21
-100.559599999999989
0
LINE
8
BLACK
6
CONTINUOUS
10
73.7953890000000001
20
-100.559599999999989
11
73.7001509999999911
21
-100.654837999999998
0
LINE
8
BLACK
6
CONTINUOUS
10
73.7001509999999911
20
-100.654837999999998
11
73.6049129999999963
21
-100.559599999999989
0
LINE
8
BLACK
6
CONTINUOUS
10
73.6049129999999963
20
-100.559599999999989
11
73.7001509999999911
21
-100.4643609999999967
0
LINE
8
BLACK
6
CONTINUOUS
10
73.7001509999999911
20
-100.4643609999999967
11
73.7001509999999911
21
-100.654837999999998
0
LINE
8
BLACK
6
CONTINUOUS
10
75.0334840000000014
20
-98.654837999999998
11
75.2239610000000027
21
-98.654837999999998
0
LINE
8
BLACK
6
CONTINUOUS
10
75.2239610000000027
20
-98.654837999999998
11
75.4144369999999924
21
-98.7500759999999929
0
LINE
8
BLACK
6
CONTINUOUS
10
75.4144369999999924
20
-98.7500759999999929
11
75.5096750000000014
21
-98.8453140000000019
0
LINE
8
BLACK
6
CONTINUOUS
10
75.5096750000000014
20
-98.8453140000000019
11
75.6049129999999963
21
-99.0357899999999916
0
LINE
8
BLACK
6
CONTINUOUS
10
75.6049129999999963
20
-99.0357899999999916
11
75.7001509999999911
21
-99.4167419999999993
0
LINE
8
BLACK
6
CONTINUOUS
10
75.7001509999999911
20
-99.4167419999999993
11
75.7001509999999911
21
-99.8929329999999993
0
LINE
8
BLACK
6
CONTINUOUS
10
75.7001509999999911
20
-99.8929329999999993
11
75.6049129999999963
21
-100.2738849999999928
0
LINE
8
BLACK
6
CONTINUOUS
10
75.6049129999999963
20
-100.2738849999999928
11
75.5096750000000014
21
-100.4643609999999967
0
LINE
8
BLACK
6
CONTINUOUS
10
75.5096750000000014
20
-100.4643609999999967
11
75.4144369999999924
21
-100.559599999999989
0
LINE
8
BLACK
6
CONTINUOUS
10
75.4144369999999924
20
-100.559599999999989
11
75.2239610000000027
21
-100.654837999999998
0
LINE
8
BLACK
6
CONTINUOUS
10
75.2239610000000027
20
-100.654837999999998
11
75.0334840000000014
21
-100.654837999999998
0
LINE
8
BLACK
6
CONTINUOUS
10
75.0334840000000014
20
-100.654837999999998
11
74.8430079999999975
21
-100.559599999999989
0
LINE
8
BLACK
6
CONTINUOUS
10
74.8430079999999975
20
-100.559599999999989
11
74.7477700000000027
21
-100.4643609999999967
0
LINE
8
BLACK
6
CONTINUOUS
10
74.7477700000000027
20
-100.4643609999999967
11
74.6525319999999937
21
-100.2738849999999928
0
LINE
8
BLACK
6
CONTINUOUS
10
74.6525319999999937
20
-100.2738849999999928
11
74.5572939999999988
21
-99.8929329999999993
0
LINE
8
BLACK
6
CONTINUOUS
10
74.5572939999999988
20
-99.8929329999999993
11
74.5572939999999988
21
-99.4167419999999993
0
LINE
8
BLACK
6
CONTINUOUS
10
74.5572939999999988
20
-99.4167419999999993
11
74.6525319999999937
21
-99.0357899999999916
0
LINE
8
BLACK
6
CONTINUOUS
10
74.6525319999999937
20
-99.0357899999999916
11
74.7477700000000027
21
-98.8453140000000019
0
LINE
8
BLACK
6
CONTINUOUS
10
74.7477700000000027
20
-98.8453140000000019
11
74.8430079999999975
21
-98.7500759999999929
0
LINE
8
BLACK
6
CONTINUOUS
10
74.8430079999999975
20
-98.7500759999999929
11
75.0334840000000014
21
-98.654837999999998
0
LINE
8
BLACK
6
CONTINUOUS
10
77.6049129999999963
20
-100.654837999999998
11
76.4620559999999898
21
-100.654837999999998
0
LINE
8
BLACK
6
CONTINUOUS
10
77.0334840000000014
20
-100.654837999999998
11
77.0334840000000014
21
-98.654837999999998
0
LINE
8
BLACK
6
CONTINUOUS
10
77.0334840000000014
20
-98.654837999999998
11
76.8430079999999975
21
-98.9405519999999967
0
LINE
8
BLACK
6
CONTINUOUS
10
76.8430079999999975
20
-98.9405519999999967
11
76.6525319999999937
21
-99.1310280000000006
0
LINE
8
BLACK
6
CONTINUOUS
10
76.6525319999999937
20
-99.1310280000000006
11
76.4620559999999898
21
-99.2262659999999954
0
LINE
8
BLACK
6
CONTINUOUS
10
79.4144369999999924
20
-98.654837999999998
11
78.4620559999999898
21
-98.654837999999998
0
LINE
8
BLACK
6
CONTINUOUS
10
78.4620559999999898
20
-98.654837999999998
11
78.366817999999995
21
-99.6072190000000006
0
LINE
8
BLACK
6
CONTINUOUS
10
78.366817999999995
20
-99.6072190000000006
11
78.4620559999999898
21
-99.5119799999999941
0
LINE
8
BLACK
6
CONTINUOUS
10
78.4620559999999898
20
-99.5119799999999941
11
78.6525319999999937
21
-99.4167419999999993
0
LINE
8
BLACK
6
CONTINUOUS
10
78.6525319999999937
20
-99.4167419999999993
11
79.1287229999999937
21
-99.4167419999999993
0
LINE
8
BLACK
6
CONTINUOUS
10
79.1287229999999937
20
-99.4167419999999993
11
79.3191989999999976
21
-99.5119799999999941
0
LINE
8
BLACK
6
CONTINUOUS
10
79.3191989999999976
20
-99.5119799999999941
11
79.4144369999999924
21
-99.6072190000000006
0
LINE
8
BLACK
6
CONTINUOUS
10
79.4144369999999924
20
-99.6072190000000006
11
79.5096750000000014
21
-99.7976949999999903
0
LINE
8
BLACK
6
CONTINUOUS
10
79.5096750000000014
20
-99.7976949999999903
11
79.5096750000000014
21
-100.2738849999999928
0
LINE
8
BLACK
6
CONTINUOUS
10
79.5096750000000014
20
-100.2738849999999928
11
79.4144369999999924
21
-100.4643609999999967
0
LINE
8
BLACK
6
CONTINUOUS
10
79.4144369999999924
20
-100.4643609999999967
11
79.3191989999999976
21
-100.559599999999989
0
LINE
8
BLACK
6
CONTINUOUS
10
79.3191989999999976
20
-100.559599999999989
11
79.1287229999999937
21
-100.654837999999998
0
LINE
8
BLACK
6
CONTINUOUS
10
79.1287229999999937
20
-100.654837999999998
11
78.6525319999999937
21
-100.654837999999998
0
LINE
8
BLACK
6
CONTINUOUS
10
78.6525319999999937
20
-100.654837999999998
11
78.4620559999999898
21
-100.559599999999989
0
LINE
8
BLACK
6
CONTINUOUS
10
78.4620559999999898
20
-100.559599999999989
11
78.366817999999995
21
-100.4643609999999967
0
LINE
8
BLACK
6
CONTINUOUS
10
80.1763419999999911
20
-98.654837999999998
11
81.5096750000000014
21
-98.654837999999998
0
LINE
8
BLACK
6
CONTINUOUS
10
81.5096750000000014
20
-98.654837999999998
11
80.6525319999999937
21
-100.654837999999998
0
LINE
8
BLACK
6
CONTINUOUS
10
82.1763419999999911
20
-98.654837999999998
11
82.1763419999999911
21
-99.0357899999999916
0
LINE
8
BLACK
6
CONTINUOUS
10
82.9382469999999898
20
-98.654837999999998
11
82.9382469999999898
21
-99.0357899999999916
0
LINE
8
BLACK
6
CONTINUOUS
10
85.8906289999999899
20
-101.4167419999999993
11
85.7953899999999976
21
-101.3215039999999902
0
LINE
8
BLACK
6
CONTINUOUS
10
85.7953899999999976
20
-101.3215039999999902
11
85.6049139999999937
21
-101.0357899999999916
0
LINE
8
BLACK
6
CONTINUOUS
10
85.6049139999999937
20
-101.0357899999999916
11
85.5096759999999989
21
-100.8453140000000019
0
LINE
8
BLACK
6
CONTINUOUS
10
85.5096759999999989
20
-100.8453140000000019
11
85.4144379999999899
21
-100.559599999999989
0
LINE
8
BLACK
6
CONTINUOUS
10
85.4144379999999899
20
-100.559599999999989
11
85.319199999999995
21
-100.083408999999989
0
LINE
8
BLACK
6
CONTINUOUS
10
85.319199999999995
20
-100.083408999999989
11
85.319199999999995
21
-99.7024569999999954
0
LINE
8
BLACK
6
CONTINUOUS
10
85.319199999999995
20
-99.7024569999999954
11
85.4144379999999899
21
-99.2262659999999954
0
LINE
8
BLACK
6
CONTINUOUS
10
85.4144379999999899
20
-99.2262659999999954
11
85.5096759999999989
21
-98.9405519999999967
0
LINE
8
BLACK
6
CONTINUOUS
10
85.5096759999999989
20
-98.9405519999999967
11
85.6049139999999937
21
-98.7500759999999929
0
LINE
8
BLACK
6
CONTINUOUS
10
85.6049139999999937
20
-98.7500759999999929
11
85.7953899999999976
21
-98.4643609999999967
0
LINE
8
BLACK
6
CONTINUOUS
10
85.7953899999999976
20
-98.4643609999999967
11
85.8906289999999899
21
-98.3691230000000019
0
LINE
8
BLACK
6
CONTINUOUS
10
86.4620570000000015
20
-98.654837999999998
11
87.7953899999999976
21
-98.654837999999998
0
LINE
8
BLACK
6
CONTINUOUS
10
87.7953899999999976
20
-98.654837999999998
11
86.9382469999999898
21
-100.654837999999998
0
LINE
8
BLACK
6
CONTINUOUS
10
88.4620570000000015
20
-98.8453140000000019
11
88.5572949999999963
21
-98.7500759999999929
0
LINE
8
BLACK
6
CONTINUOUS
10
88.5572949999999963
20
-98.7500759999999929
11
88.7477710000000002
21
-98.654837999999998
0
LINE
8
BLACK
6
CONTINUOUS
10
88.7477710000000002
20
-98.654837999999998
11
89.2239620000000002
21
-98.654837999999998
0
LINE
8
BLACK
6
CONTINUOUS
10
89.2239620000000002
20
-98.654837999999998
11
89.4144379999999899
21
-98.7500759999999929
0
LINE
8
BLACK
6
CONTINUOUS
10
89.4144379999999899
20
-98.7500759999999929
11
89.5096759999999989
21
-98.8453140000000019
0
LINE
8
BLACK
6
CONTINUOUS
10
89.5096759999999989
20
-98.8453140000000019
11
89.6049139999999937
21
-99.0357899999999916
0
LINE
8
BLACK
6
CONTINUOUS
10
89.6049139999999937
20
-99.0357899999999916
11
89.6049139999999937
21
-99.2262659999999954
0
LINE
8
BLACK
6
CONTINUOUS
10
89.6049139999999937
20
-99.2262659999999954
11
89.5096759999999989
21
-99.5119799999999941
0
LINE
8
BLACK
6
CONTINUOUS
10
89.5096759999999989
20
-99.5119799999999941
11
88.3668189999999925
21
-100.654837999999998
0
LINE
8
BLACK
6
CONTINUOUS
10
88.3668189999999925
20
-100.654837999999998
11
89.6049139999999937
21
-100.654837999999998
0
LINE
8
BLACK
6
CONTINUOUS
10
91.9858669999999989
20
-100.654837999999998
11
91.9858669999999989
21
-98.654837999999998
0
LINE
8
BLACK
6
CONTINUOUS
10
92.8430099999999925
20
-100.654837999999998
11
92.8430099999999925
21
-99.6072190000000006
0
LINE
8
BLACK
6
CONTINUOUS
10
92.8430099999999925
20
-99.6072190000000006
11
92.7477719999999977
21
-99.4167419999999993
0
LINE
8
BLACK
6
CONTINUOUS
10
92.7477719999999977
20
-99.4167419999999993
11
92.5572959999999938
21
-99.3215039999999902
0
LINE
8
BLACK
6
CONTINUOUS
10
92.5572959999999938
20
-99.3215039999999902
11
92.2715809999999976
21
-99.3215039999999902
0
LINE
8
BLACK
6
CONTINUOUS
10
92.2715809999999976
20
-99.3215039999999902
11
92.0811049999999938
21
-99.4167419999999993
0
LINE
8
BLACK
6
CONTINUOUS
10
92.0811049999999938
20
-99.4167419999999993
11
91.9858669999999989
21
-99.5119799999999941
0
LINE
8
BLACK
6
CONTINUOUS
10
94.0811049999999938
20
-100.654837999999998
11
93.8906289999999899
21
-100.559599999999989
0
LINE
8
BLACK
6
CONTINUOUS
10
93.8906289999999899
20
-100.559599999999989
11
93.7953909999999951
21
-100.4643609999999967
0
LINE
8
BLACK
6
CONTINUOUS
10
93.7953909999999951
20
-100.4643609999999967
11
93.7001530000000002
21
-100.2738849999999928
0
LINE
8
BLACK
6
CONTINUOUS
10
93.7001530000000002
20
-100.2738849999999928
11
93.7001530000000002
21
-99.7024569999999954
0
LINE
8
BLACK
6
CONTINUOUS
10
93.7001530000000002
20
-99.7024569999999954
11
93.7953909999999951
21
-99.5119799999999941
0
LINE
8
BLACK
6
CONTINUOUS
10
93.7953909999999951
20
-99.5119799999999941
11
93.8906289999999899
21
-99.4167419999999993
0
LINE
8
BLACK
6
CONTINUOUS
10
93.8906289999999899
20
-99.4167419999999993
11
94.0811049999999938
21
-99.3215039999999902
0
LINE
8
BLACK
6
CONTINUOUS
10
94.0811049999999938
20
-99.3215039999999902
11
94.3668199999999899
21
-99.3215039999999902
0
LINE
8
BLACK
6
CONTINUOUS
10
94.3668199999999899
20
-99.3215039999999902
11
94.5572959999999938
21
-99.4167419999999993
0
LINE
8
BLACK
6
CONTINUOUS
10
94.5572959999999938
20
-99.4167419999999993
11
94.6525339999999886
21
-99.5119799999999941
0
LINE
8
BLACK
6
CONTINUOUS
10
94.6525339999999886
20
-99.5119799999999941
11
94.7477719999999977
21
-99.7024569999999954
0
LINE
8
BLACK
6
CONTINUOUS
10
94.7477719999999977
20
-99.7024569999999954
11
94.7477719999999977
21
-100.2738849999999928
0
LINE
8
BLACK
6
CONTINUOUS
10
94.7477719999999977
20
-100.2738849999999928
11
94.6525339999999886
21
-100.4643609999999967
0
LINE
8
BLACK
6
CONTINUOUS
10
94.6525339999999886
20
-100.4643609999999967
11
94.5572959999999938
21
-100.559599999999989
0
LINE
8
BLACK
6
CONTINUOUS
10
94.5572959999999938
20
-100.559599999999989
11
94.3668199999999899
21
-100.654837999999998
0
LINE
8
BLACK
6
CONTINUOUS
10
94.3668199999999899
20
-100.654837999999998
11
94.0811049999999938
21
-100.654837999999998
0
LINE
8
BLACK
6
CONTINUOUS
10
95.8906289999999899
20
-100.654837999999998
11
95.7001530000000002
21
-100.559599999999989
0
LINE
8
BLACK
6
CONTINUOUS
10
95.7001530000000002
20
-100.559599999999989
11
95.6049149999999912
21
-100.3691230000000019
0
LINE
8
BLACK
6
CONTINUOUS
10
95.6049149999999912
20
-100.3691230000000019
11
95.6049149999999912
21
-98.654837999999998
0
LINE
8
BLACK
6
CONTINUOUS
10
97.4144390000000016
20
-100.559599999999989
11
97.2239629999999977
21
-100.654837999999998
0
LINE
8
BLACK
6
CONTINUOUS
10
97.2239629999999977
20
-100.654837999999998
11
96.8430099999999925
21
-100.654837999999998
0
LINE
8
BLACK
6
CONTINUOUS
10
96.8430099999999925
20
-100.654837999999998
11
96.6525339999999886
21
-100.559599999999989
0
LINE
8
BLACK
6
CONTINUOUS
10
96.6525339999999886
20
-100.559599999999989
11
96.5572959999999938
21
-100.3691230000000019
0
LINE
8
BLACK
6
CONTINUOUS
10
96.5572959999999938
20
-100.3691230000000019
11
96.5572959999999938
21
-99.6072190000000006
0
LINE
8
BLACK
6
CONTINUOUS
10
96.5572959999999938
20
-99.6072190000000006
11
96.6525339999999886
21
-99.4167419999999993
0
LINE
8
BLACK
6
CONTINUOUS
10
96.6525339999999886
20
-99.4167419999999993
11
96.8430099999999925
21
-99.3215039999999902
0
LINE
8
BLACK
6
CONTINUOUS
10
96.8430099999999925
20
-99.3215039999999902
11
97.2239629999999977
21
-99.3215039999999902
0
LINE
8
BLACK
6
CONTINUOUS
10
97.2239629999999977
20
-99.3215039999999902
11
97.4144390000000016
21
-99.4167419999999993
0
LINE
8
BLACK
6
CONTINUOUS
10
97.4144390000000016
20
-99.4167419999999993
11
97.5096769999999964
21
-99.6072190000000006
0
LINE
8
BLACK
6
CONTINUOUS
10
97.5096769999999964
20
-99.6072190000000006
11
97.5096769999999964
21
-99.7976949999999903
0
LINE
8
BLACK
6
CONTINUOUS
10
97.5096769999999964
20
-99.7976949999999903
11
96.5572959999999938
21
-99.9881709999999941
0
LINE
8
BLACK
6
CONTINUOUS
10
98.2715819999999951
20
-100.559599999999989
11
98.462057999999999
21
-100.654837999999998
0
LINE
8
BLACK
6
CONTINUOUS
10
98.462057999999999
20
-100.654837999999998
11
98.8430099999999925
21
-100.654837999999998
0
LINE
8
BLACK
6
CONTINUOUS
10
98.8430099999999925
20
-100.654837999999998
11
99.0334869999999938
21
-100.559599999999989
0
LINE
8
BLACK
6
CONTINUOUS
10
99.0334869999999938
20
-100.559599999999989
11
99.1287249999999887
21
-100.3691230000000019
0
LINE
8
BLACK
6
CONTINUOUS
10
99.1287249999999887
20
-100.3691230000000019
11
99.1287249999999887
21
-100.2738849999999928
0
LINE
8
BLACK
6
CONTINUOUS
10
99.1287249999999887
20
-100.2738849999999928
11
99.0334869999999938
21
-100.083408999999989
0
LINE
8
BLACK
6
CONTINUOUS
10
99.0334869999999938
20
-100.083408999999989
11
98.8430099999999925
21
-99.9881709999999941
0
LINE
8
BLACK
6
CONTINUOUS
10
98.8430099999999925
20
-99.9881709999999941
11
98.5572959999999938
21
-99.9881709999999941
0
LINE
8
BLACK
6
CONTINUOUS
10
98.5572959999999938
20
-99.9881709999999941
11
98.3668199999999899
21
-99.8929329999999993
0
LINE
8
BLACK
6
CONTINUOUS
10
98.3668199999999899
20
-99.8929329999999993
11
98.2715819999999951
21
-99.7024569999999954
0
LINE
8
BLACK
6
CONTINUOUS
10
98.2715819999999951
20
-99.7024569999999954
11
98.2715819999999951
21
-99.6072190000000006
0
LINE
8
BLACK
6
CONTINUOUS
10
98.2715819999999951
20
-99.6072190000000006
11
98.3668199999999899
21
-99.4167419999999993
0
LINE
8
BLACK
6
CONTINUOUS
10
98.3668199999999899
20
-99.4167419999999993
11
98.5572959999999938
21
-99.3215039999999902
0
LINE
8
BLACK
6
CONTINUOUS
10
98.5572959999999938
20
-99.3215039999999902
11
98.8430099999999925
21
-99.3215039999999902
0
LINE
8
BLACK
6
CONTINUOUS
10
98.8430099999999925
20
-99.3215039999999902
11
99.0334869999999938
21
-99.4167419999999993
0
LINE
8
BLACK
6
CONTINUOUS
10
99.7953919999999925
20
-101.4167419999999993
11
99.8906300000000016
21
-101.3215039999999902
0
LINE
8
BLACK
6
CONTINUOUS
10
99.8906300000000016
20
-101.3215039999999902
11
100.0811059999999912
21
-101.0357899999999916
0
LINE
8
BLACK
6
CONTINUOUS
10
100.0811059999999912
20
-101.0357899999999916
11
100.1763440000000003
21
-100.8453140000000019
0
LINE
8
BLACK
6
CONTINUOUS
10
100.1763440000000003
20
-100.8453140000000019
11
100.2715819999999951
21
-100.559599999999989
0
LINE
8
BLACK
6
CONTINUOUS
10
100.2715819999999951
20
-100.559599999999989
11
100.3668199999999899
21
-100.083408999999989
0
LINE
8
BLACK
6
CONTINUOUS
10
100.3668199999999899
20
-100.083408999999989
11
100.3668199999999899
21
-99.7024569999999954
0
LINE
8
BLACK
6
CONTINUOUS
10
100.3668199999999899
20
-99.7024569999999954
11
100.2715819999999951
21
-99.2262659999999954
0
LINE
8
BLACK
6
CONTINUOUS
10
100.2715819999999951
20
-99.2262659999999954
11
100.1763440000000003
21
-98.9405519999999967
0
LINE
8
BLACK
6
CONTINUOUS
10
100.1763440000000003
20
-98.9405519999999967
11
100.0811059999999912
21
-98.7500759999999929
0
LINE
8
BLACK
6
CONTINUOUS
10
100.0811059999999912
20
-98.7500759999999929
11
99.8906300000000016
21
-98.4643609999999967
0
LINE
8
BLACK
6
CONTINUOUS
10
99.8906300000000016
20
-98.4643609999999967
11
99.7953919999999925
21
-98.3691230000000019
0
LINE
8
BLACK
6
CONTINUOUS
10
50.0814230000000009
20
-102.5214229999999986
11
50.0814230000000009
21
-102.2385769999999923
0
LINE
8
BLACK
6
CONTINUOUS
10
50.0814230000000009
20
-102.2385769999999923
11
49.7985769999999945
21
-102.2385769999999923
0
LINE
8
BLACK
6
CONTINUOUS
10
49.7985769999999945
20
-102.2385769999999923
11
49.7985769999999945
21
-102.5214229999999986
0
LINE
8
BLACK
6
CONTINUOUS
10
49.7985769999999945
20
-102.5214229999999986
11
50.0814230000000009
21
-102.5214229999999986
0
LINE
8
BLACK
6
CONTINUOUS
10
53.1287199999999942
20
-101.2948379999999986
11
53.3191969999999955
21
-101.2948379999999986
0
LINE
8
BLACK
6
CONTINUOUS
10
53.3191969999999955
20
-101.2948379999999986
11
53.5096729999999994
21
-101.3900759999999934
0
LINE
8
BLACK
6
CONTINUOUS
10
53.5096729999999994
20
-101.3900759999999934
11
53.6049109999999942
21
-101.4853140000000025
0
LINE
8
BLACK
6
CONTINUOUS
10
53.6049109999999942
20
-101.4853140000000025
11
53.7001489999999961
21
-101.6757899999999921
0
LINE
8
BLACK
6
CONTINUOUS
10
53.7001489999999961
20
-101.6757899999999921
11
53.7953869999999981
21
-102.0567419999999998
0
LINE
8
BLACK
6
CONTINUOUS
10
53.7953869999999981
20
-102.0567419999999998
11
53.7953869999999981
21
-102.5329329999999999
0
LINE
8
BLACK
6
CONTINUOUS
10
53.7953869999999981
20
-102.5329329999999999
11
53.7001489999999961
21
-102.9138849999999934
0
LINE
8
BLACK
6
CONTINUOUS
10
53.7001489999999961
20
-102.9138849999999934
11
53.6049109999999942
21
-103.1043609999999973
0
LINE
8
BLACK
6
CONTINUOUS
10
53.6049109999999942
20
-103.1043609999999973
11
53.5096729999999994
21
-103.1995999999999896
0
LINE
8
BLACK
6
CONTINUOUS
10
53.5096729999999994
20
-103.1995999999999896
11
53.3191969999999955
21
-103.2948379999999986
0
LINE
8
BLACK
6
CONTINUOUS
10
53.3191969999999955
20
-103.2948379999999986
11
53.1287199999999942
21
-103.2948379999999986
0
LINE
8
BLACK
6
CONTINUOUS
10
53.1287199999999942
20
-103.2948379999999986
11
52.9382439999999974
21
-103.1995999999999896
0
LINE
8
BLACK
6
CONTINUOUS
10
52.9382439999999974
20
-103.1995999999999896
11
52.8430059999999955
21
-103.1043609999999973
0
LINE
8
BLACK
6
CONTINUOUS
10
52.8430059999999955
20
-103.1043609999999973
11
52.7477680000000007
21
-102.9138849999999934
0
LINE
8
BLACK
6
CONTINUOUS
10
52.7477680000000007
20
-102.9138849999999934
11
52.6525299999999987
21
-102.5329329999999999
0
LINE
8
BLACK
6
CONTINUOUS
10
52.6525299999999987
20
-102.5329329999999999
11
52.6525299999999987
21
-102.0567419999999998
0
LINE
8
BLACK
6
CONTINUOUS
10
52.6525299999999987
20
-102.0567419999999998
11
52.7477680000000007
21
-101.6757899999999921
0
LINE
8
BLACK
6
CONTINUOUS
10
52.7477680000000007
20
-101.6757899999999921
11
52.8430059999999955
21
-101.4853140000000025
0
LINE
8
BLACK
6
CONTINUOUS
10
52.8430059999999955
20
-101.4853140000000025
11
52.9382439999999974
21
-101.3900759999999934
0
LINE
8
BLACK
6
CONTINUOUS
10
52.9382439999999974
20
-101.3900759999999934
11
53.1287199999999942
21
-101.2948379999999986
0
LINE
8
BLACK
6
CONTINUOUS
10
54.6525299999999987
20
-103.1043609999999973
11
54.7477680000000007
21
-103.1995999999999896
0
LINE
8
BLACK
6
CONTINUOUS
10
54.7477680000000007
20
-103.1995999999999896
11
54.6525299999999987
21
-103.2948379999999986
0
LINE
8
BLACK
6
CONTINUOUS
10
54.6525299999999987
20
-103.2948379999999986
11
54.5572919999999968
21
-103.1995999999999896
0
LINE
8
BLACK
6
CONTINUOUS
10
54.5572919999999968
20
-103.1995999999999896
11
54.6525299999999987
21
-103.1043609999999973
0
LINE
8
BLACK
6
CONTINUOUS
10
54.6525299999999987
20
-103.1043609999999973
11
54.6525299999999987
21
-103.2948379999999986
0
LINE
8
BLACK
6
CONTINUOUS
10
56.4620539999999949
20
-101.9615039999999908
11
56.4620539999999949
21
-103.2948379999999986
0
LINE
8
BLACK
6
CONTINUOUS
10
55.9858629999999948
20
-101.1995999999999896
11
55.5096729999999994
21
-102.6281709999999947
0
LINE
8
BLACK
6
CONTINUOUS
10
55.5096729999999994
20
-102.6281709999999947
11
56.7477680000000007
21
-102.6281709999999947
0
LINE
8
BLACK
6
CONTINUOUS
10
57.890625
20
-101.2948379999999986
11
58.0811019999999942
21
-101.2948379999999986
0
LINE
8
BLACK
6
CONTINUOUS
10
58.0811019999999942
20
-101.2948379999999986
11
58.2715779999999981
21
-101.3900759999999934
0
LINE
8
BLACK
6
CONTINUOUS
10
58.2715779999999981
20
-101.3900759999999934
11
58.366816
21
-101.4853140000000025
0
LINE
8
BLACK
6
CONTINUOUS
10
58.366816
20
-101.4853140000000025
11
58.4620539999999949
21
-101.6757899999999921
0
LINE
8
BLACK
6
CONTINUOUS
10
58.4620539999999949
20
-101.6757899999999921
11
58.5572919999999968
21
-102.0567419999999998
0
LINE
8
BLACK
6
CONTINUOUS
10
58.5572919999999968
20
-102.0567419999999998
11
58.5572919999999968
21
-102.5329329999999999
0
LINE
8
BLACK
6
CONTINUOUS
10
58.5572919999999968
20
-102.5329329999999999
11
58.4620539999999949
21
-102.9138849999999934
0
LINE
8
BLACK
6
CONTINUOUS
10
58.4620539999999949
20
-102.9138849999999934
11
58.366816
21
-103.1043609999999973
0
LINE
8
BLACK
6
CONTINUOUS
10
58.366816
20
-103.1043609999999973
11
58.2715779999999981
21
-103.1995999999999896
0
LINE
8
BLACK
6
CONTINUOUS
10
58.2715779999999981
20
-103.1995999999999896
11
58.0811019999999942
21
-103.2948379999999986
0
LINE
8
BLACK
6
CONTINUOUS
10
58.0811019999999942
20
-103.2948379999999986
11
57.890625
21
-103.2948379999999986
0
LINE
8
BLACK
6
CONTINUOUS
10
57.890625
20
-103.2948379999999986
11
57.7001489999999961
21
-103.1995999999999896
0
LINE
8
BLACK
6
CONTINUOUS
10
57.7001489999999961
20
-103.1995999999999896
11
57.6049109999999942
21
-103.1043609999999973
0
LINE
8
BLACK
6
CONTINUOUS
10
57.6049109999999942
20
-103.1043609999999973
11
57.5096729999999994
21
-102.9138849999999934
0
LINE
8
BLACK
6
CONTINUOUS
10
57.5096729999999994
20
-102.9138849999999934
11
57.4144349999999974
21
-102.5329329999999999
0
LINE
8
BLACK
6
CONTINUOUS
10
57.4144349999999974
20
-102.5329329999999999
11
57.4144349999999974
21
-102.0567419999999998
0
LINE
8
BLACK
6
CONTINUOUS
10
57.4144349999999974
20
-102.0567419999999998
11
57.5096729999999994
21
-101.6757899999999921
0
LINE
8
BLACK
6
CONTINUOUS
10
57.5096729999999994
20
-101.6757899999999921
11
57.6049109999999942
21
-101.4853140000000025
0
LINE
8
BLACK
6
CONTINUOUS
10
57.6049109999999942
20
-101.4853140000000025
11
57.7001489999999961
21
-101.3900759999999934
0
LINE
8
BLACK
6
CONTINUOUS
10
57.7001489999999961
20
-101.3900759999999934
11
57.890625
21
-101.2948379999999986
0
LINE
8
BLACK
6
CONTINUOUS
10
59.7953869999999981
20
-101.2948379999999986
11
59.9858639999999994
21
-101.2948379999999986
0
LINE
8
BLACK
6
CONTINUOUS
10
59.9858639999999994
20
-101.2948379999999986
11
60.1763399999999962
21
-101.3900759999999934
0
LINE
8
BLACK
6
CONTINUOUS
10
60.1763399999999962
20
-101.3900759999999934
11
60.2715779999999981
21
-101.4853140000000025
0
LINE
8
BLACK
6
CONTINUOUS
10
60.2715779999999981
20
-101.4853140000000025
11
60.366816
21
-101.6757899999999921
0
LINE
8
BLACK
6
CONTINUOUS
10
60.366816
20
-101.6757899999999921
11
60.4620539999999949
21
-102.0567419999999998
0
LINE
8
BLACK
6
CONTINUOUS
10
60.4620539999999949
20
-102.0567419999999998
11
60.4620539999999949
21
-102.5329329999999999
0
LINE
8
BLACK
6
CONTINUOUS
10
60.4620539999999949
20
-102.5329329999999999
11
60.366816
21
-102.9138849999999934
0
LINE
8
BLACK
6
CONTINUOUS
10
60.366816
20
-102.9138849999999934
11
60.2715779999999981
21
-103.1043609999999973
0
LINE
8
BLACK
6
CONTINUOUS
10
60.2715779999999981
20
-103.1043609999999973
11
60.1763399999999962
21
-103.1995999999999896
0
LINE
8
BLACK
6
CONTINUOUS
10
60.1763399999999962
20
-103.1995999999999896
11
59.9858639999999994
21
-103.2948379999999986
0
LINE
8
BLACK
6
CONTINUOUS
10
59.9858639999999994
20
-103.2948379999999986
11
59.7953869999999981
21
-103.2948379999999986
0
LINE
8
BLACK
6
CONTINUOUS
10
59.7953869999999981
20
-103.2948379999999986
11
59.6049109999999942
21
-103.1995999999999896
0
LINE
8
BLACK
6
CONTINUOUS
10
59.6049109999999942
20
-103.1995999999999896
11
59.5096729999999994
21
-103.1043609999999973
0
LINE
8
BLACK
6
CONTINUOUS
10
59.5096729999999994
20
-103.1043609999999973
11
59.4144349999999974
21
-102.9138849999999934
0
LINE
8
BLACK
6
CONTINUOUS
10
59.4144349999999974
20
-102.9138849999999934
11
59.3191969999999955
21
-102.5329329999999999
0
LINE
8
BLACK
6
CONTINUOUS
10
59.3191969999999955
20
-102.5329329999999999
11
59.3191969999999955
21
-102.0567419999999998
0
LINE
8
BLACK
6
CONTINUOUS
10
59.3191969999999955
20
-102.0567419999999998
11
59.4144349999999974
21
-101.6757899999999921
0
LINE
8
BLACK
6
CONTINUOUS
10
59.4144349999999974
20
-101.6757899999999921
11
59.5096729999999994
21
-101.4853140000000025
0
LINE
8
BLACK
6
CONTINUOUS
10
59.5096729999999994
20
-101.4853140000000025
11
59.6049109999999942
21
-101.3900759999999934
0
LINE
8
BLACK
6
CONTINUOUS
10
59.6049109999999942
20
-101.3900759999999934
11
59.7953869999999981
21
-101.2948379999999986
0
LINE
8
BLACK
6
CONTINUOUS
10
61.3191969999999955
20
-103.2948379999999986
11
61.3191969999999955
21
-101.9615039999999908
0
LINE
8
BLACK
6
CONTINUOUS
10
61.3191969999999955
20
-102.1519799999999947
11
61.4144349999999974
21
-102.0567419999999998
0
LINE
8
BLACK
6
CONTINUOUS
10
61.4144349999999974
20
-102.0567419999999998
11
61.6049109999999942
21
-101.9615039999999908
0
LINE
8
BLACK
6
CONTINUOUS
10
61.6049109999999942
20
-101.9615039999999908
11
61.8906259999999975
21
-101.9615039999999908
0
LINE
8
BLACK
6
CONTINUOUS
10
61.8906259999999975
20
-101.9615039999999908
11
62.0811019999999942
21
-102.0567419999999998
0
LINE
8
BLACK
6
CONTINUOUS
10
62.0811019999999942
20
-102.0567419999999998
11
62.1763399999999962
21
-102.2472190000000012
0
LINE
8
BLACK
6
CONTINUOUS
10
62.1763399999999962
20
-102.2472190000000012
11
62.1763399999999962
21
-103.2948379999999986
0
LINE
8
BLACK
6
CONTINUOUS
10
62.1763399999999962
20
-102.2472190000000012
11
62.2715779999999981
21
-102.0567419999999998
0
LINE
8
BLACK
6
CONTINUOUS
10
62.2715779999999981
20
-102.0567419999999998
11
62.4620539999999949
21
-101.9615039999999908
0
LINE
8
BLACK
6
CONTINUOUS
10
62.4620539999999949
20
-101.9615039999999908
11
62.7477680000000007
21
-101.9615039999999908
0
LINE
8
BLACK
6
CONTINUOUS
10
62.7477680000000007
20
-101.9615039999999908
11
62.9382449999999949
21
-102.0567419999999998
0
LINE
8
BLACK
6
CONTINUOUS
10
62.9382449999999949
20
-102.0567419999999998
11
63.0334829999999968
21
-102.2472190000000012
0
LINE
8
BLACK
6
CONTINUOUS
10
63.0334829999999968
20
-102.2472190000000012
11
63.0334829999999968
21
-103.2948379999999986
0
LINE
8
BLACK
6
CONTINUOUS
10
63.9858639999999994
20
-103.2948379999999986
11
63.9858639999999994
21
-101.9615039999999908
0
LINE
8
BLACK
6
CONTINUOUS
10
63.9858639999999994
20
-102.1519799999999947
11
64.0811020000000013
21
-102.0567419999999998
0
LINE
8
BLACK
6
CONTINUOUS
10
64.0811020000000013
20
-102.0567419999999998
11
64.271577999999991
21
-101.9615039999999908
0
LINE
8
BLACK
6
CONTINUOUS
10
64.271577999999991
20
-101.9615039999999908
11
64.5572930000000014
21
-101.9615039999999908
0
LINE
8
BLACK
6
CONTINUOUS
10
64.5572930000000014
20
-101.9615039999999908
11
64.747768999999991
21
-102.0567419999999998
0
LINE
8
BLACK
6
CONTINUOUS
10
64.747768999999991
20
-102.0567419999999998
11
64.8430070000000001
21
-102.2472190000000012
0
LINE
8
BLACK
6
CONTINUOUS
10
64.8430070000000001
20
-102.2472190000000012
11
64.8430070000000001
21
-103.2948379999999986
0
LINE
8
BLACK
6
CONTINUOUS
10
64.8430070000000001
20
-102.2472190000000012
11
64.9382449999999949
21
-102.0567419999999998
0
LINE
8
BLACK
6
CONTINUOUS
10
64.9382449999999949
20
-102.0567419999999998
11
65.1287209999999988
21
-101.9615039999999908
0
LINE
8
BLACK
6
CONTINUOUS
10
65.1287209999999988
20
-101.9615039999999908
11
65.4144349999999974
21
-101.9615039999999908
0
LINE
8
BLACK
6
CONTINUOUS
10
65.4144349999999974
20
-101.9615039999999908
11
65.6049119999999988
21
-102.0567419999999998
0
LINE
8
BLACK
6
CONTINUOUS
10
65.6049119999999988
20
-102.0567419999999998
11
65.7001499999999936
21
-102.2472190000000012
0
LINE
8
BLACK
6
CONTINUOUS
10
65.7001499999999936
20
-102.2472190000000012
11
65.7001499999999936
21
-103.2948379999999986
0
LINE
8
BLACK
6
CONTINUOUS
10
69.6049119999999988
20
-101.1995999999999896
11
67.890626999999995
21
-103.7710280000000012
0
LINE
8
BLACK
6
CONTINUOUS
10
72.1763409999999936
20
-101.2948379999999986
11
72.366817999999995
21
-101.2948379999999986
0
LINE
8
BLACK
6
CONTINUOUS
10
72.366817999999995
20
-101.2948379999999986
11
72.5572939999999988
21
-101.3900759999999934
0
LINE
8
BLACK
6
CONTINUOUS
10
72.5572939999999988
20
-101.3900759999999934
11
72.6525319999999937
21
-101.4853140000000025
0
LINE
8
BLACK
6
CONTINUOUS
10
72.6525319999999937
20
-101.4853140000000025
11
72.7477700000000027
21
-101.6757899999999921
0
LINE
8
BLACK
6
CONTINUOUS
10
72.7477700000000027
20
-101.6757899999999921
11
72.8430079999999975
21
-102.0567419999999998
0
LINE
8
BLACK
6
CONTINUOUS
10
72.8430079999999975
20
-102.0567419999999998
11
72.8430079999999975
21
-102.5329329999999999
0
LINE
8
BLACK
6
CONTINUOUS
10
72.8430079999999975
20
-102.5329329999999999
11
72.7477700000000027
21
-102.9138849999999934
0
LINE
8
BLACK
6
CONTINUOUS
10
72.7477700000000027
20
-102.9138849999999934
11
72.6525319999999937
21
-103.1043609999999973
0
LINE
8
BLACK
6
CONTINUOUS
10
72.6525319999999937
20
-103.1043609999999973
11
72.5572939999999988
21
-103.1995999999999896
0
LINE
8
BLACK
6
CONTINUOUS
10
72.5572939999999988
20
-103.1995999999999896
11
72.366817999999995
21
-103.2948379999999986
0
LINE
8
BLACK
6
CONTINUOUS
10
72.366817999999995
20
-103.2948379999999986
11
72.1763409999999936
21
-103.2948379999999986
0
LINE
8
BLACK
6
CONTINUOUS
10
72.1763409999999936
20
-103.2948379999999986
11
71.9858649999999898
21
-103.1995999999999896
0
LINE
8
BLACK
6
CONTINUOUS
10
71.9858649999999898
20
-103.1995999999999896
11
71.890626999999995
21
-103.1043609999999973
0
LINE
8
BLACK
6
CONTINUOUS
10
71.890626999999995
20
-103.1043609999999973
11
71.7953890000000001
21
-102.9138849999999934
0
LINE
8
BLACK
6
CONTINUOUS
10
71.7953890000000001
20
-102.9138849999999934
11
71.7001509999999911
21
-102.5329329999999999
0
LINE
8
BLACK
6
CONTINUOUS
10
71.7001509999999911
20
-102.5329329999999999
11
71.7001509999999911
21
-102.0567419999999998
0
LINE
8
BLACK
6
CONTINUOUS
10
71.7001509999999911
20
-102.0567419999999998
11
71.7953890000000001
21
-101.6757899999999921
0
LINE
8
BLACK
6
CONTINUOUS
10
71.7953890000000001
20
-101.6757899999999921
11
71.890626999999995
21
-101.4853140000000025
0
LINE
8
BLACK
6
CONTINUOUS
10
71.890626999999995
20
-101.4853140000000025
11
71.9858649999999898
21
-101.3900759999999934
0
LINE
8
BLACK
6
CONTINUOUS
10
71.9858649999999898
20
-101.3900759999999934
11
72.1763409999999936
21
-101.2948379999999986
0
LINE
8
BLACK
6
CONTINUOUS
10
73.7001509999999911
20
-103.1043609999999973
11
73.7953890000000001
21
-103.1995999999999896
0
LINE
8
BLACK
6
CONTINUOUS
10
73.7953890000000001
20
-103.1995999999999896
11
73.7001509999999911
21
-103.2948379999999986
0
LINE
8
BLACK
6
CONTINUOUS
10
73.7001509999999911
20
-103.2948379999999986
11
73.6049129999999963
21
-103.1995999999999896
0
LINE
8
BLACK
6
CONTINUOUS
10
73.6049129999999963
20
-103.1995999999999896
11
73.7001509999999911
21
-103.1043609999999973
0
LINE
8
BLACK
6
CONTINUOUS
10
73.7001509999999911
20
-103.1043609999999973
11
73.7001509999999911
21
-103.2948379999999986
0
LINE
8
BLACK
6
CONTINUOUS
10
75.0334840000000014
20
-101.2948379999999986
11
75.2239610000000027
21
-101.2948379999999986
0
LINE
8
BLACK
6
CONTINUOUS
10
75.2239610000000027
20
-101.2948379999999986
11
75.4144369999999924
21
-101.3900759999999934
0
LINE
8
BLACK
6
CONTINUOUS
10
75.4144369999999924
20
-101.3900759999999934
11
75.5096750000000014
21
-101.4853140000000025
0
LINE
8
BLACK
6
CONTINUOUS
10
75.5096750000000014
20
-101.4853140000000025
11
75.6049129999999963
21
-101.6757899999999921
0
LINE
8
BLACK
6
CONTINUOUS
10
75.6049129999999963
20
-101.6757899999999921
11
75.7001509999999911
21
-102.0567419999999998
0
LINE
8
BLACK
6
CONTINUOUS
10
75.7001509999999911
20
-102.0567419999999998
11
75.7001509999999911
21
-102.5329329999999999
0
LINE
8
BLACK
6
CONTINUOUS
10
75.7001509999999911
20
-102.5329329999999999
11
75.6049129999999963
21
-102.9138849999999934
0
LINE
8
BLACK
6
CONTINUOUS
10
75.6049129999999963
20
-102.9138849999999934
11
75.5096750000000014
21
-103.1043609999999973
0
LINE
8
BLACK
6
CONTINUOUS
10
75.5096750000000014
20
-103.1043609999999973
11
75.4144369999999924
21
-103.1995999999999896
0
LINE
8
BLACK
6
CONTINUOUS
10
75.4144369999999924
20
-103.1995999999999896
11
75.2239610000000027
21
-103.2948379999999986
0
LINE
8
BLACK
6
CONTINUOUS
10
75.2239610000000027
20
-103.2948379999999986
11
75.0334840000000014
21
-103.2948379999999986
0
LINE
8
BLACK
6
CONTINUOUS
10
75.0334840000000014
20
-103.2948379999999986
11
74.8430079999999975
21
-103.1995999999999896
0
LINE
8
BLACK
6
CONTINUOUS
10
74.8430079999999975
20
-103.1995999999999896
11
74.7477700000000027
21
-103.1043609999999973
0
LINE
8
BLACK
6
CONTINUOUS
10
74.7477700000000027
20
-103.1043609999999973
11
74.6525319999999937
21
-102.9138849999999934
0
LINE
8
BLACK
6
CONTINUOUS
10
74.6525319999999937
20
-102.9138849999999934
11
74.5572939999999988
21
-102.5329329999999999
0
LINE
8
BLACK
6
CONTINUOUS
10
74.5572939999999988
20
-102.5329329999999999
11
74.5572939999999988
21
-102.0567419999999998
0
LINE
8
BLACK
6
CONTINUOUS
10
74.5572939999999988
20
-102.0567419999999998
11
74.6525319999999937
21
-101.6757899999999921
0
LINE
8
BLACK
6
CONTINUOUS
10
74.6525319999999937
20
-101.6757899999999921
11
74.7477700000000027
21
-101.4853140000000025
0
LINE
8
BLACK
6
CONTINUOUS
10
74.7477700000000027
20
-101.4853140000000025
11
74.8430079999999975
21
-101.3900759999999934
0
LINE
8
BLACK
6
CONTINUOUS
10
74.8430079999999975
20
-101.3900759999999934
11
75.0334840000000014
21
-101.2948379999999986
0
LINE
8
BLACK
6
CONTINUOUS
10
77.6049129999999963
20
-103.2948379999999986
11
76.4620559999999898
21
-103.2948379999999986
0
LINE
8
BLACK
6
CONTINUOUS
10
77.0334840000000014
20
-103.2948379999999986
11
77.0334840000000014
21
-101.2948379999999986
0
LINE
8
BLACK
6
CONTINUOUS
10
77.0334840000000014
20
-101.2948379999999986
11
76.8430079999999975
21
-101.5805519999999973
0
LINE
8
BLACK
6
CONTINUOUS
10
76.8430079999999975
20
-101.5805519999999973
11
76.6525319999999937
21
-101.7710280000000012
0
LINE
8
BLACK
6
CONTINUOUS
10
76.6525319999999937
20
-101.7710280000000012
11
76.4620559999999898
21
-101.866265999999996
0
LINE
8
BLACK
6
CONTINUOUS
10
79.4144369999999924
20
-101.2948379999999986
11
78.4620559999999898
21
-101.2948379999999986
0
LINE
8
BLACK
6
CONTINUOUS
10
78.4620559999999898
20
-101.2948379999999986
11
78.366817999999995
21
-102.2472190000000012
0
LINE
8
BLACK
6
CONTINUOUS
10
78.366817999999995
20
-102.2472190000000012
11
78.4620559999999898
21
-102.1519799999999947
0
LINE
8
BLACK
6
CONTINUOUS
10
78.4620559999999898
20
-102.1519799999999947
11
78.6525319999999937
21
-102.0567419999999998
0
LINE
8
BLACK
6
CONTINUOUS
10
78.6525319999999937
20
-102.0567419999999998
11
79.1287229999999937
21
-102.0567419999999998
0
LINE
8
BLACK
6
CONTINUOUS
10
79.1287229999999937
20
-102.0567419999999998
11
79.3191989999999976
21
-102.1519799999999947
0
LINE
8
BLACK
6
CONTINUOUS
10
79.3191989999999976
20
-102.1519799999999947
11
79.4144369999999924
21
-102.2472190000000012
0
LINE
8
BLACK
6
CONTINUOUS
10
79.4144369999999924
20
-102.2472190000000012
11
79.5096750000000014
21
-102.4376949999999908
0
LINE
8
BLACK
6
CONTINUOUS
10
79.5096750000000014
20
-102.4376949999999908
11
79.5096750000000014
21
-102.9138849999999934
0
LINE
8
BLACK
6
CONTINUOUS
10
79.5096750000000014
20
-102.9138849999999934
11
79.4144369999999924
21
-103.1043609999999973
0
LINE
8
BLACK
6
CONTINUOUS
10
79.4144369999999924
20
-103.1043609999999973
11
79.3191989999999976
21
-103.1995999999999896
0
LINE
8
BLACK
6
CONTINUOUS
10
79.3191989999999976
20
-103.1995999999999896
11
79.1287229999999937
21
-103.2948379999999986
0
LINE
8
BLACK
6
CONTINUOUS
10
79.1287229999999937
20
-103.2948379999999986
11
78.6525319999999937
21
-103.2948379999999986
0
LINE
8
BLACK
6
CONTINUOUS
10
78.6525319999999937
20
-103.2948379999999986
11
78.4620559999999898
21
-103.1995999999999896
0
LINE
8
BLACK
6
CONTINUOUS
10
78.4620559999999898
20
-103.1995999999999896
11
78.366817999999995
21
-103.1043609999999973
0
LINE
8
BLACK
6
CONTINUOUS
10
80.1763419999999911
20
-101.2948379999999986
11
81.5096750000000014
21
-101.2948379999999986
0
LINE
8
BLACK
6
CONTINUOUS
10
81.5096750000000014
20
-101.2948379999999986
11
80.6525319999999937
21
-103.2948379999999986
0
LINE
8
BLACK
6
CONTINUOUS
10
82.1763419999999911
20
-101.2948379999999986
11
82.1763419999999911
21
-101.6757899999999921
0
LINE
8
BLACK
6
CONTINUOUS
10
82.9382469999999898
20
-101.2948379999999986
11
82.9382469999999898
21
-101.6757899999999921
0
LINE
8
BLACK
6
CONTINUOUS
10
85.8906289999999899
20
-104.0567419999999998
11
85.7953899999999976
21
-103.9615039999999908
0
LINE
8
BLACK
6
CONTINUOUS
10
85.7953899999999976
20
-103.9615039999999908
11
85.6049139999999937
21
-103.6757899999999921
0
LINE
8
BLACK
6
CONTINUOUS
10
85.6049139999999937
20
-103.6757899999999921
11
85.5096759999999989
21
-103.4853139999999883
0
LINE
8
BLACK
6
CONTINUOUS
10
85.5096759999999989
20
-103.4853139999999883
11
85.4144379999999899
21
-103.1995999999999896
0
LINE
8
BLACK
6
CONTINUOUS
10
85.4144379999999899
20
-103.1995999999999896
11
85.319199999999995
21
-102.7234089999999895
0
LINE
8
BLACK
6
CONTINUOUS
10
85.319199999999995
20
-102.7234089999999895
11
85.319199999999995
21
-102.342456999999996
0
LINE
8
BLACK
6
CONTINUOUS
10
85.319199999999995
20
-102.342456999999996
11
85.4144379999999899
21
-101.866265999999996
0
LINE
8
BLACK
6
CONTINUOUS
10
85.4144379999999899
20
-101.866265999999996
11
85.5096759999999989
21
-101.5805519999999973
0
LINE
8
BLACK
6
CONTINUOUS
10
85.5096759999999989
20
-101.5805519999999973
11
85.6049139999999937
21
-101.3900759999999934
0
LINE
8
BLACK
6
CONTINUOUS
10
85.6049139999999937
20
-101.3900759999999934
11
85.7953899999999976
21
-101.1043609999999973
0
LINE
8
BLACK
6
CONTINUOUS
10
85.7953899999999976
20
-101.1043609999999973
11
85.8906289999999899
21
-101.0091230000000024
0
LINE
8
BLACK
6
CONTINUOUS
10
86.9382469999999898
20
-102.1519799999999947
11
86.7477710000000002
21
-102.0567419999999998
0
LINE
8
BLACK
6
CONTINUOUS
10
86.7477710000000002
20
-102.0567419999999998
11
86.6525329999999911
21
-101.9615039999999908
0
LINE
8
BLACK
6
CONTINUOUS
10
86.6525329999999911
20
-101.9615039999999908
11
86.5572949999999963
21
-101.7710280000000012
0
LINE
8
BLACK
6
CONTINUOUS
10
86.5572949999999963
20
-101.7710280000000012
11
86.5572949999999963
21
-101.6757899999999921
0
LINE
8
BLACK
6
CONTINUOUS
10
86.5572949999999963
20
-101.6757899999999921
11
86.6525329999999911
21
-101.4853140000000025
0
LINE
8
BLACK
6
CONTINUOUS
10
86.6525329999999911
20
-101.4853140000000025
11
86.7477710000000002
21
-101.3900759999999934
0
LINE
8
BLACK
6
CONTINUOUS
10
86.7477710000000002
20
-101.3900759999999934
11
86.9382469999999898
21
-101.2948379999999986
0
LINE
8
BLACK
6
CONTINUOUS
10
86.9382469999999898
20
-101.2948379999999986
11
87.319199999999995
21
-101.2948379999999986
0
LINE
8
BLACK
6
CONTINUOUS
10
87.319199999999995
20
-101.2948379999999986
11
87.5096759999999989
21
-101.3900759999999934
0
LINE
8
BLACK
6
CONTINUOUS
10
87.5096759999999989
20
-101.3900759999999934
11
87.6049139999999937
21
-101.4853140000000025
0
LINE
8
BLACK
6
CONTINUOUS
10
87.6049139999999937
20
-101.4853140000000025
11
87.7001520000000028
21
-101.6757899999999921
0
LINE
8
BLACK
6
CONTINUOUS
10
87.7001520000000028
20
-101.6757899999999921
11
87.7001520000000028
21
-101.7710280000000012
0
LINE
8
BLACK
6
CONTINUOUS
10
87.7001520000000028
20
-101.7710280000000012
11
87.6049139999999937
21
-101.9615039999999908
0
LINE
8
BLACK
6
CONTINUOUS
10
87.6049139999999937
20
-101.9615039999999908
11
87.5096759999999989
21
-102.0567419999999998
0
LINE
8
BLACK
6
CONTINUOUS
10
87.5096759999999989
20
-102.0567419999999998
11
87.319199999999995
21
-102.1519799999999947
0
LINE
8
BLACK
6
CONTINUOUS
10
87.319199999999995
20
-102.1519799999999947
11
86.9382469999999898
21
-102.1519799999999947
0
LINE
8
BLACK
6
CONTINUOUS
10
86.9382469999999898
20
-102.1519799999999947
11
86.7477710000000002
21
-102.2472190000000012
0
LINE
8
BLACK
6
CONTINUOUS
10
86.7477710000000002
20
-102.2472190000000012
11
86.6525329999999911
21
-102.342456999999996
0
LINE
8
BLACK
6
CONTINUOUS
10
86.6525329999999911
20
-102.342456999999996
11
86.5572949999999963
21
-102.5329329999999999
0
LINE
8
BLACK
6
CONTINUOUS
10
86.5572949999999963
20
-102.5329329999999999
11
86.5572949999999963
21
-102.9138849999999934
0
LINE
8
BLACK
6
CONTINUOUS
10
86.5572949999999963
20
-102.9138849999999934
11
86.6525329999999911
21
-103.1043609999999973
0
LINE
8
BLACK
6
CONTINUOUS
10
86.6525329999999911
20
-103.1043609999999973
11
86.7477710000000002
21
-103.1995999999999896
0
LINE
8
BLACK
6
CONTINUOUS
10
86.7477710000000002
20
-103.1995999999999896
11
86.9382469999999898
21
-103.2948379999999986
0
LINE
8
BLACK
6
CONTINUOUS
10
86.9382469999999898
20
-103.2948379999999986
11
87.319199999999995
21
-103.2948379999999986
0
LINE
8
BLACK
6
CONTINUOUS
10
87.319199999999995
20
-103.2948379999999986
11
87.5096759999999989
21
-103.1995999999999896
0
LINE
8
BLACK
6
CONTINUOUS
10
87.5096759999999989
20
-103.1995999999999896
11
87.6049139999999937
21
-103.1043609999999973
0
LINE
8
BLACK
6
CONTINUOUS
10
87.6049139999999937
20
-103.1043609999999973
11
87.7001520000000028
21
-102.9138849999999934
0
LINE
8
BLACK
6
CONTINUOUS
10
87.7001520000000028
20
-102.9138849999999934
11
87.7001520000000028
21
-102.5329329999999999
0
LINE
8
BLACK
6
CONTINUOUS
10
87.7001520000000028
20
-102.5329329999999999
11
87.6049139999999937
21
-102.342456999999996
0
LINE
8
BLACK
6
CONTINUOUS
10
87.6049139999999937
20
-102.342456999999996
11
87.5096759999999989
21
-102.2472190000000012
0
LINE
8
BLACK
6
CONTINUOUS
10
87.5096759999999989
20
-102.2472190000000012
11
87.319199999999995
21
-102.1519799999999947
0
LINE
8
BLACK
6
CONTINUOUS
10
88.4620570000000015
20
-101.4853140000000025
11
88.5572949999999963
21
-101.3900759999999934
0
LINE
8
BLACK
6
CONTINUOUS
10
88.5572949999999963
20
-101.3900759999999934
11
88.7477710000000002
21
-101.2948379999999986
0
LINE
8
BLACK
6
CONTINUOUS
10
88.7477710000000002
20
-101.2948379999999986
11
89.2239620000000002
21
-101.2948379999999986
0
LINE
8
BLACK
6
CONTINUOUS
10
89.2239620000000002
20
-101.2948379999999986
11
89.4144379999999899
21
-101.3900759999999934
0
LINE
8
BLACK
6
CONTINUOUS
10
89.4144379999999899
20
-101.3900759999999934
11
89.5096759999999989
21
-101.4853140000000025
0
LINE
8
BLACK
6
CONTINUOUS
10
89.5096759999999989
20
-101.4853140000000025
11
89.6049139999999937
21
-101.6757899999999921
0
LINE
8
BLACK
6
CONTINUOUS
10
89.6049139999999937
20
-101.6757899999999921
11
89.6049139999999937
21
-101.866265999999996
0
LINE
8
BLACK
6
CONTINUOUS
10
89.6049139999999937
20
-101.866265999999996
11
89.5096759999999989
21
-102.1519799999999947
0
LINE
8
BLACK
6
CONTINUOUS
10
89.5096759999999989
20
-102.1519799999999947
11
88.3668189999999925
21
-103.2948379999999986
0
LINE
8
BLACK
6
CONTINUOUS
10
88.3668189999999925
20
-103.2948379999999986
11
89.6049139999999937
21
-103.2948379999999986
0
LINE
8
BLACK
6
CONTINUOUS
10
91.9858669999999989
20
-103.2948379999999986
11
91.9858669999999989
21
-101.2948379999999986
0
LINE
8
BLACK
6
CONTINUOUS
10
92.8430099999999925
20
-103.2948379999999986
11
92.8430099999999925
21
-102.2472190000000012
0
LINE
8
BLACK
6
CONTINUOUS
10
92.8430099999999925
20
-102.2472190000000012
11
92.7477719999999977
21
-102.0567419999999998
0
LINE
8
BLACK
6
CONTINUOUS
10
92.7477719999999977
20
-102.0567419999999998
11
92.5572959999999938
21
-101.9615039999999908
0
LINE
8
BLACK
6
CONTINUOUS
10
92.5572959999999938
20
-101.9615039999999908
11
92.2715809999999976
21
-101.9615039999999908
0
LINE
8
BLACK
6
CONTINUOUS
10
92.2715809999999976
20
-101.9615039999999908
11
92.0811049999999938
21
-102.0567419999999998
0
LINE
8
BLACK
6
CONTINUOUS
10
92.0811049999999938
20
-102.0567419999999998
11
91.9858669999999989
21
-102.1519799999999947
0
LINE
8
BLACK
6
CONTINUOUS
10
94.0811049999999938
20
-103.2948379999999986
11
93.8906289999999899
21
-103.1995999999999896
0
LINE
8
BLACK
6
CONTINUOUS
10
93.8906289999999899
20
-103.1995999999999896
11
93.7953909999999951
21
-103.1043609999999973
0
LINE
8
BLACK
6
CONTINUOUS
10
93.7953909999999951
20
-103.1043609999999973
11
93.7001530000000002
21
-102.9138849999999934
0
LINE
8
BLACK
6
CONTINUOUS
10
93.7001530000000002
20
-102.9138849999999934
11
93.7001530000000002
21
-102.342456999999996
0
LINE
8
BLACK
6
CONTINUOUS
10
93.7001530000000002
20
-102.342456999999996
11
93.7953909999999951
21
-102.1519799999999947
0
LINE
8
BLACK
6
CONTINUOUS
10
93.7953909999999951
20
-102.1519799999999947
11
93.8906289999999899
21
-102.0567419999999998
0
LINE
8
BLACK
6
CONTINUOUS
10
93.8906289999999899
20
-102.0567419999999998
11
94.0811049999999938
21
-101.9615039999999908
0
LINE
8
BLACK
6
CONTINUOUS
10
94.0811049999999938
20
-101.9615039999999908
11
94.3668199999999899
21
-101.9615039999999908
0
LINE
8
BLACK
6
CONTINUOUS
10
94.3668199999999899
20
-101.9615039999999908
11
94.5572959999999938
21
-102.0567419999999998
0
LINE
8
BLACK
6
CONTINUOUS
10
94.5572959999999938
20
-102.0567419999999998
11
94.6525339999999886
21
-102.1519799999999947
0
LINE
8
BLACK
6
CONTINUOUS
10
94.6525339999999886
20
-102.1519799999999947
11
94.7477719999999977
21
-102.342456999999996
0
LINE
8
BLACK
6
CONTINUOUS
10
94.7477719999999977
20
-102.342456999999996
11
94.7477719999999977
21
-102.9138849999999934
0
LINE
8
BLACK
6
CONTINUOUS
10
94.7477719999999977
20
-102.9138849999999934
11
94.6525339999999886
21
-103.1043609999999973
0
LINE
8
BLACK
6
CONTINUOUS
10
94.6525339999999886
20
-103.1043609999999973
11
94.5572959999999938
21
-103.1995999999999896
0
LINE
8
BLACK
6
CONTINUOUS
10
94.5572959999999938
20
-103.1995999999999896
11
94.3668199999999899
21
-103.2948379999999986
0
LINE
8
BLACK
6
CONTINUOUS
10
94.3668199999999899
20
-103.2948379999999986
11
94.0811049999999938
21
-103.2948379999999986
0
LINE
8
BLACK
6
CONTINUOUS
10
95.8906289999999899
20
-103.2948379999999986
11
95.7001530000000002
21
-103.1995999999999896
0
LINE
8
BLACK
6
CONTINUOUS
10
95.7001530000000002
20
-103.1995999999999896
11
95.6049149999999912
21
-103.0091230000000024
0
LINE
8
BLACK
6
CONTINUOUS
10
95.6049149999999912
20
-103.0091230000000024
11
95.6049149999999912
21
-101.2948379999999986
0
LINE
8
BLACK
6
CONTINUOUS
10
97.4144390000000016
20
-103.1995999999999896
11
97.2239629999999977
21
-103.2948379999999986
0
LINE
8
BLACK
6
CONTINUOUS
10
97.2239629999999977
20
-103.2948379999999986
11
96.8430099999999925
21
-103.2948379999999986
0
LINE
8
BLACK
6
CONTINUOUS
10
96.8430099999999925
20
-103.2948379999999986
11
96.6525339999999886
21
-103.1995999999999896
0
LINE
8
BLACK
6
CONTINUOUS
10
96.6525339999999886
20
-103.1995999999999896
11
96.5572959999999938
21
-103.0091230000000024
0
LINE
8
BLACK
6
CONTINUOUS
10
96.5572959999999938
20
-103.0091230000000024
11
96.5572959999999938
21
-102.2472190000000012
0
LINE
8
BLACK
6
CONTINUOUS
10
96.5572959999999938
20
-102.2472190000000012
11
96.6525339999999886
21
-102.0567419999999998
0
LINE
8
BLACK
6
CONTINUOUS
10
96.6525339999999886
20
-102.0567419999999998
11
96.8430099999999925
21
-101.9615039999999908
0
LINE
8
BLACK
6
CONTINUOUS
10
96.8430099999999925
20
-101.9615039999999908
11
97.2239629999999977
21
-101.9615039999999908
0
LINE
8
BLACK
6
CONTINUOUS
10
97.2239629999999977
20
-101.9615039999999908
11
97.4144390000000016
21
-102.0567419999999998
0
LINE
8
BLACK
6
CONTINUOUS
10
97.4144390000000016
20
-102.0567419999999998
11
97.5096769999999964
21
-102.2472190000000012
0
LINE
8
BLACK
6
CONTINUOUS
10
97.5096769999999964
20
-102.2472190000000012
11
97.5096769999999964
21
-102.4376949999999908
0
LINE
8
BLACK
6
CONTINUOUS
10
97.5096769999999964
20
-102.4376949999999908
11
96.5572959999999938
21
-102.6281709999999947
0
LINE
8
BLACK
6
CONTINUOUS
10
98.2715819999999951
20
-103.1995999999999896
11
98.462057999999999
21
-103.2948379999999986
0
LINE
8
BLACK
6
CONTINUOUS
10
98.462057999999999
20
-103.2948379999999986
11
98.8430099999999925
21
-103.2948379999999986
0
LINE
8
BLACK
6
CONTINUOUS
10
98.8430099999999925
20
-103.2948379999999986
11
99.0334869999999938
21
-103.1995999999999896
0
LINE
8
BLACK
6
CONTINUOUS
10
99.0334869999999938
20
-103.1995999999999896
11
99.1287249999999887
21
-103.0091230000000024
0
LINE
8
BLACK
6
CONTINUOUS
10
99.1287249999999887
20
-103.0091230000000024
11
99.1287249999999887
21
-102.9138849999999934
0
LINE
8
BLACK
6
CONTINUOUS
10
99.1287249999999887
20
-102.9138849999999934
11
99.0334869999999938
21
-102.7234089999999895
0
LINE
8
BLACK
6
CONTINUOUS
10
99.0334869999999938
20
-102.7234089999999895
11
98.8430099999999925
21
-102.6281709999999947
0
LINE
8
BLACK
6
CONTINUOUS
10
98.8430099999999925
20
-102.6281709999999947
11
98.5572959999999938
21
-102.6281709999999947
0
LINE
8
BLACK
6
CONTINUOUS
10
98.5572959999999938
20
-102.6281709999999947
11
98.3668199999999899
21
-102.5329329999999999
0
LINE
8
BLACK
6
CONTINUOUS
10
98.3668199999999899
20
-102.5329329999999999
11
98.2715819999999951
21
-102.342456999999996
0
LINE
8
BLACK
6
CONTINUOUS
10
98.2715819999999951
20
-102.342456999999996
11
98.2715819999999951
21
-102.2472190000000012
0
LINE
8
BLACK
6
CONTINUOUS
10
98.2715819999999951
20
-102.2472190000000012
11
98.3668199999999899
21
-102.0567419999999998
0
LINE
8
BLACK
6
CONTINUOUS
10
98.3668199999999899
20
-102.0567419999999998
11
98.5572959999999938
21
-101.9615039999999908
0
LINE
8
BLACK
6
CONTINUOUS
10
98.5572959999999938
20
-101.9615039999999908
11
98.8430099999999925
21
-101.9615039999999908
0
LINE
8
BLACK
6
CONTINUOUS
10
98.8430099999999925
20
-101.9615039999999908
11
99.0334869999999938
21
-102.0567419999999998
0
LINE
8
BLACK
6
CONTINUOUS
10
99.7953919999999925
20
-104.0567419999999998
11
99.8906300000000016
21
-103.9615039999999908
0
LINE
8
BLACK
6
CONTINUOUS
10
99.8906300000000016
20
-103.9615039999999908
11
100.0811059999999912
21
-103.6757899999999921
0
LINE
8
BLACK
6
CONTINUOUS
10
100.0811059999999912
20
-103.6757899999999921
11
100.1763440000000003
21
-103.4853139999999883
0
LINE
8
BLACK
6
CONTINUOUS
10
100.1763440000000003
20
-103.4853139999999883
11
100.2715819999999951
21
-103.1995999999999896
0
LINE
8
BLACK
6
CONTINUOUS
10
100.2715819999999951
20
-103.1995999999999896
11
100.3668199999999899
21
-102.7234089999999895
0
LINE
8
BLACK
6
CONTINUOUS
10
100.3668199999999899
20
-102.7234089999999895
11
100.3668199999999899
21
-102.342456999999996
0
LINE
8
BLACK
6
CONTINUOUS
10
100.3668199999999899
20
-102.342456999999996
11
100.2715819999999951
21
-101.866265999999996
0
LINE
8
BLACK
6
CONTINUOUS
10
100.2715819999999951
20
-101.866265999999996
11
100.1763440000000003
21
-101.5805519999999973
0
LINE
8
BLACK
6
CONTINUOUS
10
100.1763440000000003
20
-101.5805519999999973
11
100.0811059999999912
21
-101.3900759999999934
0
LINE
8
BLACK
6
CONTINUOUS
10
100.0811059999999912
20
-101.3900759999999934
11
99.8906300000000016
21
-101.1043609999999973
0
LINE
8
BLACK
6
CONTINUOUS
10
99.8906300000000016
20
-101.1043609999999973
11
99.7953919999999925
21
-101.0091230000000024
0
LINE
8
BLACK
6
CONTINUOUS
10
49.8399999999999963
20
-105.3199999999999932
11
50.1400000000000006
21
-105.019999999999996
0
LINE
8
BLACK
6
CONTINUOUS
10
50.1400000000000006
20
-105.019999999999996
11
49.8399999999999963
21
-104.7199999999999989
0
LINE
8
BLACK
6
CONTINUOUS
10
49.8399999999999963
20
-104.7199999999999989
11
49.5399999999999991
21
-105.019999999999996
0
LINE
8
BLACK
6
CONTINUOUS
10
49.5399999999999991
20
-105.019999999999996
11
49.8399999999999963
21
-105.3199999999999932
0
LINE
8
BLACK
6
CONTINUOUS
10
53.1287199999999942
20
-103.9348379999999992
11
53.3191969999999955
21
-103.9348379999999992
0
LINE
8
BLACK
6
CONTINUOUS
10
53.3191969999999955
20
-103.9348379999999992
11
53.5096729999999994
21
-104.030075999999994
0
LINE
8
BLACK
6
CONTINUOUS
10
53.5096729999999994
20
-104.030075999999994
11
53.6049109999999942
21
-104.1253139999999888
0
LINE
8
BLACK
6
CONTINUOUS
10
53.6049109999999942
20
-104.1253139999999888
11
53.7001489999999961
21
-104.3157899999999927
0
LINE
8
BLACK
6
CONTINUOUS
10
53.7001489999999961
20
-104.3157899999999927
11
53.7953869999999981
21
-104.6967420000000004
0
LINE
8
BLACK
6
CONTINUOUS
10
53.7953869999999981
20
-104.6967420000000004
11
53.7953869999999981
21
-105.1729330000000004
0
LINE
8
BLACK
6
CONTINUOUS
10
53.7953869999999981
20
-105.1729330000000004
11
53.7001489999999961
21
-105.553884999999994
0
LINE
8
BLACK
6
CONTINUOUS
10
53.7001489999999961
20
-105.553884999999994
11
53.6049109999999942
21
-105.7443609999999978
0
LINE
8
BLACK
6
CONTINUOUS
10
53.6049109999999942
20
-105.7443609999999978
11
53.5096729999999994
21
-105.8395999999999901
0
LINE
8
BLACK
6
CONTINUOUS
10
53.5096729999999994
20
-105.8395999999999901
11
53.3191969999999955
21
-105.9348379999999992
0
LINE
8
BLACK
6
CONTINUOUS
10
53.3191969999999955
20
-105.9348379999999992
11
53.1287199999999942
21
-105.9348379999999992
0
LINE
8
BLACK
6
CONTINUOUS
10
53.1287199999999942
20
-105.9348379999999992
11
52.9382439999999974
21
-105.8395999999999901
0
LINE
8
BLACK
6
CONTINUOUS
10
52.9382439999999974
20
-105.8395999999999901
11
52.8430059999999955
21
-105.7443609999999978
0
LINE
8
BLACK
6
CONTINUOUS
10
52.8430059999999955
20
-105.7443609999999978
11
52.7477680000000007
21
-105.553884999999994
0
LINE
8
BLACK
6
CONTINUOUS
10
52.7477680000000007
20
-105.553884999999994
11
52.6525299999999987
21
-105.1729330000000004
0
LINE
8
BLACK
6
CONTINUOUS
10
52.6525299999999987
20
-105.1729330000000004
11
52.6525299999999987
21
-104.6967420000000004
0
LINE
8
BLACK
6
CONTINUOUS
10
52.6525299999999987
20
-104.6967420000000004
11
52.7477680000000007
21
-104.3157899999999927
0
LINE
8
BLACK
6
CONTINUOUS
10
52.7477680000000007
20
-104.3157899999999927
11
52.8430059999999955
21
-104.1253139999999888
0
LINE
8
BLACK
6
CONTINUOUS
10
52.8430059999999955
20
-104.1253139999999888
11
52.9382439999999974
21
-104.030075999999994
0
LINE
8
BLACK
6
CONTINUOUS
10
52.9382439999999974
20
-104.030075999999994
11
53.1287199999999942
21
-103.9348379999999992
0
LINE
8
BLACK
6
CONTINUOUS
10
54.6525299999999987
20
-105.7443609999999978
11
54.7477680000000007
21
-105.8395999999999901
0
LINE
8
BLACK
6
CONTINUOUS
10
54.7477680000000007
20
-105.8395999999999901
11
54.6525299999999987
21
-105.9348379999999992
0
LINE
8
BLACK
6
CONTINUOUS
10
54.6525299999999987
20
-105.9348379999999992
11
54.5572919999999968
21
-105.8395999999999901
0
LINE
8
BLACK
6
CONTINUOUS
10
54.5572919999999968
20
-105.8395999999999901
11
54.6525299999999987
21
-105.7443609999999978
0
LINE
8
BLACK
6
CONTINUOUS
10
54.6525299999999987
20
-105.7443609999999978
11
54.6525299999999987
21
-105.9348379999999992
0
LINE
8
BLACK
6
CONTINUOUS
10
56.4620539999999949
20
-103.9348379999999992
11
56.0811009999999968
21
-103.9348379999999992
0
LINE
8
BLACK
6
CONTINUOUS
10
56.0811009999999968
20
-103.9348379999999992
11
55.890625
21
-104.030075999999994
0
LINE
8
BLACK
6
CONTINUOUS
10
55.890625
20
-104.030075999999994
11
55.7953869999999981
21
-104.1253139999999888
0
LINE
8
BLACK
6
CONTINUOUS
10
55.7953869999999981
20
-104.1253139999999888
11
55.6049109999999942
21
-104.4110280000000017
0
LINE
8
BLACK
6
CONTINUOUS
10
55.6049109999999942
20
-104.4110280000000017
11
55.5096729999999994
21
-104.7919799999999952
0
LINE
8
BLACK
6
CONTINUOUS
10
55.5096729999999994
20
-104.7919799999999952
11
55.5096729999999994
21
-105.553884999999994
0
LINE
8
BLACK
6
CONTINUOUS
10
55.5096729999999994
20
-105.553884999999994
11
55.6049109999999942
21
-105.7443609999999978
0
LINE
8
BLACK
6
CONTINUOUS
10
55.6049109999999942
20
-105.7443609999999978
11
55.7001489999999961
21
-105.8395999999999901
0
LINE
8
BLACK
6
CONTINUOUS
10
55.7001489999999961
20
-105.8395999999999901
11
55.890625
21
-105.9348379999999992
0
LINE
8
BLACK
6
CONTINUOUS
10
55.890625
20
-105.9348379999999992
11
56.2715779999999981
21
-105.9348379999999992
0
LINE
8
BLACK
6
CONTINUOUS
10
56.2715779999999981
20
-105.9348379999999992
11
56.4620539999999949
21
-105.8395999999999901
0
LINE
8
BLACK
6
CONTINUOUS
10
56.4620539999999949
20
-105.8395999999999901
11
56.5572919999999968
21
-105.7443609999999978
0
LINE
8
BLACK
6
CONTINUOUS
10
56.5572919999999968
20
-105.7443609999999978
11
56.6525299999999987
21
-105.553884999999994
0
LINE
8
BLACK
6
CONTINUOUS
10
56.6525299999999987
20
-105.553884999999994
11
56.6525299999999987
21
-105.0776949999999914
0
LINE
8
BLACK
6
CONTINUOUS
10
56.6525299999999987
20
-105.0776949999999914
11
56.5572919999999968
21
-104.8872190000000018
0
LINE
8
BLACK
6
CONTINUOUS
10
56.5572919999999968
20
-104.8872190000000018
11
56.4620539999999949
21
-104.7919799999999952
0
LINE
8
BLACK
6
CONTINUOUS
10
56.4620539999999949
20
-104.7919799999999952
11
56.2715779999999981
21
-104.6967420000000004
0
LINE
8
BLACK
6
CONTINUOUS
10
56.2715779999999981
20
-104.6967420000000004
11
55.890625
21
-104.6967420000000004
0
LINE
8
BLACK
6
CONTINUOUS
10
55.890625
20
-104.6967420000000004
11
55.7001489999999961
21
-104.7919799999999952
0
LINE
8
BLACK
6
CONTINUOUS
10
55.7001489999999961
20
-104.7919799999999952
11
55.6049109999999942
21
-104.8872190000000018
0
LINE
8
BLACK
6
CONTINUOUS
10
55.6049109999999942
20
-104.8872190000000018
11
55.5096729999999994
21
-105.0776949999999914
0
LINE
8
BLACK
6
CONTINUOUS
10
57.890625
20
-103.9348379999999992
11
58.0811019999999942
21
-103.9348379999999992
0
LINE
8
BLACK
6
CONTINUOUS
10
58.0811019999999942
20
-103.9348379999999992
11
58.2715779999999981
21
-104.030075999999994
0
LINE
8
BLACK
6
CONTINUOUS
10
58.2715779999999981
20
-104.030075999999994
11
58.366816
21
-104.1253139999999888
0
LINE
8
BLACK
6
CONTINUOUS
10
58.366816
20
-104.1253139999999888
11
58.4620539999999949
21
-104.3157899999999927
0
LINE
8
BLACK
6
CONTINUOUS
10
58.4620539999999949
20
-104.3157899999999927
11
58.5572919999999968
21
-104.6967420000000004
0
LINE
8
BLACK
6
CONTINUOUS
10
58.5572919999999968
20
-104.6967420000000004
11
58.5572919999999968
21
-105.1729330000000004
0
LINE
8
BLACK
6
CONTINUOUS
10
58.5572919999999968
20
-105.1729330000000004
11
58.4620539999999949
21
-105.553884999999994
0
LINE
8
BLACK
6
CONTINUOUS
10
58.4620539999999949
20
-105.553884999999994
11
58.366816
21
-105.7443609999999978
0
LINE
8
BLACK
6
CONTINUOUS
10
58.366816
20
-105.7443609999999978
11
58.2715779999999981
21
-105.8395999999999901
0
LINE
8
BLACK
6
CONTINUOUS
10
58.2715779999999981
20
-105.8395999999999901
11
58.0811019999999942
21
-105.9348379999999992
0
LINE
8
BLACK
6
CONTINUOUS
10
58.0811019999999942
20
-105.9348379999999992
11
57.890625
21
-105.9348379999999992
0
LINE
8
BLACK
6
CONTINUOUS
10
57.890625
20
-105.9348379999999992
11
57.7001489999999961
21
-105.8395999999999901
0
LINE
8
BLACK
6
CONTINUOUS
10
57.7001489999999961
20
-105.8395999999999901
11
57.6049109999999942
21
-105.7443609999999978
0
LINE
8
BLACK
6
CONTINUOUS
10
57.6049109999999942
20
-105.7443609999999978
11
57.5096729999999994
21
-105.553884999999994
0
LINE
8
BLACK
6
CONTINUOUS
10
57.5096729999999994
20
-105.553884999999994
11
57.4144349999999974
21
-105.1729330000000004
0
LINE
8
BLACK
6
CONTINUOUS
10
57.4144349999999974
20
-105.1729330000000004
11
57.4144349999999974
21
-104.6967420000000004
0
LINE
8
BLACK
6
CONTINUOUS
10
57.4144349999999974
20
-104.6967420000000004
11
57.5096729999999994
21
-104.3157899999999927
0
LINE
8
BLACK
6
CONTINUOUS
10
57.5096729999999994
20
-104.3157899999999927
11
57.6049109999999942
21
-104.1253139999999888
0
LINE
8
BLACK
6
CONTINUOUS
10
57.6049109999999942
20
-104.1253139999999888
11
57.7001489999999961
21
-104.030075999999994
0
LINE
8
BLACK
6
CONTINUOUS
10
57.7001489999999961
20
-104.030075999999994
11
57.890625
21
-103.9348379999999992
0
LINE
8
BLACK
6
CONTINUOUS
10
59.7953869999999981
20
-103.9348379999999992
11
59.9858639999999994
21
-103.9348379999999992
0
LINE
8
BLACK
6
CONTINUOUS
10
59.9858639999999994
20
-103.9348379999999992
11
60.1763399999999962
21
-104.030075999999994
0
LINE
8
BLACK
6
CONTINUOUS
10
60.1763399999999962
20
-104.030075999999994
11
60.2715779999999981
21
-104.1253139999999888
0
LINE
8
BLACK
6
CONTINUOUS
10
60.2715779999999981
20
-104.1253139999999888
11
60.366816
21
-104.3157899999999927
0
LINE
8
BLACK
6
CONTINUOUS
10
60.366816
20
-104.3157899999999927
11
60.4620539999999949
21
-104.6967420000000004
0
LINE
8
BLACK
6
CONTINUOUS
10
60.4620539999999949
20
-104.6967420000000004
11
60.4620539999999949
21
-105.1729330000000004
0
LINE
8
BLACK
6
CONTINUOUS
10
60.4620539999999949
20
-105.1729330000000004
11
60.366816
21
-105.553884999999994
0
LINE
8
BLACK
6
CONTINUOUS
10
60.366816
20
-105.553884999999994
11
60.2715779999999981
21
-105.7443609999999978
0
LINE
8
BLACK
6
CONTINUOUS
10
60.2715779999999981
20
-105.7443609999999978
11
60.1763399999999962
21
-105.8395999999999901
0
LINE
8
BLACK
6
CONTINUOUS
10
60.1763399999999962
20
-105.8395999999999901
11
59.9858639999999994
21
-105.9348379999999992
0
LINE
8
BLACK
6
CONTINUOUS
10
59.9858639999999994
20
-105.9348379999999992
11
59.7953869999999981
21
-105.9348379999999992
0
LINE
8
BLACK
6
CONTINUOUS
10
59.7953869999999981
20
-105.9348379999999992
11
59.6049109999999942
21
-105.8395999999999901
0
LINE
8
BLACK
6
CONTINUOUS
10
59.6049109999999942
20
-105.8395999999999901
11
59.5096729999999994
21
-105.7443609999999978
0
LINE
8
BLACK
6
CONTINUOUS
10
59.5096729999999994
20
-105.7443609999999978
11
59.4144349999999974
21
-105.553884999999994
0
LINE
8
BLACK
6
CONTINUOUS
10
59.4144349999999974
20
-105.553884999999994
11
59.3191969999999955
21
-105.1729330000000004
0
LINE
8
BLACK
6
CONTINUOUS
10
59.3191969999999955
20
-105.1729330000000004
11
59.3191969999999955
21
-104.6967420000000004
0
LINE
8
BLACK
6
CONTINUOUS
10
59.3191969999999955
20
-104.6967420000000004
11
59.4144349999999974
21
-104.3157899999999927
0
LINE
8
BLACK
6
CONTINUOUS
10
59.4144349999999974
20
-104.3157899999999927
11
59.5096729999999994
21
-104.1253139999999888
0
LINE
8
BLACK
6
CONTINUOUS
10
59.5096729999999994
20
-104.1253139999999888
11
59.6049109999999942
21
-104.030075999999994
0
LINE
8
BLACK
6
CONTINUOUS
10
59.6049109999999942
20
-104.030075999999994
11
59.7953869999999981
21
-103.9348379999999992
0
LINE
8
BLACK
6
CONTINUOUS
10
61.3191969999999955
20
-105.9348379999999992
11
61.3191969999999955
21
-104.6015039999999914
0
LINE
8
BLACK
6
CONTINUOUS
10
61.3191969999999955
20
-104.7919799999999952
11
61.4144349999999974
21
-104.6967420000000004
0
LINE
8
BLACK
6
CONTINUOUS
10
61.4144349999999974
20
-104.6967420000000004
11
61.6049109999999942
21
-104.6015039999999914
0
LINE
8
BLACK
6
CONTINUOUS
10
61.6049109999999942
20
-104.6015039999999914
11
61.8906259999999975
21
-104.6015039999999914
0
LINE
8
BLACK
6
CONTINUOUS
10
61.8906259999999975
20
-104.6015039999999914
11
62.0811019999999942
21
-104.6967420000000004
0
LINE
8
BLACK
6
CONTINUOUS
10
62.0811019999999942
20
-104.6967420000000004
11
62.1763399999999962
21
-104.8872190000000018
0
LINE
8
BLACK
6
CONTINUOUS
10
62.1763399999999962
20
-104.8872190000000018
11
62.1763399999999962
21
-105.9348379999999992
0
LINE
8
BLACK
6
CONTINUOUS
10
62.1763399999999962
20
-104.8872190000000018
11
62.2715779999999981
21
-104.6967420000000004
0
LINE
8
BLACK
6
CONTINUOUS
10
62.2715779999999981
20
-104.6967420000000004
11
62.4620539999999949
21
-104.6015039999999914
0
LINE
8
BLACK
6
CONTINUOUS
10
62.4620539999999949
20
-104.6015039999999914
11
62.7477680000000007
21
-104.6015039999999914
0
LINE
8
BLACK
6
CONTINUOUS
10
62.7477680000000007
20
-104.6015039999999914
11
62.9382449999999949
21
-104.6967420000000004
0
LINE
8
BLACK
6
CONTINUOUS
10
62.9382449999999949
20
-104.6967420000000004
11
63.0334829999999968
21
-104.8872190000000018
0
LINE
8
BLACK
6
CONTINUOUS
10
63.0334829999999968
20
-104.8872190000000018
11
63.0334829999999968
21
-105.9348379999999992
0
LINE
8
BLACK
6
CONTINUOUS
10
63.9858639999999994
20
-105.9348379999999992
11
63.9858639999999994
21
-104.6015039999999914
0
LINE
8
BLACK
6
CONTINUOUS
10
63.9858639999999994
20
-104.7919799999999952
11
64.0811020000000013
21
-104.6967420000000004
0
LINE
8
BLACK
6
CONTINUOUS
10
64.0811020000000013
20
-104.6967420000000004
11
64.271577999999991
21
-104.6015039999999914
0
LINE
8
BLACK
6
CONTINUOUS
10
64.271577999999991
20
-104.6015039999999914
11
64.5572930000000014
21
-104.6015039999999914
0
LINE
8
BLACK
6
CONTINUOUS
10
64.5572930000000014
20
-104.6015039999999914
11
64.747768999999991
21
-104.6967420000000004
0
LINE
8
BLACK
6
CONTINUOUS
10
64.747768999999991
20
-104.6967420000000004
11
64.8430070000000001
21
-104.8872190000000018
0
LINE
8
BLACK
6
CONTINUOUS
10
64.8430070000000001
20
-104.8872190000000018
11
64.8430070000000001
21
-105.9348379999999992
0
LINE
8
BLACK
6
CONTINUOUS
10
64.8430070000000001
20
-104.8872190000000018
11
64.9382449999999949
21
-104.6967420000000004
0
LINE
8
BLACK
6
CONTINUOUS
10
64.9382449999999949
20
-104.6967420000000004
11
65.1287209999999988
21
-104.6015039999999914
0
LINE
8
BLACK
6
CONTINUOUS
10
65.1287209999999988
20
-104.6015039999999914
11
65.4144349999999974
21
-104.6015039999999914
0
LINE
8
BLACK
6
CONTINUOUS
10
65.4144349999999974
20
-104.6015039999999914
11
65.6049119999999988
21
-104.6967420000000004
0
LINE
8
BLACK
6
CONTINUOUS
10
65.6049119999999988
20
-104.6967420000000004
11
65.7001499999999936
21
-104.8872190000000018
0
LINE
8
BLACK
6
CONTINUOUS
10
65.7001499999999936
20
-104.8872190000000018
11
65.7001499999999936
21
-105.9348379999999992
0
LINE
8
BLACK
6
CONTINUOUS
10
69.6049119999999988
20
-103.8395999999999901
11
67.890626999999995
21
-106.4110280000000017
0
LINE
8
BLACK
6
CONTINUOUS
10
72.1763409999999936
20
-103.9348379999999992
11
72.366817999999995
21
-103.9348379999999992
0
LINE
8
BLACK
6
CONTINUOUS
10
72.366817999999995
20
-103.9348379999999992
11
72.5572939999999988
21
-104.030075999999994
0
LINE
8
BLACK
6
CONTINUOUS
10
72.5572939999999988
20
-104.030075999999994
11
72.6525319999999937
21
-104.1253139999999888
0
LINE
8
BLACK
6
CONTINUOUS
10
72.6525319999999937
20
-104.1253139999999888
11
72.7477700000000027
21
-104.3157899999999927
0
LINE
8
BLACK
6
CONTINUOUS
10
72.7477700000000027
20
-104.3157899999999927
11
72.8430079999999975
21
-104.6967420000000004
0
LINE
8
BLACK
6
CONTINUOUS
10
72.8430079999999975
20
-104.6967420000000004
11
72.8430079999999975
21
-105.1729330000000004
0
LINE
8
BLACK
6
CONTINUOUS
10
72.8430079999999975
20
-105.1729330000000004
11
72.7477700000000027
21
-105.553884999999994
0
LINE
8
BLACK
6
CONTINUOUS
10
72.7477700000000027
20
-105.553884999999994
11
72.6525319999999937
21
-105.7443609999999978
0
LINE
8
BLACK
6
CONTINUOUS
10
72.6525319999999937
20
-105.7443609999999978
11
72.5572939999999988
21
-105.8395999999999901
0
LINE
8
BLACK
6
CONTINUOUS
10
72.5572939999999988
20
-105.8395999999999901
11
72.366817999999995
21
-105.9348379999999992
0
LINE
8
BLACK
6
CONTINUOUS
10
72.366817999999995
20
-105.9348379999999992
11
72.1763409999999936
21
-105.9348379999999992
0
LINE
8
BLACK
6
CONTINUOUS
10
72.1763409999999936
20
-105.9348379999999992
11
71.9858649999999898
21
-105.8395999999999901
0
LINE
8
BLACK
6
CONTINUOUS
10
71.9858649999999898
20
-105.8395999999999901
11
71.890626999999995
21
-105.7443609999999978
0
LINE
8
BLACK
6
CONTINUOUS
10
71.890626999999995
20
-105.7443609999999978
11
71.7953890000000001
21
-105.553884999999994
0
LINE
8
BLACK
6
CONTINUOUS
10
71.7953890000000001
20
-105.553884999999994
11
71.7001509999999911
21
-105.1729330000000004
0
LINE
8
BLACK
6
CONTINUOUS
10
71.7001509999999911
20
-105.1729330000000004
11
71.7001509999999911
21
-104.6967420000000004
0
LINE
8
BLACK
6
CONTINUOUS
10
71.7001509999999911
20
-104.6967420000000004
11
71.7953890000000001
21
-104.3157899999999927
0
LINE
8
BLACK
6
CONTINUOUS
10
71.7953890000000001
20
-104.3157899999999927
11
71.890626999999995
21
-104.1253139999999888
0
LINE
8
BLACK
6
CONTINUOUS
10
71.890626999999995
20
-104.1253139999999888
11
71.9858649999999898
21
-104.030075999999994
0
LINE
8
BLACK
6
CONTINUOUS
10
71.9858649999999898
20
-104.030075999999994
11
72.1763409999999936
21
-103.9348379999999992
0
LINE
8
BLACK
6
CONTINUOUS
10
73.7001509999999911
20
-105.7443609999999978
11
73.7953890000000001
21
-105.8395999999999901
0
LINE
8
BLACK
6
CONTINUOUS
10
73.7953890000000001
20
-105.8395999999999901
11
73.7001509999999911
21
-105.9348379999999992
0
LINE
8
BLACK
6
CONTINUOUS
10
73.7001509999999911
20
-105.9348379999999992
11
73.6049129999999963
21
-105.8395999999999901
0
LINE
8
BLACK
6
CONTINUOUS
10
73.6049129999999963
20
-105.8395999999999901
11
73.7001509999999911
21
-105.7443609999999978
0
LINE
8
BLACK
6
CONTINUOUS
10
73.7001509999999911
20
-105.7443609999999978
11
73.7001509999999911
21
-105.9348379999999992
0
LINE
8
BLACK
6
CONTINUOUS
10
75.0334840000000014
20
-103.9348379999999992
11
75.2239610000000027
21
-103.9348379999999992
0
LINE
8
BLACK
6
CONTINUOUS
10
75.2239610000000027
20
-103.9348379999999992
11
75.4144369999999924
21
-104.030075999999994
0
LINE
8
BLACK
6
CONTINUOUS
10
75.4144369999999924
20
-104.030075999999994
11
75.5096750000000014
21
-104.1253139999999888
0
LINE
8
BLACK
6
CONTINUOUS
10
75.5096750000000014
20
-104.1253139999999888
11
75.6049129999999963
21
-104.3157899999999927
0
LINE
8
BLACK
6
CONTINUOUS
10
75.6049129999999963
20
-104.3157899999999927
11
75.7001509999999911
21
-104.6967420000000004
0
LINE
8
BLACK
6
CONTINUOUS
10
75.7001509999999911
20
-104.6967420000000004
11
75.7001509999999911
21
-105.1729330000000004
0
LINE
8
BLACK
6
CONTINUOUS
10
75.7001509999999911
20
-105.1729330000000004
11
75.6049129999999963
21
-105.553884999999994
0
LINE
8
BLACK
6
CONTINUOUS
10
75.6049129999999963
20
-105.553884999999994
11
75.5096750000000014
21
-105.7443609999999978
0
LINE
8
BLACK
6
CONTINUOUS
10
75.5096750000000014
20
-105.7443609999999978
11
75.4144369999999924
21
-105.8395999999999901
0
LINE
8
BLACK
6
CONTINUOUS
10
75.4144369999999924
20
-105.8395999999999901
11
75.2239610000000027
21
-105.9348379999999992
0
LINE
8
BLACK
6
CONTINUOUS
10
75.2239610000000027
20
-105.9348379999999992
11
75.0334840000000014
21
-105.9348379999999992
0
LINE
8
BLACK
6
CONTINUOUS
10
75.0334840000000014
20
-105.9348379999999992
11
74.8430079999999975
21
-105.8395999999999901
0
LINE
8
BLACK
6
CONTINUOUS
10
74.8430079999999975
20
-105.8395999999999901
11
74.7477700000000027
21
-105.7443609999999978
0
LINE
8
BLACK
6
CONTINUOUS
10
74.7477700000000027
20
-105.7443609999999978
11
74.6525319999999937
21
-105.553884999999994
0
LINE
8
BLACK
6
CONTINUOUS
10
74.6525319999999937
20
-105.553884999999994
11
74.5572939999999988
21
-105.1729330000000004
0
LINE
8
BLACK
6
CONTINUOUS
10
74.5572939999999988
20
-105.1729330000000004
11
74.5572939999999988
21
-104.6967420000000004
0
LINE
8
BLACK
6
CONTINUOUS
10
74.5572939999999988
20
-104.6967420000000004
11
74.6525319999999937
21
-104.3157899999999927
0
LINE
8
BLACK
6
CONTINUOUS
10
74.6525319999999937
20
-104.3157899999999927
11
74.7477700000000027
21
-104.1253139999999888
0
LINE
8
BLACK
6
CONTINUOUS
10
74.7477700000000027
20
-104.1253139999999888
11
74.8430079999999975
21
-104.030075999999994
0
LINE
8
BLACK
6
CONTINUOUS
10
74.8430079999999975
20
-104.030075999999994
11
75.0334840000000014
21
-103.9348379999999992
0
LINE
8
BLACK
6
CONTINUOUS
10
76.4620559999999898
20
-104.1253139999999888
11
76.5572939999999988
21
-104.030075999999994
0
LINE
8
BLACK
6
CONTINUOUS
10
76.5572939999999988
20
-104.030075999999994
11
76.7477700000000027
21
-103.9348379999999992
0
LINE
8
BLACK
6
CONTINUOUS
10
76.7477700000000027
20
-103.9348379999999992
11
77.2239610000000027
21
-103.9348379999999992
0
LINE
8
BLACK
6
CONTINUOUS
10
77.2239610000000027
20
-103.9348379999999992
11
77.4144369999999924
21
-104.030075999999994
0
LINE
8
BLACK
6
CONTINUOUS
10
77.4144369999999924
20
-104.030075999999994
11
77.5096750000000014
21
-104.1253139999999888
0
LINE
8
BLACK
6
CONTINUOUS
10
77.5096750000000014
20
-104.1253139999999888
11
77.6049129999999963
21
-104.3157899999999927
0
LINE
8
BLACK
6
CONTINUOUS
10
77.6049129999999963
20
-104.3157899999999927
11
77.6049129999999963
21
-104.5062659999999966
0
LINE
8
BLACK
6
CONTINUOUS
10
77.6049129999999963
20
-104.5062659999999966
11
77.5096750000000014
21
-104.7919799999999952
0
LINE
8
BLACK
6
CONTINUOUS
10
77.5096750000000014
20
-104.7919799999999952
11
76.366817999999995
21
-105.9348379999999992
0
LINE
8
BLACK
6
CONTINUOUS
10
76.366817999999995
20
-105.9348379999999992
11
77.6049129999999963
21
-105.9348379999999992
0
LINE
8
BLACK
6
CONTINUOUS
10
78.2715800000000002
20
-103.9348379999999992
11
79.5096750000000014
21
-103.9348379999999992
0
LINE
8
BLACK
6
CONTINUOUS
10
79.5096750000000014
20
-103.9348379999999992
11
78.8430079999999975
21
-104.6967420000000004
0
LINE
8
BLACK
6
CONTINUOUS
10
78.8430079999999975
20
-104.6967420000000004
11
79.1287229999999937
21
-104.6967420000000004
0
LINE
8
BLACK
6
CONTINUOUS
10
79.1287229999999937
20
-104.6967420000000004
11
79.3191989999999976
21
-104.7919799999999952
0
LINE
8
BLACK
6
CONTINUOUS
10
79.3191989999999976
20
-104.7919799999999952
11
79.4144369999999924
21
-104.8872190000000018
0
LINE
8
BLACK
6
CONTINUOUS
10
79.4144369999999924
20
-104.8872190000000018
11
79.5096750000000014
21
-105.0776949999999914
0
LINE
8
BLACK
6
CONTINUOUS
10
79.5096750000000014
20
-105.0776949999999914
11
79.5096750000000014
21
-105.553884999999994
0
LINE
8
BLACK
6
CONTINUOUS
10
79.5096750000000014
20
-105.553884999999994
11
79.4144369999999924
21
-105.7443609999999978
0
LINE
8
BLACK
6
CONTINUOUS
10
79.4144369999999924
20
-105.7443609999999978
11
79.3191989999999976
21
-105.8395999999999901
0
LINE
8
BLACK
6
CONTINUOUS
10
79.3191989999999976
20
-105.8395999999999901
11
79.1287229999999937
21
-105.9348379999999992
0
LINE
8
BLACK
6
CONTINUOUS
10
79.1287229999999937
20
-105.9348379999999992
11
78.5572939999999988
21
-105.9348379999999992
0
LINE
8
BLACK
6
CONTINUOUS
10
78.5572939999999988
20
-105.9348379999999992
11
78.366817999999995
21
-105.8395999999999901
0
LINE
8
BLACK
6
CONTINUOUS
10
78.366817999999995
20
-105.8395999999999901
11
78.2715800000000002
21
-105.7443609999999978
0
LINE
8
BLACK
6
CONTINUOUS
10
81.2239610000000027
20
-103.9348379999999992
11
80.8430079999999975
21
-103.9348379999999992
0
LINE
8
BLACK
6
CONTINUOUS
10
80.8430079999999975
20
-103.9348379999999992
11
80.6525319999999937
21
-104.030075999999994
0
LINE
8
BLACK
6
CONTINUOUS
10
80.6525319999999937
20
-104.030075999999994
11
80.5572939999999988
21
-104.1253139999999888
0
LINE
8
BLACK
6
CONTINUOUS
10
80.5572939999999988
20
-104.1253139999999888
11
80.366817999999995
21
-104.4110280000000017
0
LINE
8
BLACK
6
CONTINUOUS
10
80.366817999999995
20
-104.4110280000000017
11
80.2715800000000002
21
-104.7919799999999952
0
LINE
8
BLACK
6
CONTINUOUS
10
80.2715800000000002
20
-104.7919799999999952
11
80.2715800000000002
21
-105.553884999999994
0
LINE
8
BLACK
6
CONTINUOUS
10
80.2715800000000002
20
-105.553884999999994
11
80.366817999999995
21
-105.7443609999999978
0
LINE
8
BLACK
6
CONTINUOUS
10
80.366817999999995
20
-105.7443609999999978
11
80.4620559999999898
21
-105.8395999999999901
0
LINE
8
BLACK
6
CONTINUOUS
10
80.4620559999999898
20
-105.8395999999999901
11
80.6525319999999937
21
-105.9348379999999992
0
LINE
8
BLACK
6
CONTINUOUS
10
80.6525319999999937
20
-105.9348379999999992
11
81.0334849999999989
21
-105.9348379999999992
0
LINE
8
BLACK
6
CONTINUOUS
10
81.0334849999999989
20
-105.9348379999999992
11
81.2239610000000027
21
-105.8395999999999901
0
LINE
8
BLACK
6
CONTINUOUS
10
81.2239610000000027
20
-105.8395999999999901
11
81.3191989999999976
21
-105.7443609999999978
0
LINE
8
BLACK
6
CONTINUOUS
10
81.3191989999999976
20
-105.7443609999999978
11
81.4144369999999924
21
-105.553884999999994
0
LINE
8
BLACK
6
CONTINUOUS
10
81.4144369999999924
20
-105.553884999999994
11
81.4144369999999924
21
-105.0776949999999914
0
LINE
8
BLACK
6
CONTINUOUS
10
81.4144369999999924
20
-105.0776949999999914
11
81.3191989999999976
21
-104.8872190000000018
0
LINE
8
BLACK
6
CONTINUOUS
10
81.3191989999999976
20
-104.8872190000000018
11
81.2239610000000027
21
-104.7919799999999952
0
LINE
8
BLACK
6
CONTINUOUS
10
81.2239610000000027
20
-104.7919799999999952
11
81.0334849999999989
21
-104.6967420000000004
0
LINE
8
BLACK
6
CONTINUOUS
10
81.0334849999999989
20
-104.6967420000000004
11
80.6525319999999937
21
-104.6967420000000004
0
LINE
8
BLACK
6
CONTINUOUS
10
80.6525319999999937
20
-104.6967420000000004
11
80.4620559999999898
21
-104.7919799999999952
0
LINE
8
BLACK
6
CONTINUOUS
10
80.4620559999999898
20
-104.7919799999999952
11
80.366817999999995
21
-104.8872190000000018
0
LINE
8
BLACK
6
CONTINUOUS
10
80.366817999999995
20
-104.8872190000000018
11
80.2715800000000002
21
-105.0776949999999914
0
LINE
8
BLACK
6
CONTINUOUS
10
82.1763419999999911
20
-103.9348379999999992
11
82.1763419999999911
21
-104.3157899999999927
0
LINE
8
BLACK
6
CONTINUOUS
10
82.9382469999999898
20
-103.9348379999999992
11
82.9382469999999898
21
-104.3157899999999927
0
LINE
8
BLACK
6
CONTINUOUS
10
85.8906289999999899
20
-106.6967420000000004
11
85.7953899999999976
21
-106.6015039999999914
0
LINE
8
BLACK
6
CONTINUOUS
10
85.7953899999999976
20
-106.6015039999999914
11
85.6049139999999937
21
-106.3157899999999927
0
LINE
8
BLACK
6
CONTINUOUS
10
85.6049139999999937
20
-106.3157899999999927
11
85.5096759999999989
21
-106.1253139999999888
0
LINE
8
BLACK
6
CONTINUOUS
10
85.5096759999999989
20
-106.1253139999999888
11
85.4144379999999899
21
-105.8395999999999901
0
LINE
8
BLACK
6
CONTINUOUS
10
85.4144379999999899
20
-105.8395999999999901
11
85.319199999999995
21
-105.3634089999999901
0
LINE
8
BLACK
6
CONTINUOUS
10
85.319199999999995
20
-105.3634089999999901
11
85.319199999999995
21
-104.9824569999999966
0
LINE
8
BLACK
6
CONTINUOUS
10
85.319199999999995
20
-104.9824569999999966
11
85.4144379999999899
21
-104.5062659999999966
0
LINE
8
BLACK
6
CONTINUOUS
10
85.4144379999999899
20
-104.5062659999999966
11
85.5096759999999989
21
-104.2205519999999979
0
LINE
8
BLACK
6
CONTINUOUS
10
85.5096759999999989
20
-104.2205519999999979
11
85.6049139999999937
21
-104.030075999999994
0
LINE
8
BLACK
6
CONTINUOUS
10
85.6049139999999937
20
-104.030075999999994
11
85.7953899999999976
21
-103.7443609999999978
0
LINE
8
BLACK
6
CONTINUOUS
10
85.7953899999999976
20
-103.7443609999999978
11
85.8906289999999899
21
-103.6491229999999888
0
LINE
8
BLACK
6
CONTINUOUS
10
87.0334849999999989
20
-103.9348379999999992
11
87.2239620000000002
21
-103.9348379999999992
0
LINE
8
BLACK
6
CONTINUOUS
10
87.2239620000000002
20
-103.9348379999999992
11
87.4144379999999899
21
-104.030075999999994
0
LINE
8
BLACK
6
CONTINUOUS
10
87.4144379999999899
20
-104.030075999999994
11
87.5096759999999989
21
-104.1253139999999888
0
LINE
8
BLACK
6
CONTINUOUS
10
87.5096759999999989
20
-104.1253139999999888
11
87.6049139999999937
21
-104.3157899999999927
0
LINE
8
BLACK
6
CONTINUOUS
10
87.6049139999999937
20
-104.3157899999999927
11
87.7001520000000028
21
-104.6967420000000004
0
LINE
8
BLACK
6
CONTINUOUS
10
87.7001520000000028
20
-104.6967420000000004
11
87.7001520000000028
21
-105.1729330000000004
0
LINE
8
BLACK
6
CONTINUOUS
10
87.7001520000000028
20
-105.1729330000000004
11
87.6049139999999937
21
-105.553884999999994
0
LINE
8
BLACK
6
CONTINUOUS
10
87.6049139999999937
20
-105.553884999999994
11
87.5096759999999989
21
-105.7443609999999978
0
LINE
8
BLACK
6
CONTINUOUS
10
87.5096759999999989
20
-105.7443609999999978
11
87.4144379999999899
21
-105.8395999999999901
0
LINE
8
BLACK
6
CONTINUOUS
10
87.4144379999999899
20
-105.8395999999999901
11
87.2239620000000002
21
-105.9348379999999992
0
LINE
8
BLACK
6
CONTINUOUS
10
87.2239620000000002
20
-105.9348379999999992
11
87.0334849999999989
21
-105.9348379999999992
0
LINE
8
BLACK
6
CONTINUOUS
10
87.0334849999999989
20
-105.9348379999999992
11
86.843008999999995
21
-105.8395999999999901
0
LINE
8
BLACK
6
CONTINUOUS
10
86.843008999999995
20
-105.8395999999999901
11
86.7477710000000002
21
-105.7443609999999978
0
LINE
8
BLACK
6
CONTINUOUS
10
86.7477710000000002
20
-105.7443609999999978
11
86.6525329999999911
21
-105.553884999999994
0
LINE
8
BLACK
6
CONTINUOUS
10
86.6525329999999911
20
-105.553884999999994
11
86.5572949999999963
21
-105.1729330000000004
0
LINE
8
BLACK
6
CONTINUOUS
10
86.5572949999999963
20
-105.1729330000000004
11
86.5572949999999963
21
-104.6967420000000004
0
LINE
8
BLACK
6
CONTINUOUS
10
86.5572949999999963
20
-104.6967420000000004
11
86.6525329999999911
21
-104.3157899999999927
0
LINE
8
BLACK
6
CONTINUOUS
10
86.6525329999999911
20
-104.3157899999999927
11
86.7477710000000002
21
-104.1253139999999888
0
LINE
8
BLACK
6
CONTINUOUS
10
86.7477710000000002
20
-104.1253139999999888
11
86.843008999999995
21
-104.030075999999994
0
LINE
8
BLACK
6
CONTINUOUS
10
86.843008999999995
20
-104.030075999999994
11
87.0334849999999989
21
-103.9348379999999992
0
LINE
8
BLACK
6
CONTINUOUS
10
90.0811049999999938
20
-105.9348379999999992
11
90.0811049999999938
21
-103.9348379999999992
0
LINE
8
BLACK
6
CONTINUOUS
10
90.9382480000000015
20
-105.9348379999999992
11
90.9382480000000015
21
-104.8872190000000018
0
LINE
8
BLACK
6
CONTINUOUS
10
90.9382480000000015
20
-104.8872190000000018
11
90.8430099999999925
21
-104.6967420000000004
0
LINE
8
BLACK
6
CONTINUOUS
10
90.8430099999999925
20
-104.6967420000000004
11
90.6525340000000028
21
-104.6015039999999914
0
LINE
8
BLACK
6
CONTINUOUS
10
90.6525340000000028
20
-104.6015039999999914
11
90.3668189999999925
21
-104.6015039999999914
0
LINE
8
BLACK
6
CONTINUOUS
10
90.3668189999999925
20
-104.6015039999999914
11
90.1763430000000028
21
-104.6967420000000004
0
LINE
8
BLACK
6
CONTINUOUS
10
90.1763430000000028
20
-104.6967420000000004
11
90.0811049999999938
21
-104.7919799999999952
0
LINE
8
BLACK
6
CONTINUOUS
10
92.1763430000000028
20
-105.9348379999999992
11
91.9858669999999989
21
-105.8395999999999901
0
LINE
8
BLACK
6
CONTINUOUS
10
91.9858669999999989
20
-105.8395999999999901
11
91.8906289999999899
21
-105.7443609999999978
0
LINE
8
BLACK
6
CONTINUOUS
10
91.8906289999999899
20
-105.7443609999999978
11
91.7953909999999951
21
-105.553884999999994
0
LINE
8
BLACK
6
CONTINUOUS
10
91.7953909999999951
20
-105.553884999999994
11
91.7953909999999951
21
-104.9824569999999966
0
LINE
8
BLACK
6
CONTINUOUS
10
91.7953909999999951
20
-104.9824569999999966
11
91.8906289999999899
21
-104.7919799999999952
0
LINE
8
BLACK
6
CONTINUOUS
10
91.8906289999999899
20
-104.7919799999999952
11
91.9858669999999989
21
-104.6967420000000004
0
LINE
8
BLACK
6
CONTINUOUS
10
91.9858669999999989
20
-104.6967420000000004
11
92.1763430000000028
21
-104.6015039999999914
0
LINE
8
BLACK
6
CONTINUOUS
10
92.1763430000000028
20
-104.6015039999999914
11
92.462057999999999
21
-104.6015039999999914
0
LINE
8
BLACK
6
CONTINUOUS
10
92.462057999999999
20
-104.6015039999999914
11
92.6525340000000028
21
-104.6967420000000004
0
LINE
8
BLACK
6
CONTINUOUS
10
92.6525340000000028
20
-104.6967420000000004
11
92.7477719999999977
21
-104.7919799999999952
0
LINE
8
BLACK
6
CONTINUOUS
10
92.7477719999999977
20
-104.7919799999999952
11
92.8430099999999925
21
-104.9824569999999966
0
LINE
8
BLACK
6
CONTINUOUS
10
92.8430099999999925
20
-104.9824569999999966
11
92.8430099999999925
21
-105.553884999999994
0
LINE
8
BLACK
6
CONTINUOUS
10
92.8430099999999925
20
-105.553884999999994
11
92.7477719999999977
21
-105.7443609999999978
0
LINE
8
BLACK
6
CONTINUOUS
10
92.7477719999999977
20
-105.7443609999999978
11
92.6525340000000028
21
-105.8395999999999901
0
LINE
8
BLACK
6
CONTINUOUS
10
92.6525340000000028
20
-105.8395999999999901
11
92.462057999999999
21
-105.9348379999999992
0
LINE
8
BLACK
6
CONTINUOUS
10
92.462057999999999
20
-105.9348379999999992
11
92.1763430000000028
21
-105.9348379999999992
0
LINE
8
BLACK
6
CONTINUOUS
10
93.9858669999999989
20
-105.9348379999999992
11
93.7953909999999951
21
-105.8395999999999901
0
LINE
8
BLACK
6
CONTINUOUS
10
93.7953909999999951
20
-105.8395999999999901
11
93.7001530000000002
21
-105.6491229999999888
0
LINE
8
BLACK
6
CONTINUOUS
10
93.7001530000000002
20
-105.6491229999999888
11
93.7001530000000002
21
-103.9348379999999992
0
LINE
8
BLACK
6
CONTINUOUS
10
95.5096769999999964
20
-105.8395999999999901
11
95.3192009999999925
21
-105.9348379999999992
0
LINE
8
BLACK
6
CONTINUOUS
10
95.3192009999999925
20
-105.9348379999999992
11
94.9382480000000015
21
-105.9348379999999992
0
LINE
8
BLACK
6
CONTINUOUS
10
94.9382480000000015
20
-105.9348379999999992
11
94.7477719999999977
21
-105.8395999999999901
0
LINE
8
BLACK
6
CONTINUOUS
10
94.7477719999999977
20
-105.8395999999999901
11
94.6525339999999886
21
-105.6491229999999888
0
LINE
8
BLACK
6
CONTINUOUS
10
94.6525339999999886
20
-105.6491229999999888
11
94.6525339999999886
21
-104.8872190000000018
0
LINE
8
BLACK
6
CONTINUOUS
10
94.6525339999999886
20
-104.8872190000000018
11
94.7477719999999977
21
-104.6967420000000004
0
LINE
8
BLACK
6
CONTINUOUS
10
94.7477719999999977
20
-104.6967420000000004
11
94.9382480000000015
21
-104.6015039999999914
0
LINE
8
BLACK
6
CONTINUOUS
10
94.9382480000000015
20
-104.6015039999999914
11
95.3192009999999925
21
-104.6015039999999914
0
LINE
8
BLACK
6
CONTINUOUS
10
95.3192009999999925
20
-104.6015039999999914
11
95.5096769999999964
21
-104.6967420000000004
0
LINE
8
BLACK
6
CONTINUOUS
10
95.5096769999999964
20
-104.6967420000000004
11
95.6049149999999912
21
-104.8872190000000018
0
LINE
8
BLACK
6
CONTINUOUS
10
95.6049149999999912
20
-104.8872190000000018
11
95.6049149999999912
21
-105.0776949999999914
0
LINE
8
BLACK
6
CONTINUOUS
10
95.6049149999999912
20
-105.0776949999999914
11
94.6525339999999886
21
-105.2681709999999953
0
LINE
8
BLACK
6
CONTINUOUS
10
96.3668199999999899
20
-105.8395999999999901
11
96.5572959999999938
21
-105.9348379999999992
0
LINE
8
BLACK
6
CONTINUOUS
10
96.5572959999999938
20
-105.9348379999999992
11
96.9382480000000015
21
-105.9348379999999992
0
LINE
8
BLACK
6
CONTINUOUS
10
96.9382480000000015
20
-105.9348379999999992
11
97.1287249999999887
21
-105.8395999999999901
0
LINE
8
BLACK
6
CONTINUOUS
10
97.1287249999999887
20
-105.8395999999999901
11
97.2239629999999977
21
-105.6491229999999888
0
LINE
8
BLACK
6
CONTINUOUS
10
97.2239629999999977
20
-105.6491229999999888
11
97.2239629999999977
21
-105.553884999999994
0
LINE
8
BLACK
6
CONTINUOUS
10
97.2239629999999977
20
-105.553884999999994
11
97.1287249999999887
21
-105.3634089999999901
0
LINE
8
BLACK
6
CONTINUOUS
10
97.1287249999999887
20
-105.3634089999999901
11
96.9382480000000015
21
-105.2681709999999953
0
LINE
8
BLACK
6
CONTINUOUS
10
96.9382480000000015
20
-105.2681709999999953
11
96.6525339999999886
21
-105.2681709999999953
0
LINE
8
BLACK
6
CONTINUOUS
10
96.6525339999999886
20
-105.2681709999999953
11
96.462057999999999
21
-105.1729330000000004
0
LINE
8
BLACK
6
CONTINUOUS
10
96.462057999999999
20
-105.1729330000000004
11
96.3668199999999899
21
-104.9824569999999966
0
LINE
8
BLACK
6
CONTINUOUS
10
96.3668199999999899
20
-104.9824569999999966
11
96.3668199999999899
21
-104.8872190000000018
0
LINE
8
BLACK
6
CONTINUOUS
10
96.3668199999999899
20
-104.8872190000000018
11
96.462057999999999
21
-104.6967420000000004
0
LINE
8
BLACK
6
CONTINUOUS
10
96.462057999999999
20
-104.6967420000000004
11
96.6525339999999886
21
-104.6015039999999914
0
LINE
8
BLACK
6
CONTINUOUS
10
96.6525339999999886
20
-104.6015039999999914
11
96.9382480000000015
21
-104.6015039999999914
0
LINE
8
BLACK
6
CONTINUOUS
10
96.9382480000000015
20
-104.6015039999999914
11
97.1287249999999887
21
-104.6967420000000004
0
LINE
8
BLACK
6
CONTINUOUS
10
99.6049159999999887
20
-105.1729330000000004
11
101.1287260000000003
21
-105.1729330000000004
0
LINE
8
BLACK
6
CONTINUOUS
10
100.3668210000000016
20
-105.9348379999999992
11
100.3668210000000016
21
-104.4110280000000017
0
LINE
8
BLACK
6
CONTINUOUS
10
104.4620589999999964
20
-104.6015039999999914
11
104.4620589999999964
21
-105.9348379999999992
0
LINE
8
BLACK
6
CONTINUOUS
10
103.9858679999999964
20
-103.8395999999999901
11
103.5096779999999939
21
-105.2681709999999953
0
LINE
8
BLACK
6
CONTINUOUS
10
103.5096779999999939
20
-105.2681709999999953
11
104.7477729999999951
21
-105.2681709999999953
0
LINE
8
BLACK
6
CONTINUOUS
10
106.9382499999999965
20
-105.8395999999999901
11
107.1287260000000003
21
-105.9348379999999992
0
LINE
8
BLACK
6
CONTINUOUS
10
107.1287260000000003
20
-105.9348379999999992
11
107.5096779999999939
21
-105.9348379999999992
0
LINE
8
BLACK
6
CONTINUOUS
10
107.5096779999999939
20
-105.9348379999999992
11
107.7001549999999952
21
-105.8395999999999901
0
LINE
8
BLACK
6
CONTINUOUS
10
107.7001549999999952
20
-105.8395999999999901
11
107.79539299999999
21
-105.6491229999999888
0
LINE
8
BLACK
6
CONTINUOUS
10
107.79539299999999
20
-105.6491229999999888
11
107.79539299999999
21
-105.553884999999994
0
LINE
8
BLACK
6
CONTINUOUS
10
107.79539299999999
20
-105.553884999999994
11
107.7001549999999952
21
-105.3634089999999901
0
LINE
8
BLACK
6
CONTINUOUS
10
107.7001549999999952
20
-105.3634089999999901
11
107.5096779999999939
21
-105.2681709999999953
0
LINE
8
BLACK
6
CONTINUOUS
10
107.5096779999999939
20
-105.2681709999999953
11
107.2239639999999952
21
-105.2681709999999953
0
LINE
8
BLACK
6
CONTINUOUS
10
107.2239639999999952
20
-105.2681709999999953
11
107.0334879999999913
21
-105.1729330000000004
0
LINE
8
BLACK
6
CONTINUOUS
10
107.0334879999999913
20
-105.1729330000000004
11
106.9382499999999965
21
-104.9824569999999966
0
LINE
8
BLACK
6
CONTINUOUS
10
106.9382499999999965
20
-104.9824569999999966
11
106.9382499999999965
21
-104.8872190000000018
0
LINE
8
BLACK
6
CONTINUOUS
10
106.9382499999999965
20
-104.8872190000000018
11
107.0334879999999913
21
-104.6967420000000004
0
LINE
8
BLACK
6
CONTINUOUS
10
107.0334879999999913
20
-104.6967420000000004
11
107.2239639999999952
21
-104.6015039999999914
0
LINE
8
BLACK
6
CONTINUOUS
10
107.2239639999999952
20
-104.6015039999999914
11
107.5096779999999939
21
-104.6015039999999914
0
LINE
8
BLACK
6
CONTINUOUS
10
107.5096779999999939
20
-104.6015039999999914
11
107.7001549999999952
21
-104.6967420000000004
0
LINE
8
BLACK
6
CONTINUOUS
10
108.9382499999999965
20
-105.9348379999999992
11
108.7477739999999926
21
-105.8395999999999901
0
LINE
8
BLACK
6
CONTINUOUS
10
108.7477739999999926
20
-105.8395999999999901
11
108.6525359999999978
21
-105.6491229999999888
0
LINE
8
BLACK
6
CONTINUOUS
10
108.6525359999999978
20
-105.6491229999999888
11
108.6525359999999978
21
-103.9348379999999992
0
LINE
8
BLACK
6
CONTINUOUS
10
109.9858689999999939
20
-105.9348379999999992
11
109.79539299999999
21
-105.8395999999999901
0
LINE
8
BLACK
6
CONTINUOUS
10
109.79539299999999
20
-105.8395999999999901
11
109.7001549999999952
21
-105.7443609999999978
0
LINE
8
BLACK
6
CONTINUOUS
10
109.7001549999999952
20
-105.7443609999999978
11
109.6049170000000004
21
-105.553884999999994
0
LINE
8
BLACK
6
CONTINUOUS
10
109.6049170000000004
20
-105.553884999999994
11
109.6049170000000004
21
-104.9824569999999966
0
LINE
8
BLACK
6
CONTINUOUS
10
109.6049170000000004
20
-104.9824569999999966
11
109.7001549999999952
21
-104.7919799999999952
0
LINE
8
BLACK
6
CONTINUOUS
10
109.7001549999999952
20
-104.7919799999999952
11
109.79539299999999
21
-104.6967420000000004
0
LINE
8
BLACK
6
CONTINUOUS
10
109.79539299999999
20
-104.6967420000000004
11
109.9858689999999939
21
-104.6015039999999914
0
LINE
8
BLACK
6
CONTINUOUS
10
109.9858689999999939
20
-104.6015039999999914
11
110.2715839999999901
21
-104.6015039999999914
0
LINE
8
BLACK
6
CONTINUOUS
10
110.2715839999999901
20
-104.6015039999999914
11
110.4620599999999939
21
-104.6967420000000004
0
LINE
8
BLACK
6
CONTINUOUS
10
110.4620599999999939
20
-104.6967420000000004
11
110.5572979999999887
21
-104.7919799999999952
0
LINE
8
BLACK
6
CONTINUOUS
10
110.5572979999999887
20
-104.7919799999999952
11
110.6525359999999978
21
-104.9824569999999966
0
LINE
8
BLACK
6
CONTINUOUS
10
110.6525359999999978
20
-104.9824569999999966
11
110.6525359999999978
21
-105.553884999999994
0
LINE
8
BLACK
6
CONTINUOUS
10
110.6525359999999978
20
-105.553884999999994
11
110.5572979999999887
21
-105.7443609999999978
0
LINE
8
BLACK
6
CONTINUOUS
10
110.5572979999999887
20
-105.7443609999999978
11
110.4620599999999939
21
-105.8395999999999901
0
LINE
8
BLACK
6
CONTINUOUS
10
110.4620599999999939
20
-105.8395999999999901
11
110.2715839999999901
21
-105.9348379999999992
0
LINE
8
BLACK
6
CONTINUOUS
10
110.2715839999999901
20
-105.9348379999999992
11
109.9858689999999939
21
-105.9348379999999992
0
LINE
8
BLACK
6
CONTINUOUS
10
111.2239649999999926
20
-104.6015039999999914
11
111.9858689999999939
21
-104.6015039999999914
0
LINE
8
BLACK
6
CONTINUOUS
10
111.5096789999999913
20
-103.9348379999999992
11
111.5096789999999913
21
-105.6491229999999888
0
LINE
8
BLACK
6
CONTINUOUS
10
111.5096789999999913
20
-105.6491229999999888
11
111.6049170000000004
21
-105.8395999999999901
0
LINE
8
BLACK
6
CONTINUOUS
10
111.6049170000000004
20
-105.8395999999999901
11
111.79539299999999
21
-105.9348379999999992
0
LINE
8
BLACK
6
CONTINUOUS
10
111.79539299999999
20
-105.9348379999999992
11
111.9858689999999939
21
-105.9348379999999992
0
LINE
8
BLACK
6
CONTINUOUS
10
112.5572979999999887
20
-105.8395999999999901
11
112.7477739999999926
21
-105.9348379999999992
0
LINE
8
BLACK
6
CONTINUOUS
10
112.7477739999999926
20
-105.9348379999999992
11
113.1287260000000003
21
-105.9348379999999992
0
LINE
8
BLACK
6
CONTINUOUS
10
113.1287260000000003
20
-105.9348379999999992
11
113.3192030000000017
21
-105.8395999999999901
0
LINE
8
BLACK
6
CONTINUOUS
10
113.3192030000000017
20
-105.8395999999999901
11
113.4144409999999965
21
-105.6491229999999888
0
LINE
8
BLACK
6
CONTINUOUS
10
113.4144409999999965
20
-105.6491229999999888
11
113.4144409999999965
21
-105.553884999999994
0
LINE
8
BLACK
6
CONTINUOUS
10
113.4144409999999965
20
-105.553884999999994
11
113.3192030000000017
21
-105.3634089999999901
0
LINE
8
BLACK
6
CONTINUOUS
10
113.3192030000000017
20
-105.3634089999999901
11
113.1287260000000003
21
-105.2681709999999953
0
LINE
8
BLACK
6
CONTINUOUS
10
113.1287260000000003
20
-105.2681709999999953
11
112.8430120000000016
21
-105.2681709999999953
0
LINE
8
BLACK
6
CONTINUOUS
10
112.8430120000000016
20
-105.2681709999999953
11
112.6525359999999978
21
-105.1729330000000004
0
LINE
8
BLACK
6
CONTINUOUS
10
112.6525359999999978
20
-105.1729330000000004
11
112.5572979999999887
21
-104.9824569999999966
0
LINE
8
BLACK
6
CONTINUOUS
10
112.5572979999999887
20
-104.9824569999999966
11
112.5572979999999887
21
-104.8872190000000018
0
LINE
8
BLACK
6
CONTINUOUS
10
112.5572979999999887
20
-104.8872190000000018
11
112.6525359999999978
21
-104.6967420000000004
0
LINE
8
BLACK
6
CONTINUOUS
10
112.6525359999999978
20
-104.6967420000000004
11
112.8430120000000016
21
-104.6015039999999914
0
LINE
8
BLACK
6
CONTINUOUS
10
112.8430120000000016
20
-104.6015039999999914
11
113.1287260000000003
21
-104.6015039999999914
0
LINE
8
BLACK
6
CONTINUOUS
10
113.1287260000000003
20
-104.6015039999999914
11
113.3192030000000017
21
-104.6967420000000004
0
LINE
8
BLACK
6
CONTINUOUS
10
114.0811080000000004
20
-106.6967420000000004
11
114.1763459999999952
21
-106.6015039999999914
0
LINE
8
BLACK
6
CONTINUOUS
10
114.1763459999999952
20
-106.6015039999999914
11
114.3668219999999991
21
-106.3157899999999927
0
LINE
8
BLACK
6
CONTINUOUS
10
114.3668219999999991
20
-106.3157899999999927
11
114.4620599999999939
21
-106.1253139999999888
0
LINE
8
BLACK
6
CONTINUOUS
10
114.4620599999999939
20
-106.1253139999999888
11
114.5572979999999887
21
-105.8395999999999901
0
LINE
8
BLACK
6
CONTINUOUS
10
114.5572979999999887
20
-105.8395999999999901
11
114.6525359999999978
21
-105.3634089999999901
0
LINE
8
BLACK
6
CONTINUOUS
10
114.6525359999999978
20
-105.3634089999999901
11
114.6525359999999978
21
-104.9824569999999966
0
LINE
8
BLACK
6
CONTINUOUS
10
114.6525359999999978
20
-104.9824569999999966
11
114.5572979999999887
21
-104.5062659999999966
0
LINE
8
BLACK
6
CONTINUOUS
10
114.5572979999999887
20
-104.5062659999999966
11
114.4620599999999939
21
-104.2205519999999979
0
LINE
8
BLACK
6
CONTINUOUS
10
114.4620599999999939
20
-104.2205519999999979
11
114.3668219999999991
21
-104.030075999999994
0
LINE
8
BLACK
6
CONTINUOUS
10
114.3668219999999991
20
-104.030075999999994
11
114.1763459999999952
21
-103.7443609999999978
0
LINE
8
BLACK
6
CONTINUOUS
10
114.1763459999999952
20
-103.7443609999999978
11
114.0811080000000004
21
-103.6491229999999888
0
LINE
8
BLACK
6
CONTINUOUS
10
49.1400000000000006
20
-107.1599999999999966
11
50.1400000000000006
21
-108.1599999999999966
0
LINE
8
BLACK
6
CONTINUOUS
10
50.1400000000000006
20
-107.1599999999999966
11
49.1400000000000006
21
-108.1599999999999966
0
CIRCLE
8
BLACK
10
49.6400000000000006
20
-107.6599999999999966
40
0.5
0
LINE
8
BLACK
6
CONTINUOUS
10
53.7953869999999981
20
-108.5748379999999997
11
52.6525299999999987
21
-108.5748379999999997
0
LINE
8
BLACK
6
CONTINUOUS
10
53.2239579999999961
20
-108.5748379999999997
11
53.2239579999999961
21
-106.5748379999999997
0
LINE
8
BLACK
6
CONTINUOUS
10
53.2239579999999961
20
-106.5748379999999997
11
53.0334819999999993
21
-106.8605519999999984
0
LINE
8
BLACK
6
CONTINUOUS
10
53.0334819999999993
20
-106.8605519999999984
11
52.8430059999999955
21
-107.0510279999999881
0
LINE
8
BLACK
6
CONTINUOUS
10
52.8430059999999955
20
-107.0510279999999881
11
52.6525299999999987
21
-107.1462659999999971
0
LINE
8
BLACK
6
CONTINUOUS
10
54.6525299999999987
20
-108.3843609999999984
11
54.7477680000000007
21
-108.4795999999999907
0
LINE
8
BLACK
6
CONTINUOUS
10
54.7477680000000007
20
-108.4795999999999907
11
54.6525299999999987
21
-108.5748379999999997
0
LINE
8
BLACK
6
CONTINUOUS
10
54.6525299999999987
20
-108.5748379999999997
11
54.5572919999999968
21
-108.4795999999999907
0
LINE
8
BLACK
6
CONTINUOUS
10
54.5572919999999968
20
-108.4795999999999907
11
54.6525299999999987
21
-108.3843609999999984
0
LINE
8
BLACK
6
CONTINUOUS
10
54.6525299999999987
20
-108.3843609999999984
11
54.6525299999999987
21
-108.5748379999999997
0
LINE
8
BLACK
6
CONTINUOUS
10
55.9858629999999948
20
-106.5748379999999997
11
56.1763399999999962
21
-106.5748379999999997
0
LINE
8
BLACK
6
CONTINUOUS
10
56.1763399999999962
20
-106.5748379999999997
11
56.366816
21
-106.6700759999999946
0
LINE
8
BLACK
6
CONTINUOUS
10
56.366816
20
-106.6700759999999946
11
56.4620539999999949
21
-106.7653139999999894
0
LINE
8
BLACK
6
CONTINUOUS
10
56.4620539999999949
20
-106.7653139999999894
11
56.5572919999999968
21
-106.9557899999999933
0
LINE
8
BLACK
6
CONTINUOUS
10
56.5572919999999968
20
-106.9557899999999933
11
56.6525299999999987
21
-107.336742000000001
0
LINE
8
BLACK
6
CONTINUOUS
10
56.6525299999999987
20
-107.336742000000001
11
56.6525299999999987
21
-107.812933000000001
0
LINE
8
BLACK
6
CONTINUOUS
10
56.6525299999999987
20
-107.812933000000001
11
56.5572919999999968
21
-108.1938849999999945
0
LINE
8
BLACK
6
CONTINUOUS
10
56.5572919999999968
20
-108.1938849999999945
11
56.4620539999999949
21
-108.3843609999999984
0
LINE
8
BLACK
6
CONTINUOUS
10
56.4620539999999949
20
-108.3843609999999984
11
56.366816
21
-108.4795999999999907
0
LINE
8
BLACK
6
CONTINUOUS
10
56.366816
20
-108.4795999999999907
11
56.1763399999999962
21
-108.5748379999999997
0
LINE
8
BLACK
6
CONTINUOUS
10
56.1763399999999962
20
-108.5748379999999997
11
55.9858629999999948
21
-108.5748379999999997
0
LINE
8
BLACK
6
CONTINUOUS
10
55.9858629999999948
20
-108.5748379999999997
11
55.7953869999999981
21
-108.4795999999999907
0
LINE
8
BLACK
6
CONTINUOUS
10
55.7953869999999981
20
-108.4795999999999907
11
55.7001489999999961
21
-108.3843609999999984
0
LINE
8
BLACK
6
CONTINUOUS
10
55.7001489999999961
20
-108.3843609999999984
11
55.6049109999999942
21
-108.1938849999999945
0
LINE
8
BLACK
6
CONTINUOUS
10
55.6049109999999942
20
-108.1938849999999945
11
55.5096729999999994
21
-107.812933000000001
0
LINE
8
BLACK
6
CONTINUOUS
10
55.5096729999999994
20
-107.812933000000001
11
55.5096729999999994
21
-107.336742000000001
0
LINE
8
BLACK
6
CONTINUOUS
10
55.5096729999999994
20
-107.336742000000001
11
55.6049109999999942
21
-106.9557899999999933
0
LINE
8
BLACK
6
CONTINUOUS
10
55.6049109999999942
20
-106.9557899999999933
11
55.7001489999999961
21
-106.7653139999999894
0
LINE
8
BLACK
6
CONTINUOUS
10
55.7001489999999961
20
-106.7653139999999894
11
55.7953869999999981
21
-106.6700759999999946
0
LINE
8
BLACK
6
CONTINUOUS
10
55.7953869999999981
20
-106.6700759999999946
11
55.9858629999999948
21
-106.5748379999999997
0
LINE
8
BLACK
6
CONTINUOUS
10
57.890625
20
-106.5748379999999997
11
58.0811019999999942
21
-106.5748379999999997
0
LINE
8
BLACK
6
CONTINUOUS
10
58.0811019999999942
20
-106.5748379999999997
11
58.2715779999999981
21
-106.6700759999999946
0
LINE
8
BLACK
6
CONTINUOUS
10
58.2715779999999981
20
-106.6700759999999946
11
58.366816
21
-106.7653139999999894
0
LINE
8
BLACK
6
CONTINUOUS
10
58.366816
20
-106.7653139999999894
11
58.4620539999999949
21
-106.9557899999999933
0
LINE
8
BLACK
6
CONTINUOUS
10
58.4620539999999949
20
-106.9557899999999933
11
58.5572919999999968
21
-107.336742000000001
0
LINE
8
BLACK
6
CONTINUOUS
10
58.5572919999999968
20
-107.336742000000001
11
58.5572919999999968
21
-107.812933000000001
0
LINE
8
BLACK
6
CONTINUOUS
10
58.5572919999999968
20
-107.812933000000001
11
58.4620539999999949
21
-108.1938849999999945
0
LINE
8
BLACK
6
CONTINUOUS
10
58.4620539999999949
20
-108.1938849999999945
11
58.366816
21
-108.3843609999999984
0
LINE
8
BLACK
6
CONTINUOUS
10
58.366816
20
-108.3843609999999984
11
58.2715779999999981
21
-108.4795999999999907
0
LINE
8
BLACK
6
CONTINUOUS
10
58.2715779999999981
20
-108.4795999999999907
11
58.0811019999999942
21
-108.5748379999999997
0
LINE
8
BLACK
6
CONTINUOUS
10
58.0811019999999942
20
-108.5748379999999997
11
57.890625
21
-108.5748379999999997
0
LINE
8
BLACK
6
CONTINUOUS
10
57.890625
20
-108.5748379999999997
11
57.7001489999999961
21
-108.4795999999999907
0
LINE
8
BLACK
6
CONTINUOUS
10
57.7001489999999961
20
-108.4795999999999907
11
57.6049109999999942
21
-108.3843609999999984
0
LINE
8
BLACK
6
CONTINUOUS
10
57.6049109999999942
20
-108.3843609999999984
11
57.5096729999999994
21
-108.1938849999999945
0
LINE
8
BLACK
6
CONTINUOUS
10
57.5096729999999994
20
-108.1938849999999945
11
57.4144349999999974
21
-107.812933000000001
0
LINE
8
BLACK
6
CONTINUOUS
10
57.4144349999999974
20
-107.812933000000001
11
57.4144349999999974
21
-107.336742000000001
0
LINE
8
BLACK
6
CONTINUOUS
10
57.4144349999999974
20
-107.336742000000001
11
57.5096729999999994
21
-106.9557899999999933
0
LINE
8
BLACK
6
CONTINUOUS
10
57.5096729999999994
20
-106.9557899999999933
11
57.6049109999999942
21
-106.7653139999999894
0
LINE
8
BLACK
6
CONTINUOUS
10
57.6049109999999942
20
-106.7653139999999894
11
57.7001489999999961
21
-106.6700759999999946
0
LINE
8
BLACK
6
CONTINUOUS
10
57.7001489999999961
20
-106.6700759999999946
11
57.890625
21
-106.5748379999999997
0
LINE
8
BLACK
6
CONTINUOUS
10
59.7953869999999981
20
-106.5748379999999997
11
59.9858639999999994
21
-106.5748379999999997
0
LINE
8
BLACK
6
CONTINUOUS
10
59.9858639999999994
20
-106.5748379999999997
11
60.1763399999999962
21
-106.6700759999999946
0
LINE
8
BLACK
6
CONTINUOUS
10
60.1763399999999962
20
-106.6700759999999946
11
60.2715779999999981
21
-106.7653139999999894
0
LINE
8
BLACK
6
CONTINUOUS
10
60.2715779999999981
20
-106.7653139999999894
11
60.366816
21
-106.9557899999999933
0
LINE
8
BLACK
6
CONTINUOUS
10
60.366816
20
-106.9557899999999933
11
60.4620539999999949
21
-107.336742000000001
0
LINE
8
BLACK
6
CONTINUOUS
10
60.4620539999999949
20
-107.336742000000001
11
60.4620539999999949
21
-107.812933000000001
0
LINE
8
BLACK
6
CONTINUOUS
10
60.4620539999999949
20
-107.812933000000001
11
60.366816
21
-108.1938849999999945
0
LINE
8
BLACK
6
CONTINUOUS
10
60.366816
20
-108.1938849999999945
11
60.2715779999999981
21
-108.3843609999999984
0
LINE
8
BLACK
6
CONTINUOUS
10
60.2715779999999981
20
-108.3843609999999984
11
60.1763399999999962
21
-108.4795999999999907
0
LINE
8
BLACK
6
CONTINUOUS
10
60.1763399999999962
20
-108.4795999999999907
11
59.9858639999999994
21
-108.5748379999999997
0
LINE
8
BLACK
6
CONTINUOUS
10
59.9858639999999994
20
-108.5748379999999997
11
59.7953869999999981
21
-108.5748379999999997
0
LINE
8
BLACK
6
CONTINUOUS
10
59.7953869999999981
20
-108.5748379999999997
11
59.6049109999999942
21
-108.4795999999999907
0
LINE
8
BLACK
6
CONTINUOUS
10
59.6049109999999942
20
-108.4795999999999907
11
59.5096729999999994
21
-108.3843609999999984
0
LINE
8
BLACK
6
CONTINUOUS
10
59.5096729999999994
20
-108.3843609999999984
11
59.4144349999999974
21
-108.1938849999999945
0
LINE
8
BLACK
6
CONTINUOUS
10
59.4144349999999974
20
-108.1938849999999945
11
59.3191969999999955
21
-107.812933000000001
0
LINE
8
BLACK
6
CONTINUOUS
10
59.3191969999999955
20
-107.812933000000001
11
59.3191969999999955
21
-107.336742000000001
0
LINE
8
BLACK
6
CONTINUOUS
10
59.3191969999999955
20
-107.336742000000001
11
59.4144349999999974
21
-106.9557899999999933
0
LINE
8
BLACK
6
CONTINUOUS
10
59.4144349999999974
20
-106.9557899999999933
11
59.5096729999999994
21
-106.7653139999999894
0
LINE
8
BLACK
6
CONTINUOUS
10
59.5096729999999994
20
-106.7653139999999894
11
59.6049109999999942
21
-106.6700759999999946
0
LINE
8
BLACK
6
CONTINUOUS
10
59.6049109999999942
20
-106.6700759999999946
11
59.7953869999999981
21
-106.5748379999999997
0
LINE
8
BLACK
6
CONTINUOUS
10
61.3191969999999955
20
-108.5748379999999997
11
61.3191969999999955
21
-107.2415039999999919
0
LINE
8
BLACK
6
CONTINUOUS
10
61.3191969999999955
20
-107.4319799999999958
11
61.4144349999999974
21
-107.336742000000001
0
LINE
8
BLACK
6
CONTINUOUS
10
61.4144349999999974
20
-107.336742000000001
11
61.6049109999999942
21
-107.2415039999999919
0
LINE
8
BLACK
6
CONTINUOUS
10
61.6049109999999942
20
-107.2415039999999919
11
61.8906259999999975
21
-107.2415039999999919
0
LINE
8
BLACK
6
CONTINUOUS
10
61.8906259999999975
20
-107.2415039999999919
11
62.0811019999999942
21
-107.336742000000001
0
LINE
8
BLACK
6
CONTINUOUS
10
62.0811019999999942
20
-107.336742000000001
11
62.1763399999999962
21
-107.5272189999999881
0
LINE
8
BLACK
6
CONTINUOUS
10
62.1763399999999962
20
-107.5272189999999881
11
62.1763399999999962
21
-108.5748379999999997
0
LINE
8
BLACK
6
CONTINUOUS
10
62.1763399999999962
20
-107.5272189999999881
11
62.2715779999999981
21
-107.336742000000001
0
LINE
8
BLACK
6
CONTINUOUS
10
62.2715779999999981
20
-107.336742000000001
11
62.4620539999999949
21
-107.2415039999999919
0
LINE
8
BLACK
6
CONTINUOUS
10
62.4620539999999949
20
-107.2415039999999919
11
62.7477680000000007
21
-107.2415039999999919
0
LINE
8
BLACK
6
CONTINUOUS
10
62.7477680000000007
20
-107.2415039999999919
11
62.9382449999999949
21
-107.336742000000001
0
LINE
8
BLACK
6
CONTINUOUS
10
62.9382449999999949
20
-107.336742000000001
11
63.0334829999999968
21
-107.5272189999999881
0
LINE
8
BLACK
6
CONTINUOUS
10
63.0334829999999968
20
-107.5272189999999881
11
63.0334829999999968
21
-108.5748379999999997
0
LINE
8
BLACK
6
CONTINUOUS
10
63.9858639999999994
20
-108.5748379999999997
11
63.9858639999999994
21
-107.2415039999999919
0
LINE
8
BLACK
6
CONTINUOUS
10
63.9858639999999994
20
-107.4319799999999958
11
64.0811020000000013
21
-107.336742000000001
0
LINE
8
BLACK
6
CONTINUOUS
10
64.0811020000000013
20
-107.336742000000001
11
64.271577999999991
21
-107.2415039999999919
0
LINE
8
BLACK
6
CONTINUOUS
10
64.271577999999991
20
-107.2415039999999919
11
64.5572930000000014
21
-107.2415039999999919
0
LINE
8
BLACK
6
CONTINUOUS
10
64.5572930000000014
20
-107.2415039999999919
11
64.747768999999991
21
-107.336742000000001
0
LINE
8
BLACK
6
CONTINUOUS
10
64.747768999999991
20
-107.336742000000001
11
64.8430070000000001
21
-107.5272189999999881
0
LINE
8
BLACK
6
CONTINUOUS
10
64.8430070000000001
20
-107.5272189999999881
11
64.8430070000000001
21
-108.5748379999999997
0
LINE
8
BLACK
6
CONTINUOUS
10
64.8430070000000001
20
-107.5272189999999881
11
64.9382449999999949
21
-107.336742000000001
0
LINE
8
BLACK
6
CONTINUOUS
10
64.9382449999999949
20
-107.336742000000001
11
65.1287209999999988
21
-107.2415039999999919
0
LINE
8
BLACK
6
CONTINUOUS
10
65.1287209999999988
20
-107.2415039999999919
11
65.4144349999999974
21
-107.2415039999999919
0
LINE
8
BLACK
6
CONTINUOUS
10
65.4144349999999974
20
-107.2415039999999919
11
65.6049119999999988
21
-107.336742000000001
0
LINE
8
BLACK
6
CONTINUOUS
10
65.6049119999999988
20
-107.336742000000001
11
65.7001499999999936
21
-107.5272189999999881
0
LINE
8
BLACK
6
CONTINUOUS
10
65.7001499999999936
20
-107.5272189999999881
11
65.7001499999999936
21
-108.5748379999999997
0
LINE
8
BLACK
6
CONTINUOUS
10
69.6049119999999988
20
-106.4795999999999907
11
67.890626999999995
21
-109.0510279999999881
0
LINE
8
BLACK
6
CONTINUOUS
10
72.1763409999999936
20
-106.5748379999999997
11
72.366817999999995
21
-106.5748379999999997
0
LINE
8
BLACK
6
CONTINUOUS
10
72.366817999999995
20
-106.5748379999999997
11
72.5572939999999988
21
-106.6700759999999946
0
LINE
8
BLACK
6
CONTINUOUS
10
72.5572939999999988
20
-106.6700759999999946
11
72.6525319999999937
21
-106.7653139999999894
0
LINE
8
BLACK
6
CONTINUOUS
10
72.6525319999999937
20
-106.7653139999999894
11
72.7477700000000027
21
-106.9557899999999933
0
LINE
8
BLACK
6
CONTINUOUS
10
72.7477700000000027
20
-106.9557899999999933
11
72.8430079999999975
21
-107.336742000000001
0
LINE
8
BLACK
6
CONTINUOUS
10
72.8430079999999975
20
-107.336742000000001
11
72.8430079999999975
21
-107.812933000000001
0
LINE
8
BLACK
6
CONTINUOUS
10
72.8430079999999975
20
-107.812933000000001
11
72.7477700000000027
21
-108.1938849999999945
0
LINE
8
BLACK
6
CONTINUOUS
10
72.7477700000000027
20
-108.1938849999999945
11
72.6525319999999937
21
-108.3843609999999984
0
LINE
8
BLACK
6
CONTINUOUS
10
72.6525319999999937
20
-108.3843609999999984
11
72.5572939999999988
21
-108.4795999999999907
0
LINE
8
BLACK
6
CONTINUOUS
10
72.5572939999999988
20
-108.4795999999999907
11
72.366817999999995
21
-108.5748379999999997
0
LINE
8
BLACK
6
CONTINUOUS
10
72.366817999999995
20
-108.5748379999999997
11
72.1763409999999936
21
-108.5748379999999997
0
LINE
8
BLACK
6
CONTINUOUS
10
72.1763409999999936
20
-108.5748379999999997
11
71.9858649999999898
21
-108.4795999999999907
0
LINE
8
BLACK
6
CONTINUOUS
10
71.9858649999999898
20
-108.4795999999999907
11
71.890626999999995
21
-108.3843609999999984
0
LINE
8
BLACK
6
CONTINUOUS
10
71.890626999999995
20
-108.3843609999999984
11
71.7953890000000001
21
-108.1938849999999945
0
LINE
8
BLACK
6
CONTINUOUS
10
71.7953890000000001
20
-108.1938849999999945
11
71.7001509999999911
21
-107.812933000000001
0
LINE
8
BLACK
6
CONTINUOUS
10
71.7001509999999911
20
-107.812933000000001
11
71.7001509999999911
21
-107.336742000000001
0
LINE
8
BLACK
6
CONTINUOUS
10
71.7001509999999911
20
-107.336742000000001
11
71.7953890000000001
21
-106.9557899999999933
0
LINE
8
BLACK
6
CONTINUOUS
10
71.7953890000000001
20
-106.9557899999999933
11
71.890626999999995
21
-106.7653139999999894
0
LINE
8
BLACK
6
CONTINUOUS
10
71.890626999999995
20
-106.7653139999999894
11
71.9858649999999898
21
-106.6700759999999946
0
LINE
8
BLACK
6
CONTINUOUS
10
71.9858649999999898
20
-106.6700759999999946
11
72.1763409999999936
21
-106.5748379999999997
0
LINE
8
BLACK
6
CONTINUOUS
10
73.7001509999999911
20
-108.3843609999999984
11
73.7953890000000001
21
-108.4795999999999907
0
LINE
8
BLACK
6
CONTINUOUS
10
73.7953890000000001
20
-108.4795999999999907
11
73.7001509999999911
21
-108.5748379999999997
0
LINE
8
BLACK
6
CONTINUOUS
10
73.7001509999999911
20
-108.5748379999999997
11
73.6049129999999963
21
-108.4795999999999907
0
LINE
8
BLACK
6
CONTINUOUS
10
73.6049129999999963
20
-108.4795999999999907
11
73.7001509999999911
21
-108.3843609999999984
0
LINE
8
BLACK
6
CONTINUOUS
10
73.7001509999999911
20
-108.3843609999999984
11
73.7001509999999911
21
-108.5748379999999997
0
LINE
8
BLACK
6
CONTINUOUS
10
75.0334840000000014
20
-106.5748379999999997
11
75.2239610000000027
21
-106.5748379999999997
0
LINE
8
BLACK
6
CONTINUOUS
10
75.2239610000000027
20
-106.5748379999999997
11
75.4144369999999924
21
-106.6700759999999946
0
LINE
8
BLACK
6
CONTINUOUS
10
75.4144369999999924
20
-106.6700759999999946
11
75.5096750000000014
21
-106.7653139999999894
0
LINE
8
BLACK
6
CONTINUOUS
10
75.5096750000000014
20
-106.7653139999999894
11
75.6049129999999963
21
-106.9557899999999933
0
LINE
8
BLACK
6
CONTINUOUS
10
75.6049129999999963
20
-106.9557899999999933
11
75.7001509999999911
21
-107.336742000000001
0
LINE
8
BLACK
6
CONTINUOUS
10
75.7001509999999911
20
-107.336742000000001
11
75.7001509999999911
21
-107.812933000000001
0
LINE
8
BLACK
6
CONTINUOUS
10
75.7001509999999911
20
-107.812933000000001
11
75.6049129999999963
21
-108.1938849999999945
0
LINE
8
BLACK
6
CONTINUOUS
10
75.6049129999999963
20
-108.1938849999999945
11
75.5096750000000014
21
-108.3843609999999984
0
LINE
8
BLACK
6
CONTINUOUS
10
75.5096750000000014
20
-108.3843609999999984
11
75.4144369999999924
21
-108.4795999999999907
0
LINE
8
BLACK
6
CONTINUOUS
10
75.4144369999999924
20
-108.4795999999999907
11
75.2239610000000027
21
-108.5748379999999997
0
LINE
8
BLACK
6
CONTINUOUS
10
75.2239610000000027
20
-108.5748379999999997
11
75.0334840000000014
21
-108.5748379999999997
0
LINE
8
BLACK
6
CONTINUOUS
10
75.0334840000000014
20
-108.5748379999999997
11
74.8430079999999975
21
-108.4795999999999907
0
LINE
8
BLACK
6
CONTINUOUS
10
74.8430079999999975
20
-108.4795999999999907
11
74.7477700000000027
21
-108.3843609999999984
0
LINE
8
BLACK
6
CONTINUOUS
10
74.7477700000000027
20
-108.3843609999999984
11
74.6525319999999937
21
-108.1938849999999945
0
LINE
8
BLACK
6
CONTINUOUS
10
74.6525319999999937
20
-108.1938849999999945
11
74.5572939999999988
21
-107.812933000000001
0
LINE
8
BLACK
6
CONTINUOUS
10
74.5572939999999988
20
-107.812933000000001
11
74.5572939999999988
21
-107.336742000000001
0
LINE
8
BLACK
6
CONTINUOUS
10
74.5572939999999988
20
-107.336742000000001
11
74.6525319999999937
21
-106.9557899999999933
0
LINE
8
BLACK
6
CONTINUOUS
10
74.6525319999999937
20
-106.9557899999999933
11
74.7477700000000027
21
-106.7653139999999894
0
LINE
8
BLACK
6
CONTINUOUS
10
74.7477700000000027
20
-106.7653139999999894
11
74.8430079999999975
21
-106.6700759999999946
0
LINE
8
BLACK
6
CONTINUOUS
10
74.8430079999999975
20
-106.6700759999999946
11
75.0334840000000014
21
-106.5748379999999997
0
LINE
8
BLACK
6
CONTINUOUS
10
76.366817999999995
20
-106.5748379999999997
11
77.6049129999999963
21
-106.5748379999999997
0
LINE
8
BLACK
6
CONTINUOUS
10
77.6049129999999963
20
-106.5748379999999997
11
76.9382459999999924
21
-107.336742000000001
0
LINE
8
BLACK
6
CONTINUOUS
10
76.9382459999999924
20
-107.336742000000001
11
77.2239610000000027
21
-107.336742000000001
0
LINE
8
BLACK
6
CONTINUOUS
10
77.2239610000000027
20
-107.336742000000001
11
77.4144369999999924
21
-107.4319799999999958
0
LINE
8
BLACK
6
CONTINUOUS
10
77.4144369999999924
20
-107.4319799999999958
11
77.5096750000000014
21
-107.5272189999999881
0
LINE
8
BLACK
6
CONTINUOUS
10
77.5096750000000014
20
-107.5272189999999881
11
77.6049129999999963
21
-107.717694999999992
0
LINE
8
BLACK
6
CONTINUOUS
10
77.6049129999999963
20
-107.717694999999992
11
77.6049129999999963
21
-108.1938849999999945
0
LINE
8
BLACK
6
CONTINUOUS
10
77.6049129999999963
20
-108.1938849999999945
11
77.5096750000000014
21
-108.3843609999999984
0
LINE
8
BLACK
6
CONTINUOUS
10
77.5096750000000014
20
-108.3843609999999984
11
77.4144369999999924
21
-108.4795999999999907
0
LINE
8
BLACK
6
CONTINUOUS
10
77.4144369999999924
20
-108.4795999999999907
11
77.2239610000000027
21
-108.5748379999999997
0
LINE
8
BLACK
6
CONTINUOUS
10
77.2239610000000027
20
-108.5748379999999997
11
76.6525319999999937
21
-108.5748379999999997
0
LINE
8
BLACK
6
CONTINUOUS
10
76.6525319999999937
20
-108.5748379999999997
11
76.4620559999999898
21
-108.4795999999999907
0
LINE
8
BLACK
6
CONTINUOUS
10
76.4620559999999898
20
-108.4795999999999907
11
76.366817999999995
21
-108.3843609999999984
0
LINE
8
BLACK
6
CONTINUOUS
10
78.5572939999999988
20
-108.5748379999999997
11
78.9382459999999924
21
-108.5748379999999997
0
LINE
8
BLACK
6
CONTINUOUS
10
78.9382459999999924
20
-108.5748379999999997
11
79.1287229999999937
21
-108.4795999999999907
0
LINE
8
BLACK
6
CONTINUOUS
10
79.1287229999999937
20
-108.4795999999999907
11
79.2239610000000027
21
-108.3843609999999984
0
LINE
8
BLACK
6
CONTINUOUS
10
79.2239610000000027
20
-108.3843609999999984
11
79.4144369999999924
21
-108.0986469999999997
0
LINE
8
BLACK
6
CONTINUOUS
10
79.4144369999999924
20
-108.0986469999999997
11
79.5096750000000014
21
-107.717694999999992
0
LINE
8
BLACK
6
CONTINUOUS
10
79.5096750000000014
20
-107.717694999999992
11
79.5096750000000014
21
-106.9557899999999933
0
LINE
8
BLACK
6
CONTINUOUS
10
79.5096750000000014
20
-106.9557899999999933
11
79.4144369999999924
21
-106.7653139999999894
0
LINE
8
BLACK
6
CONTINUOUS
10
79.4144369999999924
20
-106.7653139999999894
11
79.3191989999999976
21
-106.6700759999999946
0
LINE
8
BLACK
6
CONTINUOUS
10
79.3191989999999976
20
-106.6700759999999946
11
79.1287229999999937
21
-106.5748379999999997
0
LINE
8
BLACK
6
CONTINUOUS
10
79.1287229999999937
20
-106.5748379999999997
11
78.7477700000000027
21
-106.5748379999999997
0
LINE
8
BLACK
6
CONTINUOUS
10
78.7477700000000027
20
-106.5748379999999997
11
78.5572939999999988
21
-106.6700759999999946
0
LINE
8
BLACK
6
CONTINUOUS
10
78.5572939999999988
20
-106.6700759999999946
11
78.4620559999999898
21
-106.7653139999999894
0
LINE
8
BLACK
6
CONTINUOUS
10
78.4620559999999898
20
-106.7653139999999894
11
78.366817999999995
21
-106.9557899999999933
0
LINE
8
BLACK
6
CONTINUOUS
10
78.366817999999995
20
-106.9557899999999933
11
78.366817999999995
21
-107.4319799999999958
0
LINE
8
BLACK
6
CONTINUOUS
10
78.366817999999995
20
-107.4319799999999958
11
78.4620559999999898
21
-107.6224569999999972
0
LINE
8
BLACK
6
CONTINUOUS
10
78.4620559999999898
20
-107.6224569999999972
11
78.5572939999999988
21
-107.717694999999992
0
LINE
8
BLACK
6
CONTINUOUS
10
78.5572939999999988
20
-107.717694999999992
11
78.7477700000000027
21
-107.812933000000001
0
LINE
8
BLACK
6
CONTINUOUS
10
78.7477700000000027
20
-107.812933000000001
11
79.1287229999999937
21
-107.812933000000001
0
LINE
8
BLACK
6
CONTINUOUS
10
79.1287229999999937
20
-107.812933000000001
11
79.3191989999999976
21
-107.717694999999992
0
LINE
8
BLACK
6
CONTINUOUS
10
79.3191989999999976
20
-107.717694999999992
11
79.4144369999999924
21
-107.6224569999999972
0
LINE
8
BLACK
6
CONTINUOUS
10
79.4144369999999924
20
-107.6224569999999972
11
79.5096750000000014
21
-107.4319799999999958
0
LINE
8
BLACK
6
CONTINUOUS
10
81.2239610000000027
20
-107.2415039999999919
11
81.2239610000000027
21
-108.5748379999999997
0
LINE
8
BLACK
6
CONTINUOUS
10
80.7477700000000027
20
-106.4795999999999907
11
80.2715800000000002
21
-107.9081709999999958
0
LINE
8
BLACK
6
CONTINUOUS
10
80.2715800000000002
20
-107.9081709999999958
11
81.5096750000000014
21
-107.9081709999999958
0
LINE
8
BLACK
6
CONTINUOUS
10
82.1763419999999911
20
-106.5748379999999997
11
82.1763419999999911
21
-106.9557899999999933
0
LINE
8
BLACK
6
CONTINUOUS
10
82.9382469999999898
20
-106.5748379999999997
11
82.9382469999999898
21
-106.9557899999999933
0
LINE
8
BLACK
6
CONTINUOUS
10
85.8906289999999899
20
-109.336742000000001
11
85.7953899999999976
21
-109.2415039999999919
0
LINE
8
BLACK
6
CONTINUOUS
10
85.7953899999999976
20
-109.2415039999999919
11
85.6049139999999937
21
-108.9557899999999933
0
LINE
8
BLACK
6
CONTINUOUS
10
85.6049139999999937
20
-108.9557899999999933
11
85.5096759999999989
21
-108.7653139999999894
0
LINE
8
BLACK
6
CONTINUOUS
10
85.5096759999999989
20
-108.7653139999999894
11
85.4144379999999899
21
-108.4795999999999907
0
LINE
8
BLACK
6
CONTINUOUS
10
85.4144379999999899
20
-108.4795999999999907
11
85.319199999999995
21
-108.0034089999999907
0
LINE
8
BLACK
6
CONTINUOUS
10
85.319199999999995
20
-108.0034089999999907
11
85.319199999999995
21
-107.6224569999999972
0
LINE
8
BLACK
6
CONTINUOUS
10
85.319199999999995
20
-107.6224569999999972
11
85.4144379999999899
21
-107.1462659999999971
0
LINE
8
BLACK
6
CONTINUOUS
10
85.4144379999999899
20
-107.1462659999999971
11
85.5096759999999989
21
-106.8605519999999984
0
LINE
8
BLACK
6
CONTINUOUS
10
85.5096759999999989
20
-106.8605519999999984
11
85.6049139999999937
21
-106.6700759999999946
0
LINE
8
BLACK
6
CONTINUOUS
10
85.6049139999999937
20
-106.6700759999999946
11
85.7953899999999976
21
-106.3843609999999984
0
LINE
8
BLACK
6
CONTINUOUS
10
85.7953899999999976
20
-106.3843609999999984
11
85.8906289999999899
21
-106.2891229999999894
0
LINE
8
BLACK
6
CONTINUOUS
10
86.4620570000000015
20
-106.5748379999999997
11
87.7001520000000028
21
-106.5748379999999997
0
LINE
8
BLACK
6
CONTINUOUS
10
87.7001520000000028
20
-106.5748379999999997
11
87.0334849999999989
21
-107.336742000000001
0
LINE
8
BLACK
6
CONTINUOUS
10
87.0334849999999989
20
-107.336742000000001
11
87.319199999999995
21
-107.336742000000001
0
LINE
8
BLACK
6
CONTINUOUS
10
87.319199999999995
20
-107.336742000000001
11
87.5096759999999989
21
-107.4319799999999958
0
LINE
8
BLACK
6
CONTINUOUS
10
87.5096759999999989
20
-107.4319799999999958
11
87.6049139999999937
21
-107.5272189999999881
0
LINE
8
BLACK
6
CONTINUOUS
10
87.6049139999999937
20
-107.5272189999999881
11
87.7001520000000028
21
-107.717694999999992
0
LINE
8
BLACK
6
CONTINUOUS
10
87.7001520000000028
20
-107.717694999999992
11
87.7001520000000028
21
-108.1938849999999945
0
LINE
8
BLACK
6
CONTINUOUS
10
87.7001520000000028
20
-108.1938849999999945
11
87.6049139999999937
21
-108.3843609999999984
0
LINE
8
BLACK
6
CONTINUOUS
10
87.6049139999999937
20
-108.3843609999999984
11
87.5096759999999989
21
-108.4795999999999907
0
LINE
8
BLACK
6
CONTINUOUS
10
87.5096759999999989
20
-108.4795999999999907
11
87.319199999999995
21
-108.5748379999999997
0
LINE
8
BLACK
6
CONTINUOUS
10
87.319199999999995
20
-108.5748379999999997
11
86.7477710000000002
21
-108.5748379999999997
0
LINE
8
BLACK
6
CONTINUOUS
10
86.7477710000000002
20
-108.5748379999999997
11
86.5572949999999963
21
-108.4795999999999907
0
LINE
8
BLACK
6
CONTINUOUS
10
86.5572949999999963
20
-108.4795999999999907
11
86.4620570000000015
21
-108.3843609999999984
0
LINE
8
BLACK
6
CONTINUOUS
10
88.3668189999999925
20
-106.5748379999999997
11
89.7001520000000028
21
-106.5748379999999997
0
LINE
8
BLACK
6
CONTINUOUS
10
89.7001520000000028
20
-106.5748379999999997
11
88.843008999999995
21
-108.5748379999999997
0
LINE
8
BLACK
6
CONTINUOUS
10
91.9858669999999989
20
-108.5748379999999997
11
91.9858669999999989
21
-106.5748379999999997
0
LINE
8
BLACK
6
CONTINUOUS
10
92.8430099999999925
20
-108.5748379999999997
11
92.8430099999999925
21
-107.5272189999999881
0
LINE
8
BLACK
6
CONTINUOUS
10
92.8430099999999925
20
-107.5272189999999881
11
92.7477719999999977
21
-107.336742000000001
0
LINE
8
BLACK
6
CONTINUOUS
10
92.7477719999999977
20
-107.336742000000001
11
92.5572959999999938
21
-107.2415039999999919
0
LINE
8
BLACK
6
CONTINUOUS
10
92.5572959999999938
20
-107.2415039999999919
11
92.2715809999999976
21
-107.2415039999999919
0
LINE
8
BLACK
6
CONTINUOUS
10
92.2715809999999976
20
-107.2415039999999919
11
92.0811049999999938
21
-107.336742000000001
0
LINE
8
BLACK
6
CONTINUOUS
10
92.0811049999999938
20
-107.336742000000001
11
91.9858669999999989
21
-107.4319799999999958
0
LINE
8
BLACK
6
CONTINUOUS
10
94.0811049999999938
20
-108.5748379999999997
11
93.8906289999999899
21
-108.4795999999999907
0
LINE
8
BLACK
6
CONTINUOUS
10
93.8906289999999899
20
-108.4795999999999907
11
93.7953909999999951
21
-108.3843609999999984
0
LINE
8
BLACK
6
CONTINUOUS
10
93.7953909999999951
20
-108.3843609999999984
11
93.7001530000000002
21
-108.1938849999999945
0
LINE
8
BLACK
6
CONTINUOUS
10
93.7001530000000002
20
-108.1938849999999945
11
93.7001530000000002
21
-107.6224569999999972
0
LINE
8
BLACK
6
CONTINUOUS
10
93.7001530000000002
20
-107.6224569999999972
11
93.7953909999999951
21
-107.4319799999999958
0
LINE
8
BLACK
6
CONTINUOUS
10
93.7953909999999951
20
-107.4319799999999958
11
93.8906289999999899
21
-107.336742000000001
0
LINE
8
BLACK
6
CONTINUOUS
10
93.8906289999999899
20
-107.336742000000001
11
94.0811049999999938
21
-107.2415039999999919
0
LINE
8
BLACK
6
CONTINUOUS
10
94.0811049999999938
20
-107.2415039999999919
11
94.3668199999999899
21
-107.2415039999999919
0
LINE
8
BLACK
6
CONTINUOUS
10
94.3668199999999899
20
-107.2415039999999919
11
94.5572959999999938
21
-107.336742000000001
0
LINE
8
BLACK
6
CONTINUOUS
10
94.5572959999999938
20
-107.336742000000001
11
94.6525339999999886
21
-107.4319799999999958
0
LINE
8
BLACK
6
CONTINUOUS
10
94.6525339999999886
20
-107.4319799999999958
11
94.7477719999999977
21
-107.6224569999999972
0
LINE
8
BLACK
6
CONTINUOUS
10
94.7477719999999977
20
-107.6224569999999972
11
94.7477719999999977
21
-108.1938849999999945
0
LINE
8
BLACK
6
CONTINUOUS
10
94.7477719999999977
20
-108.1938849999999945
11
94.6525339999999886
21
-108.3843609999999984
0
LINE
8
BLACK
6
CONTINUOUS
10
94.6525339999999886
20
-108.3843609999999984
11
94.5572959999999938
21
-108.4795999999999907
0
LINE
8
BLACK
6
CONTINUOUS
10
94.5572959999999938
20
-108.4795999999999907
11
94.3668199999999899
21
-108.5748379999999997
0
LINE
8
BLACK
6
CONTINUOUS
10
94.3668199999999899
20
-108.5748379999999997
11
94.0811049999999938
21
-108.5748379999999997
0
LINE
8
BLACK
6
CONTINUOUS
10
95.8906289999999899
20
-108.5748379999999997
11
95.7001530000000002
21
-108.4795999999999907
0
LINE
8
BLACK
6
CONTINUOUS
10
95.7001530000000002
20
-108.4795999999999907
11
95.6049149999999912
21
-108.2891229999999894
0
LINE
8
BLACK
6
CONTINUOUS
10
95.6049149999999912
20
-108.2891229999999894
11
95.6049149999999912
21
-106.5748379999999997
0
LINE
8
BLACK
6
CONTINUOUS
10
97.4144390000000016
20
-108.4795999999999907
11
97.2239629999999977
21
-108.5748379999999997
0
LINE
8
BLACK
6
CONTINUOUS
10
97.2239629999999977
20
-108.5748379999999997
11
96.8430099999999925
21
-108.5748379999999997
0
LINE
8
BLACK
6
CONTINUOUS
10
96.8430099999999925
20
-108.5748379999999997
11
96.6525339999999886
21
-108.4795999999999907
0
LINE
8
BLACK
6
CONTINUOUS
10
96.6525339999999886
20
-108.4795999999999907
11
96.5572959999999938
21
-108.2891229999999894
0
LINE
8
BLACK
6
CONTINUOUS
10
96.5572959999999938
20
-108.2891229999999894
11
96.5572959999999938
21
-107.5272189999999881
0
LINE
8
BLACK
6
CONTINUOUS
10
96.5572959999999938
20
-107.5272189999999881
11
96.6525339999999886
21
-107.336742000000001
0
LINE
8
BLACK
6
CONTINUOUS
10
96.6525339999999886
20
-107.336742000000001
11
96.8430099999999925
21
-107.2415039999999919
0
LINE
8
BLACK
6
CONTINUOUS
10
96.8430099999999925
20
-107.2415039999999919
11
97.2239629999999977
21
-107.2415039999999919
0
LINE
8
BLACK
6
CONTINUOUS
10
97.2239629999999977
20
-107.2415039999999919
11
97.4144390000000016
21
-107.336742000000001
0
LINE
8
BLACK
6
CONTINUOUS
10
97.4144390000000016
20
-107.336742000000001
11
97.5096769999999964
21
-107.5272189999999881
0
LINE
8
BLACK
6
CONTINUOUS
10
97.5096769999999964
20
-107.5272189999999881
11
97.5096769999999964
21
-107.717694999999992
0
LINE
8
BLACK
6
CONTINUOUS
10
97.5096769999999964
20
-107.717694999999992
11
96.5572959999999938
21
-107.9081709999999958
0
LINE
8
BLACK
6
CONTINUOUS
10
98.2715819999999951
20
-108.4795999999999907
11
98.462057999999999
21
-108.5748379999999997
0
LINE
8
BLACK
6
CONTINUOUS
10
98.462057999999999
20
-108.5748379999999997
11
98.8430099999999925
21
-108.5748379999999997
0
LINE
8
BLACK
6
CONTINUOUS
10
98.8430099999999925
20
-108.5748379999999997
11
99.0334869999999938
21
-108.4795999999999907
0
LINE
8
BLACK
6
CONTINUOUS
10
99.0334869999999938
20
-108.4795999999999907
11
99.1287249999999887
21
-108.2891229999999894
0
LINE
8
BLACK
6
CONTINUOUS
10
99.1287249999999887
20
-108.2891229999999894
11
99.1287249999999887
21
-108.1938849999999945
0
LINE
8
BLACK
6
CONTINUOUS
10
99.1287249999999887
20
-108.1938849999999945
11
99.0334869999999938
21
-108.0034089999999907
0
LINE
8
BLACK
6
CONTINUOUS
10
99.0334869999999938
20
-108.0034089999999907
11
98.8430099999999925
21
-107.9081709999999958
0
LINE
8
BLACK
6
CONTINUOUS
10
98.8430099999999925
20
-107.9081709999999958
11
98.5572959999999938
21
-107.9081709999999958
0
LINE
8
BLACK
6
CONTINUOUS
10
98.5572959999999938
20
-107.9081709999999958
11
98.3668199999999899
21
-107.812933000000001
0
LINE
8
BLACK
6
CONTINUOUS
10
98.3668199999999899
20
-107.812933000000001
11
98.2715819999999951
21
-107.6224569999999972
0
LINE
8
BLACK
6
CONTINUOUS
10
98.2715819999999951
20
-107.6224569999999972
11
98.2715819999999951
21
-107.5272189999999881
0
LINE
8
BLACK
6
CONTINUOUS
10
98.2715819999999951
20
-107.5272189999999881
11
98.3668199999999899
21
-107.336742000000001
0
LINE
8
BLACK
6
CONTINUOUS
10
98.3668199999999899
20
-107.336742000000001
11
98.5572959999999938
21
-107.2415039999999919
0
LINE
8
BLACK
6
CONTINUOUS
10
98.5572959999999938
20
-107.2415039999999919
11
98.8430099999999925
21
-107.2415039999999919
0
LINE
8
BLACK
6
CONTINUOUS
10
98.8430099999999925
20
-107.2415039999999919
11
99.0334869999999938
21
-107.336742000000001
0
LINE
8
BLACK
6
CONTINUOUS
10
99.7953919999999925
20
-109.336742000000001
11
99.8906300000000016
21
-109.2415039999999919
0
LINE
8
BLACK
6
CONTINUOUS
10
99.8906300000000016
20
-109.2415039999999919
11
100.0811059999999912
21
-108.9557899999999933
0
LINE
8
BLACK
6
CONTINUOUS
10
100.0811059999999912
20
-108.9557899999999933
11
100.1763440000000003
21
-108.7653139999999894
0
LINE
8
BLACK
6
CONTINUOUS
10
100.1763440000000003
20
-108.7653139999999894
11
100.2715819999999951
21
-108.4795999999999907
0
LINE
8
BLACK
6
CONTINUOUS
10
100.2715819999999951
20
-108.4795999999999907
11
100.3668199999999899
21
-108.0034089999999907
0
LINE
8
BLACK
6
CONTINUOUS
10
100.3668199999999899
20
-108.0034089999999907
11
100.3668199999999899
21
-107.6224569999999972
0
LINE
8
BLACK
6
CONTINUOUS
10
100.3668199999999899
20
-107.6224569999999972
11
100.2715819999999951
21
-107.1462659999999971
0
LINE
8
BLACK
6
CONTINUOUS
10
100.2715819999999951
20
-107.1462659999999971
11
100.1763440000000003
21
-106.8605519999999984
0
LINE
8
BLACK
6
CONTINUOUS
10
100.1763440000000003
20
-106.8605519999999984
11
100.0811059999999912
21
-106.6700759999999946
0
LINE
8
BLACK
6
CONTINUOUS
10
100.0811059999999912
20
-106.6700759999999946
11
99.8906300000000016
21
-106.3843609999999984
0
LINE
8
BLACK
6
CONTINUOUS
10
99.8906300000000016
20
-106.3843609999999984
11
99.7953919999999925
21
-106.2891229999999894
0
LINE
8
BLACK
6
CONTINUOUS
10
48.1400000000000006
20
-109.2999999999999972
11
50.1400000000000006
21
-111.2999999999999972
0
LINE
8
BLACK
6
CONTINUOUS
10
50.1400000000000006
20
-109.2999999999999972
11
48.1400000000000006
21
-111.2999999999999972
0
LINE
8
BLACK
6
CONTINUOUS
10
49.1400000000000006
20
-109.2999999999999972
11
49.1400000000000006
21
-111.2999999999999972
0
LINE
8
BLACK
6
CONTINUOUS
10
48.1400000000000006
20
-110.2999999999999972
11
50.1400000000000006
21
-110.2999999999999972
0
LINE
8
BLACK
6
CONTINUOUS
10
52.5572919999999968
20
-109.2148380000000003
11
53.7953869999999981
21
-109.2148380000000003
0
LINE
8
BLACK
6
CONTINUOUS
10
53.7953869999999981
20
-109.2148380000000003
11
53.1287199999999942
21
-109.9767420000000016
0
LINE
8
BLACK
6
CONTINUOUS
10
53.1287199999999942
20
-109.9767420000000016
11
53.4144349999999974
21
-109.9767420000000016
0
LINE
8
BLACK
6
CONTINUOUS
10
53.4144349999999974
20
-109.9767420000000016
11
53.6049109999999942
21
-110.0719799999999964
0
LINE
8
BLACK
6
CONTINUOUS
10
53.6049109999999942
20
-110.0719799999999964
11
53.7001489999999961
21
-110.1672189999999887
0
LINE
8
BLACK
6
CONTINUOUS
10
53.7001489999999961
20
-110.1672189999999887
11
53.7953869999999981
21
-110.3576949999999925
0
LINE
8
BLACK
6
CONTINUOUS
10
53.7953869999999981
20
-110.3576949999999925
11
53.7953869999999981
21
-110.8338849999999951
0
LINE
8
BLACK
6
CONTINUOUS
10
53.7953869999999981
20
-110.8338849999999951
11
53.7001489999999961
21
-111.024360999999999
0
LINE
8
BLACK
6
CONTINUOUS
10
53.7001489999999961
20
-111.024360999999999
11
53.6049109999999942
21
-111.1195999999999913
0
LINE
8
BLACK
6
CONTINUOUS
10
53.6049109999999942
20
-111.1195999999999913
11
53.4144349999999974
21
-111.2148380000000003
0
LINE
8
BLACK
6
CONTINUOUS
10
53.4144349999999974
20
-111.2148380000000003
11
52.8430059999999955
21
-111.2148380000000003
0
LINE
8
BLACK
6
CONTINUOUS
10
52.8430059999999955
20
-111.2148380000000003
11
52.6525299999999987
21
-111.1195999999999913
0
LINE
8
BLACK
6
CONTINUOUS
10
52.6525299999999987
20
-111.1195999999999913
11
52.5572919999999968
21
-111.024360999999999
0
LINE
8
BLACK
6
CONTINUOUS
10
54.6525299999999987
20
-111.024360999999999
11
54.7477680000000007
21
-111.1195999999999913
0
LINE
8
BLACK
6
CONTINUOUS
10
54.7477680000000007
20
-111.1195999999999913
11
54.6525299999999987
21
-111.2148380000000003
0
LINE
8
BLACK
6
CONTINUOUS
10
54.6525299999999987
20
-111.2148380000000003
11
54.5572919999999968
21
-111.1195999999999913
0
LINE
8
BLACK
6
CONTINUOUS
10
54.5572919999999968
20
-111.1195999999999913
11
54.6525299999999987
21
-111.024360999999999
0
LINE
8
BLACK
6
CONTINUOUS
10
54.6525299999999987
20
-111.024360999999999
11
54.6525299999999987
21
-111.2148380000000003
0
LINE
8
BLACK
6
CONTINUOUS
10
55.5096729999999994
20
-109.40531399999999
11
55.6049109999999942
21
-109.3100759999999951
0
LINE
8
BLACK
6
CONTINUOUS
10
55.6049109999999942
20
-109.3100759999999951
11
55.7953869999999981
21
-109.2148380000000003
0
LINE
8
BLACK
6
CONTINUOUS
10
55.7953869999999981
20
-109.2148380000000003
11
56.2715779999999981
21
-109.2148380000000003
0
LINE
8
BLACK
6
CONTINUOUS
10
56.2715779999999981
20
-109.2148380000000003
11
56.4620539999999949
21
-109.3100759999999951
0
LINE
8
BLACK
6
CONTINUOUS
10
56.4620539999999949
20
-109.3100759999999951
11
56.5572919999999968
21
-109.40531399999999
0
LINE
8
BLACK
6
CONTINUOUS
10
56.5572919999999968
20
-109.40531399999999
11
56.6525299999999987
21
-109.5957899999999938
0
LINE
8
BLACK
6
CONTINUOUS
10
56.6525299999999987
20
-109.5957899999999938
11
56.6525299999999987
21
-109.7862659999999977
0
LINE
8
BLACK
6
CONTINUOUS
10
56.6525299999999987
20
-109.7862659999999977
11
56.5572919999999968
21
-110.0719799999999964
0
LINE
8
BLACK
6
CONTINUOUS
10
56.5572919999999968
20
-110.0719799999999964
11
55.4144349999999974
21
-111.2148380000000003
0
LINE
8
BLACK
6
CONTINUOUS
10
55.4144349999999974
20
-111.2148380000000003
11
56.6525299999999987
21
-111.2148380000000003
0
LINE
8
BLACK
6
CONTINUOUS
10
57.890625
20
-109.2148380000000003
11
58.0811019999999942
21
-109.2148380000000003
0
LINE
8
BLACK
6
CONTINUOUS
10
58.0811019999999942
20
-109.2148380000000003
11
58.2715779999999981
21
-109.3100759999999951
0
LINE
8
BLACK
6
CONTINUOUS
10
58.2715779999999981
20
-109.3100759999999951
11
58.366816
21
-109.40531399999999
0
LINE
8
BLACK
6
CONTINUOUS
10
58.366816
20
-109.40531399999999
11
58.4620539999999949
21
-109.5957899999999938
0
LINE
8
BLACK
6
CONTINUOUS
10
58.4620539999999949
20
-109.5957899999999938
11
58.5572919999999968
21
-109.9767420000000016
0
LINE
8
BLACK
6
CONTINUOUS
10
58.5572919999999968
20
-109.9767420000000016
11
58.5572919999999968
21
-110.4529330000000016
0
LINE
8
BLACK
6
CONTINUOUS
10
58.5572919999999968
20
-110.4529330000000016
11
58.4620539999999949
21
-110.8338849999999951
0
LINE
8
BLACK
6
CONTINUOUS
10
58.4620539999999949
20
-110.8338849999999951
11
58.366816
21
-111.024360999999999
0
LINE
8
BLACK
6
CONTINUOUS
10
58.366816
20
-111.024360999999999
11
58.2715779999999981
21
-111.1195999999999913
0
LINE
8
BLACK
6
CONTINUOUS
10
58.2715779999999981
20
-111.1195999999999913
11
58.0811019999999942
21
-111.2148380000000003
0
LINE
8
BLACK
6
CONTINUOUS
10
58.0811019999999942
20
-111.2148380000000003
11
57.890625
21
-111.2148380000000003
0
LINE
8
BLACK
6
CONTINUOUS
10
57.890625
20
-111.2148380000000003
11
57.7001489999999961
21
-111.1195999999999913
0
LINE
8
BLACK
6
CONTINUOUS
10
57.7001489999999961
20
-111.1195999999999913
11
57.6049109999999942
21
-111.024360999999999
0
LINE
8
BLACK
6
CONTINUOUS
10
57.6049109999999942
20
-111.024360999999999
11
57.5096729999999994
21
-110.8338849999999951
0
LINE
8
BLACK
6
CONTINUOUS
10
57.5096729999999994
20
-110.8338849999999951
11
57.4144349999999974
21
-110.4529330000000016
0
LINE
8
BLACK
6
CONTINUOUS
10
57.4144349999999974
20
-110.4529330000000016
11
57.4144349999999974
21
-109.9767420000000016
0
LINE
8
BLACK
6
CONTINUOUS
10
57.4144349999999974
20
-109.9767420000000016
11
57.5096729999999994
21
-109.5957899999999938
0
LINE
8
BLACK
6
CONTINUOUS
10
57.5096729999999994
20
-109.5957899999999938
11
57.6049109999999942
21
-109.40531399999999
0
LINE
8
BLACK
6
CONTINUOUS
10
57.6049109999999942
20
-109.40531399999999
11
57.7001489999999961
21
-109.3100759999999951
0
LINE
8
BLACK
6
CONTINUOUS
10
57.7001489999999961
20
-109.3100759999999951
11
57.890625
21
-109.2148380000000003
0
LINE
8
BLACK
6
CONTINUOUS
10
59.7953869999999981
20
-109.2148380000000003
11
59.9858639999999994
21
-109.2148380000000003
0
LINE
8
BLACK
6
CONTINUOUS
10
59.9858639999999994
20
-109.2148380000000003
11
60.1763399999999962
21
-109.3100759999999951
0
LINE
8
BLACK
6
CONTINUOUS
10
60.1763399999999962
20
-109.3100759999999951
11
60.2715779999999981
21
-109.40531399999999
0
LINE
8
BLACK
6
CONTINUOUS
10
60.2715779999999981
20
-109.40531399999999
11
60.366816
21
-109.5957899999999938
0
LINE
8
BLACK
6
CONTINUOUS
10
60.366816
20
-109.5957899999999938
11
60.4620539999999949
21
-109.9767420000000016
0
LINE
8
BLACK
6
CONTINUOUS
10
60.4620539999999949
20
-109.9767420000000016
11
60.4620539999999949
21
-110.4529330000000016
0
LINE
8
BLACK
6
CONTINUOUS
10
60.4620539999999949
20
-110.4529330000000016
11
60.366816
21
-110.8338849999999951
0
LINE
8
BLACK
6
CONTINUOUS
10
60.366816
20
-110.8338849999999951
11
60.2715779999999981
21
-111.024360999999999
0
LINE
8
BLACK
6
CONTINUOUS
10
60.2715779999999981
20
-111.024360999999999
11
60.1763399999999962
21
-111.1195999999999913
0
LINE
8
BLACK
6
CONTINUOUS
10
60.1763399999999962
20
-111.1195999999999913
11
59.9858639999999994
21
-111.2148380000000003
0
LINE
8
BLACK
6
CONTINUOUS
10
59.9858639999999994
20
-111.2148380000000003
11
59.7953869999999981
21
-111.2148380000000003
0
LINE
8
BLACK
6
CONTINUOUS
10
59.7953869999999981
20
-111.2148380000000003
11
59.6049109999999942
21
-111.1195999999999913
0
LINE
8
BLACK
6
CONTINUOUS
10
59.6049109999999942
20
-111.1195999999999913
11
59.5096729999999994
21
-111.024360999999999
0
LINE
8
BLACK
6
CONTINUOUS
10
59.5096729999999994
20
-111.024360999999999
11
59.4144349999999974
21
-110.8338849999999951
0
LINE
8
BLACK
6
CONTINUOUS
10
59.4144349999999974
20
-110.8338849999999951
11
59.3191969999999955
21
-110.4529330000000016
0
LINE
8
BLACK
6
CONTINUOUS
10
59.3191969999999955
20
-110.4529330000000016
11
59.3191969999999955
21
-109.9767420000000016
0
LINE
8
BLACK
6
CONTINUOUS
10
59.3191969999999955
20
-109.9767420000000016
11
59.4144349999999974
21
-109.5957899999999938
0
LINE
8
BLACK
6
CONTINUOUS
10
59.4144349999999974
20
-109.5957899999999938
11
59.5096729999999994
21
-109.40531399999999
0
LINE
8
BLACK
6
CONTINUOUS
10
59.5096729999999994
20
-109.40531399999999
11
59.6049109999999942
21
-109.3100759999999951
0
LINE
8
BLACK
6
CONTINUOUS
10
59.6049109999999942
20
-109.3100759999999951
11
59.7953869999999981
21
-109.2148380000000003
0
LINE
8
BLACK
6
CONTINUOUS
10
61.3191969999999955
20
-111.2148380000000003
11
61.3191969999999955
21
-109.8815039999999925
0
LINE
8
BLACK
6
CONTINUOUS
10
61.3191969999999955
20
-110.0719799999999964
11
61.4144349999999974
21
-109.9767420000000016
0
LINE
8
BLACK
6
CONTINUOUS
10
61.4144349999999974
20
-109.9767420000000016
11
61.6049109999999942
21
-109.8815039999999925
0
LINE
8
BLACK
6
CONTINUOUS
10
61.6049109999999942
20
-109.8815039999999925
11
61.8906259999999975
21
-109.8815039999999925
0
LINE
8
BLACK
6
CONTINUOUS
10
61.8906259999999975
20
-109.8815039999999925
11
62.0811019999999942
21
-109.9767420000000016
0
LINE
8
BLACK
6
CONTINUOUS
10
62.0811019999999942
20
-109.9767420000000016
11
62.1763399999999962
21
-110.1672189999999887
0
LINE
8
BLACK
6
CONTINUOUS
10
62.1763399999999962
20
-110.1672189999999887
11
62.1763399999999962
21
-111.2148380000000003
0
LINE
8
BLACK
6
CONTINUOUS
10
62.1763399999999962
20
-110.1672189999999887
11
62.2715779999999981
21
-109.9767420000000016
0
LINE
8
BLACK
6
CONTINUOUS
10
62.2715779999999981
20
-109.9767420000000016
11
62.4620539999999949
21
-109.8815039999999925
0
LINE
8
BLACK
6
CONTINUOUS
10
62.4620539999999949
20
-109.8815039999999925
11
62.7477680000000007
21
-109.8815039999999925
0
LINE
8
BLACK
6
CONTINUOUS
10
62.7477680000000007
20
-109.8815039999999925
11
62.9382449999999949
21
-109.9767420000000016
0
LINE
8
BLACK
6
CONTINUOUS
10
62.9382449999999949
20
-109.9767420000000016
11
63.0334829999999968
21
-110.1672189999999887
0
LINE
8
BLACK
6
CONTINUOUS
10
63.0334829999999968
20
-110.1672189999999887
11
63.0334829999999968
21
-111.2148380000000003
0
LINE
8
BLACK
6
CONTINUOUS
10
63.9858639999999994
20
-111.2148380000000003
11
63.9858639999999994
21
-109.8815039999999925
0
LINE
8
BLACK
6
CONTINUOUS
10
63.9858639999999994
20
-110.0719799999999964
11
64.0811020000000013
21
-109.9767420000000016
0
LINE
8
BLACK
6
CONTINUOUS
10
64.0811020000000013
20
-109.9767420000000016
11
64.271577999999991
21
-109.8815039999999925
0
LINE
8
BLACK
6
CONTINUOUS
10
64.271577999999991
20
-109.8815039999999925
11
64.5572930000000014
21
-109.8815039999999925
0
LINE
8
BLACK
6
CONTINUOUS
10
64.5572930000000014
20
-109.8815039999999925
11
64.747768999999991
21
-109.9767420000000016
0
LINE
8
BLACK
6
CONTINUOUS
10
64.747768999999991
20
-109.9767420000000016
11
64.8430070000000001
21
-110.1672189999999887
0
LINE
8
BLACK
6
CONTINUOUS
10
64.8430070000000001
20
-110.1672189999999887
11
64.8430070000000001
21
-111.2148380000000003
0
LINE
8
BLACK
6
CONTINUOUS
10
64.8430070000000001
20
-110.1672189999999887
11
64.9382449999999949
21
-109.9767420000000016
0
LINE
8
BLACK
6
CONTINUOUS
10
64.9382449999999949
20
-109.9767420000000016
11
65.1287209999999988
21
-109.8815039999999925
0
LINE
8
BLACK
6
CONTINUOUS
10
65.1287209999999988
20
-109.8815039999999925
11
65.4144349999999974
21
-109.8815039999999925
0
LINE
8
BLACK
6
CONTINUOUS
10
65.4144349999999974
20
-109.8815039999999925
11
65.6049119999999988
21
-109.9767420000000016
0
LINE
8
BLACK
6
CONTINUOUS
10
65.6049119999999988
20
-109.9767420000000016
11
65.7001499999999936
21
-110.1672189999999887
0
LINE
8
BLACK
6
CONTINUOUS
10
65.7001499999999936
20
-110.1672189999999887
11
65.7001499999999936
21
-111.2148380000000003
0
LINE
8
BLACK
6
CONTINUOUS
10
69.6049119999999988
20
-109.1195999999999913
11
67.890626999999995
21
-111.6910279999999887
0
LINE
8
BLACK
6
CONTINUOUS
10
72.1763409999999936
20
-109.2148380000000003
11
72.366817999999995
21
-109.2148380000000003
0
LINE
8
BLACK
6
CONTINUOUS
10
72.366817999999995
20
-109.2148380000000003
11
72.5572939999999988
21
-109.3100759999999951
0
LINE
8
BLACK
6
CONTINUOUS
10
72.5572939999999988
20
-109.3100759999999951
11
72.6525319999999937
21
-109.40531399999999
0
LINE
8
BLACK
6
CONTINUOUS
10
72.6525319999999937
20
-109.40531399999999
11
72.7477700000000027
21
-109.5957899999999938
0
LINE
8
BLACK
6
CONTINUOUS
10
72.7477700000000027
20
-109.5957899999999938
11
72.8430079999999975
21
-109.9767420000000016
0
LINE
8
BLACK
6
CONTINUOUS
10
72.8430079999999975
20
-109.9767420000000016
11
72.8430079999999975
21
-110.4529330000000016
0
LINE
8
BLACK
6
CONTINUOUS
10
72.8430079999999975
20
-110.4529330000000016
11
72.7477700000000027
21
-110.8338849999999951
0
LINE
8
BLACK
6
CONTINUOUS
10
72.7477700000000027
20
-110.8338849999999951
11
72.6525319999999937
21
-111.024360999999999
0
LINE
8
BLACK
6
CONTINUOUS
10
72.6525319999999937
20
-111.024360999999999
11
72.5572939999999988
21
-111.1195999999999913
0
LINE
8
BLACK
6
CONTINUOUS
10
72.5572939999999988
20
-111.1195999999999913
11
72.366817999999995
21
-111.2148380000000003
0
LINE
8
BLACK
6
CONTINUOUS
10
72.366817999999995
20
-111.2148380000000003
11
72.1763409999999936
21
-111.2148380000000003
0
LINE
8
BLACK
6
CONTINUOUS
10
72.1763409999999936
20
-111.2148380000000003
11
71.9858649999999898
21
-111.1195999999999913
0
LINE
8
BLACK
6
CONTINUOUS
10
71.9858649999999898
20
-111.1195999999999913
11
71.890626999999995
21
-111.024360999999999
0
LINE
8
BLACK
6
CONTINUOUS
10
71.890626999999995
20
-111.024360999999999
11
71.7953890000000001
21
-110.8338849999999951
0
LINE
8
BLACK
6
CONTINUOUS
10
71.7953890000000001
20
-110.8338849999999951
11
71.7001509999999911
21
-110.4529330000000016
0
LINE
8
BLACK
6
CONTINUOUS
10
71.7001509999999911
20
-110.4529330000000016
11
71.7001509999999911
21
-109.9767420000000016
0
LINE
8
BLACK
6
CONTINUOUS
10
71.7001509999999911
20
-109.9767420000000016
11
71.7953890000000001
21
-109.5957899999999938
0
LINE
8
BLACK
6
CONTINUOUS
10
71.7953890000000001
20
-109.5957899999999938
11
71.890626999999995
21
-109.40531399999999
0
LINE
8
BLACK
6
CONTINUOUS
10
71.890626999999995
20
-109.40531399999999
11
71.9858649999999898
21
-109.3100759999999951
0
LINE
8
BLACK
6
CONTINUOUS
10
71.9858649999999898
20
-109.3100759999999951
11
72.1763409999999936
21
-109.2148380000000003
0
LINE
8
BLACK
6
CONTINUOUS
10
73.7001509999999911
20
-111.024360999999999
11
73.7953890000000001
21
-111.1195999999999913
0
LINE
8
BLACK
6
CONTINUOUS
10
73.7953890000000001
20
-111.1195999999999913
11
73.7001509999999911
21
-111.2148380000000003
0
LINE
8
BLACK
6
CONTINUOUS
10
73.7001509999999911
20
-111.2148380000000003
11
73.6049129999999963
21
-111.1195999999999913
0
LINE
8
BLACK
6
CONTINUOUS
10
73.6049129999999963
20
-111.1195999999999913
11
73.7001509999999911
21
-111.024360999999999
0
LINE
8
BLACK
6
CONTINUOUS
10
73.7001509999999911
20
-111.024360999999999
11
73.7001509999999911
21
-111.2148380000000003
0
LINE
8
BLACK
6
CONTINUOUS
10
75.7001509999999911
20
-111.2148380000000003
11
74.5572939999999988
21
-111.2148380000000003
0
LINE
8
BLACK
6
CONTINUOUS
10
75.1287219999999962
20
-111.2148380000000003
11
75.1287219999999962
21
-109.2148380000000003
0
LINE
8
BLACK
6
CONTINUOUS
10
75.1287219999999962
20
-109.2148380000000003
11
74.9382459999999924
21
-109.500551999999999
0
LINE
8
BLACK
6
CONTINUOUS
10
74.9382459999999924
20
-109.500551999999999
11
74.7477700000000027
21
-109.6910279999999887
0
LINE
8
BLACK
6
CONTINUOUS
10
74.7477700000000027
20
-109.6910279999999887
11
74.5572939999999988
21
-109.7862659999999977
0
LINE
8
BLACK
6
CONTINUOUS
10
76.4620559999999898
20
-109.40531399999999
11
76.5572939999999988
21
-109.3100759999999951
0
LINE
8
BLACK
6
CONTINUOUS
10
76.5572939999999988
20
-109.3100759999999951
11
76.7477700000000027
21
-109.2148380000000003
0
LINE
8
BLACK
6
CONTINUOUS
10
76.7477700000000027
20
-109.2148380000000003
11
77.2239610000000027
21
-109.2148380000000003
0
LINE
8
BLACK
6
CONTINUOUS
10
77.2239610000000027
20
-109.2148380000000003
11
77.4144369999999924
21
-109.3100759999999951
0
LINE
8
BLACK
6
CONTINUOUS
10
77.4144369999999924
20
-109.3100759999999951
11
77.5096750000000014
21
-109.40531399999999
0
LINE
8
BLACK
6
CONTINUOUS
10
77.5096750000000014
20
-109.40531399999999
11
77.6049129999999963
21
-109.5957899999999938
0
LINE
8
BLACK
6
CONTINUOUS
10
77.6049129999999963
20
-109.5957899999999938
11
77.6049129999999963
21
-109.7862659999999977
0
LINE
8
BLACK
6
CONTINUOUS
10
77.6049129999999963
20
-109.7862659999999977
11
77.5096750000000014
21
-110.0719799999999964
0
LINE
8
BLACK
6
CONTINUOUS
10
77.5096750000000014
20
-110.0719799999999964
11
76.366817999999995
21
-111.2148380000000003
0
LINE
8
BLACK
6
CONTINUOUS
10
76.366817999999995
20
-111.2148380000000003
11
77.6049129999999963
21
-111.2148380000000003
0
LINE
8
BLACK
6
CONTINUOUS
10
79.3191989999999976
20
-109.2148380000000003
11
78.9382459999999924
21
-109.2148380000000003
0
LINE
8
BLACK
6
CONTINUOUS
10
78.9382459999999924
20
-109.2148380000000003
11
78.7477700000000027
21
-109.3100759999999951
0
LINE
8
BLACK
6
CONTINUOUS
10
78.7477700000000027
20
-109.3100759999999951
11
78.6525319999999937
21
-109.40531399999999
0
LINE
8
BLACK
6
CONTINUOUS
10
78.6525319999999937
20
-109.40531399999999
11
78.4620559999999898
21
-109.6910279999999887
0
LINE
8
BLACK
6
CONTINUOUS
10
78.4620559999999898
20
-109.6910279999999887
11
78.366817999999995
21
-110.0719799999999964
0
LINE
8
BLACK
6
CONTINUOUS
10
78.366817999999995
20
-110.0719799999999964
11
78.366817999999995
21
-110.8338849999999951
0
LINE
8
BLACK
6
CONTINUOUS
10
78.366817999999995
20
-110.8338849999999951
11
78.4620559999999898
21
-111.024360999999999
0
LINE
8
BLACK
6
CONTINUOUS
10
78.4620559999999898
20
-111.024360999999999
11
78.5572939999999988
21
-111.1195999999999913
0
LINE
8
BLACK
6
CONTINUOUS
10
78.5572939999999988
20
-111.1195999999999913
11
78.7477700000000027
21
-111.2148380000000003
0
LINE
8
BLACK
6
CONTINUOUS
10
78.7477700000000027
20
-111.2148380000000003
11
79.1287229999999937
21
-111.2148380000000003
0
LINE
8
BLACK
6
CONTINUOUS
10
79.1287229999999937
20
-111.2148380000000003
11
79.3191989999999976
21
-111.1195999999999913
0
LINE
8
BLACK
6
CONTINUOUS
10
79.3191989999999976
20
-111.1195999999999913
11
79.4144369999999924
21
-111.024360999999999
0
LINE
8
BLACK
6
CONTINUOUS
10
79.4144369999999924
20
-111.024360999999999
11
79.5096750000000014
21
-110.8338849999999951
0
LINE
8
BLACK
6
CONTINUOUS
10
79.5096750000000014
20
-110.8338849999999951
11
79.5096750000000014
21
-110.3576949999999925
0
LINE
8
BLACK
6
CONTINUOUS
10
79.5096750000000014
20
-110.3576949999999925
11
79.4144369999999924
21
-110.1672189999999887
0
LINE
8
BLACK
6
CONTINUOUS
10
79.4144369999999924
20
-110.1672189999999887
11
79.3191989999999976
21
-110.0719799999999964
0
LINE
8
BLACK
6
CONTINUOUS
10
79.3191989999999976
20
-110.0719799999999964
11
79.1287229999999937
21
-109.9767420000000016
0
LINE
8
BLACK
6
CONTINUOUS
10
79.1287229999999937
20
-109.9767420000000016
11
78.7477700000000027
21
-109.9767420000000016
0
LINE
8
BLACK
6
CONTINUOUS
10
78.7477700000000027
20
-109.9767420000000016
11
78.5572939999999988
21
-110.0719799999999964
0
LINE
8
BLACK
6
CONTINUOUS
10
78.5572939999999988
20
-110.0719799999999964
11
78.4620559999999898
21
-110.1672189999999887
0
LINE
8
BLACK
6
CONTINUOUS
10
78.4620559999999898
20
-110.1672189999999887
11
78.366817999999995
21
-110.3576949999999925
0
LINE
8
BLACK
6
CONTINUOUS
10
80.7477700000000027
20
-109.2148380000000003
11
80.9382469999999898
21
-109.2148380000000003
0
LINE
8
BLACK
6
CONTINUOUS
10
80.9382469999999898
20
-109.2148380000000003
11
81.1287229999999937
21
-109.3100759999999951
0
LINE
8
BLACK
6
CONTINUOUS
10
81.1287229999999937
20
-109.3100759999999951
11
81.2239610000000027
21
-109.40531399999999
0
LINE
8
BLACK
6
CONTINUOUS
10
81.2239610000000027
20
-109.40531399999999
11
81.3191989999999976
21
-109.5957899999999938
0
LINE
8
BLACK
6
CONTINUOUS
10
81.3191989999999976
20
-109.5957899999999938
11
81.4144369999999924
21
-109.9767420000000016
0
LINE
8
BLACK
6
CONTINUOUS
10
81.4144369999999924
20
-109.9767420000000016
11
81.4144369999999924
21
-110.4529330000000016
0
LINE
8
BLACK
6
CONTINUOUS
10
81.4144369999999924
20
-110.4529330000000016
11
81.3191989999999976
21
-110.8338849999999951
0
LINE
8
BLACK
6
CONTINUOUS
10
81.3191989999999976
20
-110.8338849999999951
11
81.2239610000000027
21
-111.024360999999999
0
LINE
8
BLACK
6
CONTINUOUS
10
81.2239610000000027
20
-111.024360999999999
11
81.1287229999999937
21
-111.1195999999999913
0
LINE
8
BLACK
6
CONTINUOUS
10
81.1287229999999937
20
-111.1195999999999913
11
80.9382469999999898
21
-111.2148380000000003
0
LINE
8
BLACK
6
CONTINUOUS
10
80.9382469999999898
20
-111.2148380000000003
11
80.7477700000000027
21
-111.2148380000000003
0
LINE
8
BLACK
6
CONTINUOUS
10
80.7477700000000027
20
-111.2148380000000003
11
80.5572939999999988
21
-111.1195999999999913
0
LINE
8
BLACK
6
CONTINUOUS
10
80.5572939999999988
20
-111.1195999999999913
11
80.4620559999999898
21
-111.024360999999999
0
LINE
8
BLACK
6
CONTINUOUS
10
80.4620559999999898
20
-111.024360999999999
11
80.366817999999995
21
-110.8338849999999951
0
LINE
8
BLACK
6
CONTINUOUS
10
80.366817999999995
20
-110.8338849999999951
11
80.2715800000000002
21
-110.4529330000000016
0
LINE
8
BLACK
6
CONTINUOUS
10
80.2715800000000002
20
-110.4529330000000016
11
80.2715800000000002
21
-109.9767420000000016
0
LINE
8
BLACK
6
CONTINUOUS
10
80.2715800000000002
20
-109.9767420000000016
11
80.366817999999995
21
-109.5957899999999938
0
LINE
8
BLACK
6
CONTINUOUS
10
80.366817999999995
20
-109.5957899999999938
11
80.4620559999999898
21
-109.40531399999999
0
LINE
8
BLACK
6
CONTINUOUS
10
80.4620559999999898
20
-109.40531399999999
11
80.5572939999999988
21
-109.3100759999999951
0
LINE
8
BLACK
6
CONTINUOUS
10
80.5572939999999988
20
-109.3100759999999951
11
80.7477700000000027
21
-109.2148380000000003
0
LINE
8
BLACK
6
CONTINUOUS
10
82.1763419999999911
20
-109.2148380000000003
11
82.1763419999999911
21
-109.5957899999999938
0
LINE
8
BLACK
6
CONTINUOUS
10
82.9382469999999898
20
-109.2148380000000003
11
82.9382469999999898
21
-109.5957899999999938
0
LINE
8
BLACK
6
CONTINUOUS
10
85.8906289999999899
20
-111.9767420000000016
11
85.7953899999999976
21
-111.8815039999999925
0
LINE
8
BLACK
6
CONTINUOUS
10
85.7953899999999976
20
-111.8815039999999925
11
85.6049139999999937
21
-111.5957899999999938
0
LINE
8
BLACK
6
CONTINUOUS
10
85.6049139999999937
20
-111.5957899999999938
11
85.5096759999999989
21
-111.40531399999999
0
LINE
8
BLACK
6
CONTINUOUS
10
85.5096759999999989
20
-111.40531399999999
11
85.4144379999999899
21
-111.1195999999999913
0
LINE
8
BLACK
6
CONTINUOUS
10
85.4144379999999899
20
-111.1195999999999913
11
85.319199999999995
21
-110.6434089999999912
0
LINE
8
BLACK
6
CONTINUOUS
10
85.319199999999995
20
-110.6434089999999912
11
85.319199999999995
21
-110.2624569999999977
0
LINE
8
BLACK
6
CONTINUOUS
10
85.319199999999995
20
-110.2624569999999977
11
85.4144379999999899
21
-109.7862659999999977
0
LINE
8
BLACK
6
CONTINUOUS
10
85.4144379999999899
20
-109.7862659999999977
11
85.5096759999999989
21
-109.500551999999999
0
LINE
8
BLACK
6
CONTINUOUS
10
85.5096759999999989
20
-109.500551999999999
11
85.6049139999999937
21
-109.3100759999999951
0
LINE
8
BLACK
6
CONTINUOUS
10
85.6049139999999937
20
-109.3100759999999951
11
85.7953899999999976
21
-109.024360999999999
0
LINE
8
BLACK
6
CONTINUOUS
10
85.7953899999999976
20
-109.024360999999999
11
85.8906289999999899
21
-108.9291229999999899
0
LINE
8
BLACK
6
CONTINUOUS
10
86.4620570000000015
20
-109.2148380000000003
11
87.7001520000000028
21
-109.2148380000000003
0
LINE
8
BLACK
6
CONTINUOUS
10
87.7001520000000028
20
-109.2148380000000003
11
87.0334849999999989
21
-109.9767420000000016
0
LINE
8
BLACK
6
CONTINUOUS
10
87.0334849999999989
20
-109.9767420000000016
11
87.319199999999995
21
-109.9767420000000016
0
LINE
8
BLACK
6
CONTINUOUS
10
87.319199999999995
20
-109.9767420000000016
11
87.5096759999999989
21
-110.0719799999999964
0
LINE
8
BLACK
6
CONTINUOUS
10
87.5096759999999989
20
-110.0719799999999964
11
87.6049139999999937
21
-110.1672189999999887
0
LINE
8
BLACK
6
CONTINUOUS
10
87.6049139999999937
20
-110.1672189999999887
11
87.7001520000000028
21
-110.3576949999999925
0
LINE
8
BLACK
6
CONTINUOUS
10
87.7001520000000028
20
-110.3576949999999925
11
87.7001520000000028
21
-110.8338849999999951
0
LINE
8
BLACK
6
CONTINUOUS
10
87.7001520000000028
20
-110.8338849999999951
11
87.6049139999999937
21
-111.024360999999999
0
LINE
8
BLACK
6
CONTINUOUS
10
87.6049139999999937
20
-111.024360999999999
11
87.5096759999999989
21
-111.1195999999999913
0
LINE
8
BLACK
6
CONTINUOUS
10
87.5096759999999989
20
-111.1195999999999913
11
87.319199999999995
21
-111.2148380000000003
0
LINE
8
BLACK
6
CONTINUOUS
10
87.319199999999995
20
-111.2148380000000003
11
86.7477710000000002
21
-111.2148380000000003
0
LINE
8
BLACK
6
CONTINUOUS
10
86.7477710000000002
20
-111.2148380000000003
11
86.5572949999999963
21
-111.1195999999999913
0
LINE
8
BLACK
6
CONTINUOUS
10
86.5572949999999963
20
-111.1195999999999913
11
86.4620570000000015
21
-111.024360999999999
0
LINE
8
BLACK
6
CONTINUOUS
10
90.0811049999999938
20
-111.2148380000000003
11
90.0811049999999938
21
-109.2148380000000003
0
LINE
8
BLACK
6
CONTINUOUS
10
90.9382480000000015
20
-111.2148380000000003
11
90.9382480000000015
21
-110.1672189999999887
0
LINE
8
BLACK
6
CONTINUOUS
10
90.9382480000000015
20
-110.1672189999999887
11
90.8430099999999925
21
-109.9767420000000016
0
LINE
8
BLACK
6
CONTINUOUS
10
90.8430099999999925
20
-109.9767420000000016
11
90.6525340000000028
21
-109.8815039999999925
0
LINE
8
BLACK
6
CONTINUOUS
10
90.6525340000000028
20
-109.8815039999999925
11
90.3668189999999925
21
-109.8815039999999925
0
LINE
8
BLACK
6
CONTINUOUS
10
90.3668189999999925
20
-109.8815039999999925
11
90.1763430000000028
21
-109.9767420000000016
0
LINE
8
BLACK
6
CONTINUOUS
10
90.1763430000000028
20
-109.9767420000000016
11
90.0811049999999938
21
-110.0719799999999964
0
LINE
8
BLACK
6
CONTINUOUS
10
92.1763430000000028
20
-111.2148380000000003
11
91.9858669999999989
21
-111.1195999999999913
0
LINE
8
BLACK
6
CONTINUOUS
10
91.9858669999999989
20
-111.1195999999999913
11
91.8906289999999899
21
-111.024360999999999
0
LINE
8
BLACK
6
CONTINUOUS
10
91.8906289999999899
20
-111.024360999999999
11
91.7953909999999951
21
-110.8338849999999951
0
LINE
8
BLACK
6
CONTINUOUS
10
91.7953909999999951
20
-110.8338849999999951
11
91.7953909999999951
21
-110.2624569999999977
0
LINE
8
BLACK
6
CONTINUOUS
10
91.7953909999999951
20
-110.2624569999999977
11
91.8906289999999899
21
-110.0719799999999964
0
LINE
8
BLACK
6
CONTINUOUS
10
91.8906289999999899
20
-110.0719799999999964
11
91.9858669999999989
21
-109.9767420000000016
0
LINE
8
BLACK
6
CONTINUOUS
10
91.9858669999999989
20
-109.9767420000000016
11
92.1763430000000028
21
-109.8815039999999925
0
LINE
8
BLACK
6
CONTINUOUS
10
92.1763430000000028
20
-109.8815039999999925
11
92.462057999999999
21
-109.8815039999999925
0
LINE
8
BLACK
6
CONTINUOUS
10
92.462057999999999
20
-109.8815039999999925
11
92.6525340000000028
21
-109.9767420000000016
0
LINE
8
BLACK
6
CONTINUOUS
10
92.6525340000000028
20
-109.9767420000000016
11
92.7477719999999977
21
-110.0719799999999964
0
LINE
8
BLACK
6
CONTINUOUS
10
92.7477719999999977
20
-110.0719799999999964
11
92.8430099999999925
21
-110.2624569999999977
0
LINE
8
BLACK
6
CONTINUOUS
10
92.8430099999999925
20
-110.2624569999999977
11
92.8430099999999925
21
-110.8338849999999951
0
LINE
8
BLACK
6
CONTINUOUS
10
92.8430099999999925
20
-110.8338849999999951
11
92.7477719999999977
21
-111.024360999999999
0
LINE
8
BLACK
6
CONTINUOUS
10
92.7477719999999977
20
-111.024360999999999
11
92.6525340000000028
21
-111.1195999999999913
0
LINE
8
BLACK
6
CONTINUOUS
10
92.6525340000000028
20
-111.1195999999999913
11
92.462057999999999
21
-111.2148380000000003
0
LINE
8
BLACK
6
CONTINUOUS
10
92.462057999999999
20
-111.2148380000000003
11
92.1763430000000028
21
-111.2148380000000003
0
LINE
8
BLACK
6
CONTINUOUS
10
93.9858669999999989
20
-111.2148380000000003
11
93.7953909999999951
21
-111.1195999999999913
0
LINE
8
BLACK
6
CONTINUOUS
10
93.7953909999999951
20
-111.1195999999999913
11
93.7001530000000002
21
-110.9291229999999899
0
LINE
8
BLACK
6
CONTINUOUS
10
93.7001530000000002
20
-110.9291229999999899
11
93.7001530000000002
21
-109.2148380000000003
0
LINE
8
BLACK
6
CONTINUOUS
10
95.5096769999999964
20
-111.1195999999999913
11
95.3192009999999925
21
-111.2148380000000003
0
LINE
8
BLACK
6
CONTINUOUS
10
95.3192009999999925
20
-111.2148380000000003
11
94.9382480000000015
21
-111.2148380000000003
0
LINE
8
BLACK
6
CONTINUOUS
10
94.9382480000000015
20
-111.2148380000000003
11
94.7477719999999977
21
-111.1195999999999913
0
LINE
8
BLACK
6
CONTINUOUS
10
94.7477719999999977
20
-111.1195999999999913
11
94.6525339999999886
21
-110.9291229999999899
0
LINE
8
BLACK
6
CONTINUOUS
10
94.6525339999999886
20
-110.9291229999999899
11
94.6525339999999886
21
-110.1672189999999887
0
LINE
8
BLACK
6
CONTINUOUS
10
94.6525339999999886
20
-110.1672189999999887
11
94.7477719999999977
21
-109.9767420000000016
0
LINE
8
BLACK
6
CONTINUOUS
10
94.7477719999999977
20
-109.9767420000000016
11
94.9382480000000015
21
-109.8815039999999925
0
LINE
8
BLACK
6
CONTINUOUS
10
94.9382480000000015
20
-109.8815039999999925
11
95.3192009999999925
21
-109.8815039999999925
0
LINE
8
BLACK
6
CONTINUOUS
10
95.3192009999999925
20
-109.8815039999999925
11
95.5096769999999964
21
-109.9767420000000016
0
LINE
8
BLACK
6
CONTINUOUS
10
95.5096769999999964
20
-109.9767420000000016
11
95.6049149999999912
21
-110.1672189999999887
0
LINE
8
BLACK
6
CONTINUOUS
10
95.6049149999999912
20
-110.1672189999999887
11
95.6049149999999912
21
-110.3576949999999925
0
LINE
8
BLACK
6
CONTINUOUS
10
95.6049149999999912
20
-110.3576949999999925
11
94.6525339999999886
21
-110.5481709999999964
0
LINE
8
BLACK
6
CONTINUOUS
10
96.3668199999999899
20
-111.1195999999999913
11
96.5572959999999938
21
-111.2148380000000003
0
LINE
8
BLACK
6
CONTINUOUS
10
96.5572959999999938
20
-111.2148380000000003
11
96.9382480000000015
21
-111.2148380000000003
0
LINE
8
BLACK
6
CONTINUOUS
10
96.9382480000000015
20
-111.2148380000000003
11
97.1287249999999887
21
-111.1195999999999913
0
LINE
8
BLACK
6
CONTINUOUS
10
97.1287249999999887
20
-111.1195999999999913
11
97.2239629999999977
21
-110.9291229999999899
0
LINE
8
BLACK
6
CONTINUOUS
10
97.2239629999999977
20
-110.9291229999999899
11
97.2239629999999977
21
-110.8338849999999951
0
LINE
8
BLACK
6
CONTINUOUS
10
97.2239629999999977
20
-110.8338849999999951
11
97.1287249999999887
21
-110.6434089999999912
0
LINE
8
BLACK
6
CONTINUOUS
10
97.1287249999999887
20
-110.6434089999999912
11
96.9382480000000015
21
-110.5481709999999964
0
LINE
8
BLACK
6
CONTINUOUS
10
96.9382480000000015
20
-110.5481709999999964
11
96.6525339999999886
21
-110.5481709999999964
0
LINE
8
BLACK
6
CONTINUOUS
10
96.6525339999999886
20
-110.5481709999999964
11
96.462057999999999
21
-110.4529330000000016
0
LINE
8
BLACK
6
CONTINUOUS
10
96.462057999999999
20
-110.4529330000000016
11
96.3668199999999899
21
-110.2624569999999977
0
LINE
8
BLACK
6
CONTINUOUS
10
96.3668199999999899
20
-110.2624569999999977
11
96.3668199999999899
21
-110.1672189999999887
0
LINE
8
BLACK
6
CONTINUOUS
10
96.3668199999999899
20
-110.1672189999999887
11
96.462057999999999
21
-109.9767420000000016
0
LINE
8
BLACK
6
CONTINUOUS
10
96.462057999999999
20
-109.9767420000000016
11
96.6525339999999886
21
-109.8815039999999925
0
LINE
8
BLACK
6
CONTINUOUS
10
96.6525339999999886
20
-109.8815039999999925
11
96.9382480000000015
21
-109.8815039999999925
0
LINE
8
BLACK
6
CONTINUOUS
10
96.9382480000000015
20
-109.8815039999999925
11
97.1287249999999887
21
-109.9767420000000016
0
LINE
8
BLACK
6
CONTINUOUS
10
97.8906300000000016
20
-111.9767420000000016
11
97.9858679999999964
21
-111.8815039999999925
0
LINE
8
BLACK
6
CONTINUOUS
10
97.9858679999999964
20
-111.8815039999999925
11
98.1763440000000003
21
-111.5957899999999938
0
LINE
8
BLACK
6
CONTINUOUS
10
98.1763440000000003
20
-111.5957899999999938
11
98.2715819999999951
21
-111.40531399999999
0
LINE
8
BLACK
6
CONTINUOUS
10
98.2715819999999951
20
-111.40531399999999
11
98.3668199999999899
21
-111.1195999999999913
0
LINE
8
BLACK
6
CONTINUOUS
10
98.3668199999999899
20
-111.1195999999999913
11
98.462057999999999
21
-110.6434089999999912
0
LINE
8
BLACK
6
CONTINUOUS
10
98.462057999999999
20
-110.6434089999999912
11
98.462057999999999
21
-110.2624569999999977
0
LINE
8
BLACK
6
CONTINUOUS
10
98.462057999999999
20
-110.2624569999999977
11
98.3668199999999899
21
-109.7862659999999977
0
LINE
8
BLACK
6
CONTINUOUS
10
98.3668199999999899
20
-109.7862659999999977
11
98.2715819999999951
21
-109.500551999999999
0
LINE
8
BLACK
6
CONTINUOUS
10
98.2715819999999951
20
-109.500551999999999
11
98.1763440000000003
21
-109.3100759999999951
0
LINE
8
BLACK
6
CONTINUOUS
10
98.1763440000000003
20
-109.3100759999999951
11
97.9858679999999964
21
-109.024360999999999
0
LINE
8
BLACK
6
CONTINUOUS
10
97.9858679999999964
20
-109.024360999999999
11
97.8906300000000016
21
-108.9291229999999899
0
LINE
8
BLACK
6
CONTINUOUS
10
49.4899999999999949
20
-113.1749999999999972
11
50.1400000000000006
21
-113.8249999999999886
0
LINE
8
BLACK
6
CONTINUOUS
10
50.1400000000000006
20
-113.1749999999999972
11
49.4899999999999949
21
-113.8249999999999886
0
LINE
8
BLACK
6
CONTINUOUS
10
50.0448120000000003
20
-113.7298119999999955
11
50.0448120000000003
21
-113.2701879999999903
0
LINE
8
BLACK
6
CONTINUOUS
10
50.0448120000000003
20
-113.2701879999999903
11
49.5851879999999952
21
-113.2701879999999903
0
LINE
8
BLACK
6
CONTINUOUS
10
49.5851879999999952
20
-113.2701879999999903
11
49.5851879999999952
21
-113.7298119999999955
0
LINE
8
BLACK
6
CONTINUOUS
10
49.5851879999999952
20
-113.7298119999999955
11
50.0448120000000003
21
-113.7298119999999955
0
LINE
8
BLACK
6
CONTINUOUS
10
53.1287199999999942
20
-112.4148379999999889
11
53.3191969999999955
21
-112.4148379999999889
0
LINE
8
BLACK
6
CONTINUOUS
10
53.3191969999999955
20
-112.4148379999999889
11
53.5096729999999994
21
-112.510075999999998
0
LINE
8
BLACK
6
CONTINUOUS
10
53.5096729999999994
20
-112.510075999999998
11
53.6049109999999942
21
-112.6053139999999928
0
LINE
8
BLACK
6
CONTINUOUS
10
53.6049109999999942
20
-112.6053139999999928
11
53.7001489999999961
21
-112.7957899999999967
0
LINE
8
BLACK
6
CONTINUOUS
10
53.7001489999999961
20
-112.7957899999999967
11
53.7953869999999981
21
-113.1767419999999902
0
LINE
8
BLACK
6
CONTINUOUS
10
53.7953869999999981
20
-113.1767419999999902
11
53.7953869999999981
21
-113.6529329999999902
0
LINE
8
BLACK
6
CONTINUOUS
10
53.7953869999999981
20
-113.6529329999999902
11
53.7001489999999961
21
-114.0338849999999979
0
LINE
8
BLACK
6
CONTINUOUS
10
53.7001489999999961
20
-114.0338849999999979
11
53.6049109999999942
21
-114.2243610000000018
0
LINE
8
BLACK
6
CONTINUOUS
10
53.6049109999999942
20
-114.2243610000000018
11
53.5096729999999994
21
-114.3195999999999941
0
LINE
8
BLACK
6
CONTINUOUS
10
53.5096729999999994
20
-114.3195999999999941
11
53.3191969999999955
21
-114.4148379999999889
0
LINE
8
BLACK
6
CONTINUOUS
10
53.3191969999999955
20
-114.4148379999999889
11
53.1287199999999942
21
-114.4148379999999889
0
LINE
8
BLACK
6
CONTINUOUS
10
53.1287199999999942
20
-114.4148379999999889
11
52.9382439999999974
21
-114.3195999999999941
0
LINE
8
BLACK
6
CONTINUOUS
10
52.9382439999999974
20
-114.3195999999999941
11
52.8430059999999955
21
-114.2243610000000018
0
LINE
8
BLACK
6
CONTINUOUS
10
52.8430059999999955
20
-114.2243610000000018
11
52.7477680000000007
21
-114.0338849999999979
0
LINE
8
BLACK
6
CONTINUOUS
10
52.7477680000000007
20
-114.0338849999999979
11
52.6525299999999987
21
-113.6529329999999902
0
LINE
8
BLACK
6
CONTINUOUS
10
52.6525299999999987
20
-113.6529329999999902
11
52.6525299999999987
21
-113.1767419999999902
0
LINE
8
BLACK
6
CONTINUOUS
10
52.6525299999999987
20
-113.1767419999999902
11
52.7477680000000007
21
-112.7957899999999967
0
LINE
8
BLACK
6
CONTINUOUS
10
52.7477680000000007
20
-112.7957899999999967
11
52.8430059999999955
21
-112.6053139999999928
0
LINE
8
BLACK
6
CONTINUOUS
10
52.8430059999999955
20
-112.6053139999999928
11
52.9382439999999974
21
-112.510075999999998
0
LINE
8
BLACK
6
CONTINUOUS
10
52.9382439999999974
20
-112.510075999999998
11
53.1287199999999942
21
-112.4148379999999889
0
LINE
8
BLACK
6
CONTINUOUS
10
54.6525299999999987
20
-114.2243610000000018
11
54.7477680000000007
21
-114.3195999999999941
0
LINE
8
BLACK
6
CONTINUOUS
10
54.7477680000000007
20
-114.3195999999999941
11
54.6525299999999987
21
-114.4148379999999889
0
LINE
8
BLACK
6
CONTINUOUS
10
54.6525299999999987
20
-114.4148379999999889
11
54.5572919999999968
21
-114.3195999999999941
0
LINE
8
BLACK
6
CONTINUOUS
10
54.5572919999999968
20
-114.3195999999999941
11
54.6525299999999987
21
-114.2243610000000018
0
LINE
8
BLACK
6
CONTINUOUS
10
54.6525299999999987
20
-114.2243610000000018
11
54.6525299999999987
21
-114.4148379999999889
0
LINE
8
BLACK
6
CONTINUOUS
10
56.4620539999999949
20
-112.4148379999999889
11
56.0811009999999968
21
-112.4148379999999889
0
LINE
8
BLACK
6
CONTINUOUS
10
56.0811009999999968
20
-112.4148379999999889
11
55.890625
21
-112.510075999999998
0
LINE
8
BLACK
6
CONTINUOUS
10
55.890625
20
-112.510075999999998
11
55.7953869999999981
21
-112.6053139999999928
0
LINE
8
BLACK
6
CONTINUOUS
10
55.7953869999999981
20
-112.6053139999999928
11
55.6049109999999942
21
-112.8910279999999915
0
LINE
8
BLACK
6
CONTINUOUS
10
55.6049109999999942
20
-112.8910279999999915
11
55.5096729999999994
21
-113.2719799999999992
0
LINE
8
BLACK
6
CONTINUOUS
10
55.5096729999999994
20
-113.2719799999999992
11
55.5096729999999994
21
-114.0338849999999979
0
LINE
8
BLACK
6
CONTINUOUS
10
55.5096729999999994
20
-114.0338849999999979
11
55.6049109999999942
21
-114.2243610000000018
0
LINE
8
BLACK
6
CONTINUOUS
10
55.6049109999999942
20
-114.2243610000000018
11
55.7001489999999961
21
-114.3195999999999941
0
LINE
8
BLACK
6
CONTINUOUS
10
55.7001489999999961
20
-114.3195999999999941
11
55.890625
21
-114.4148379999999889
0
LINE
8
BLACK
6
CONTINUOUS
10
55.890625
20
-114.4148379999999889
11
56.2715779999999981
21
-114.4148379999999889
0
LINE
8
BLACK
6
CONTINUOUS
10
56.2715779999999981
20
-114.4148379999999889
11
56.4620539999999949
21
-114.3195999999999941
0
LINE
8
BLACK
6
CONTINUOUS
10
56.4620539999999949
20
-114.3195999999999941
11
56.5572919999999968
21
-114.2243610000000018
0
LINE
8
BLACK
6
CONTINUOUS
10
56.5572919999999968
20
-114.2243610000000018
11
56.6525299999999987
21
-114.0338849999999979
0
LINE
8
BLACK
6
CONTINUOUS
10
56.6525299999999987
20
-114.0338849999999979
11
56.6525299999999987
21
-113.5576949999999954
0
LINE
8
BLACK
6
CONTINUOUS
10
56.6525299999999987
20
-113.5576949999999954
11
56.5572919999999968
21
-113.3672189999999915
0
LINE
8
BLACK
6
CONTINUOUS
10
56.5572919999999968
20
-113.3672189999999915
11
56.4620539999999949
21
-113.2719799999999992
0
LINE
8
BLACK
6
CONTINUOUS
10
56.4620539999999949
20
-113.2719799999999992
11
56.2715779999999981
21
-113.1767419999999902
0
LINE
8
BLACK
6
CONTINUOUS
10
56.2715779999999981
20
-113.1767419999999902
11
55.890625
21
-113.1767419999999902
0
LINE
8
BLACK
6
CONTINUOUS
10
55.890625
20
-113.1767419999999902
11
55.7001489999999961
21
-113.2719799999999992
0
LINE
8
BLACK
6
CONTINUOUS
10
55.7001489999999961
20
-113.2719799999999992
11
55.6049109999999942
21
-113.3672189999999915
0
LINE
8
BLACK
6
CONTINUOUS
10
55.6049109999999942
20
-113.3672189999999915
11
55.5096729999999994
21
-113.5576949999999954
0
LINE
8
BLACK
6
CONTINUOUS
10
58.4620539999999949
20
-112.4148379999999889
11
57.5096729999999994
21
-112.4148379999999889
0
LINE
8
BLACK
6
CONTINUOUS
10
57.5096729999999994
20
-112.4148379999999889
11
57.4144349999999974
21
-113.3672189999999915
0
LINE
8
BLACK
6
CONTINUOUS
10
57.4144349999999974
20
-113.3672189999999915
11
57.5096729999999994
21
-113.2719799999999992
0
LINE
8
BLACK
6
CONTINUOUS
10
57.5096729999999994
20
-113.2719799999999992
11
57.7001489999999961
21
-113.1767419999999902
0
LINE
8
BLACK
6
CONTINUOUS
10
57.7001489999999961
20
-113.1767419999999902
11
58.1763399999999962
21
-113.1767419999999902
0
LINE
8
BLACK
6
CONTINUOUS
10
58.1763399999999962
20
-113.1767419999999902
11
58.366816
21
-113.2719799999999992
0
LINE
8
BLACK
6
CONTINUOUS
10
58.366816
20
-113.2719799999999992
11
58.4620539999999949
21
-113.3672189999999915
0
LINE
8
BLACK
6
CONTINUOUS
10
58.4620539999999949
20
-113.3672189999999915
11
58.5572919999999968
21
-113.5576949999999954
0
LINE
8
BLACK
6
CONTINUOUS
10
58.5572919999999968
20
-113.5576949999999954
11
58.5572919999999968
21
-114.0338849999999979
0
LINE
8
BLACK
6
CONTINUOUS
10
58.5572919999999968
20
-114.0338849999999979
11
58.4620539999999949
21
-114.2243610000000018
0
LINE
8
BLACK
6
CONTINUOUS
10
58.4620539999999949
20
-114.2243610000000018
11
58.366816
21
-114.3195999999999941
0
LINE
8
BLACK
6
CONTINUOUS
10
58.366816
20
-114.3195999999999941
11
58.1763399999999962
21
-114.4148379999999889
0
LINE
8
BLACK
6
CONTINUOUS
10
58.1763399999999962
20
-114.4148379999999889
11
57.7001489999999961
21
-114.4148379999999889
0
LINE
8
BLACK
6
CONTINUOUS
10
57.7001489999999961
20
-114.4148379999999889
11
57.5096729999999994
21
-114.3195999999999941
0
LINE
8
BLACK
6
CONTINUOUS
10
57.5096729999999994
20
-114.3195999999999941
11
57.4144349999999974
21
-114.2243610000000018
0
LINE
8
BLACK
6
CONTINUOUS
10
59.7953869999999981
20
-112.4148379999999889
11
59.9858639999999994
21
-112.4148379999999889
0
LINE
8
BLACK
6
CONTINUOUS
10
59.9858639999999994
20
-112.4148379999999889
11
60.1763399999999962
21
-112.510075999999998
0
LINE
8
BLACK
6
CONTINUOUS
10
60.1763399999999962
20
-112.510075999999998
11
60.2715779999999981
21
-112.6053139999999928
0
LINE
8
BLACK
6
CONTINUOUS
10
60.2715779999999981
20
-112.6053139999999928
11
60.366816
21
-112.7957899999999967
0
LINE
8
BLACK
6
CONTINUOUS
10
60.366816
20
-112.7957899999999967
11
60.4620539999999949
21
-113.1767419999999902
0
LINE
8
BLACK
6
CONTINUOUS
10
60.4620539999999949
20
-113.1767419999999902
11
60.4620539999999949
21
-113.6529329999999902
0
LINE
8
BLACK
6
CONTINUOUS
10
60.4620539999999949
20
-113.6529329999999902
11
60.366816
21
-114.0338849999999979
0
LINE
8
BLACK
6
CONTINUOUS
10
60.366816
20
-114.0338849999999979
11
60.2715779999999981
21
-114.2243610000000018
0
LINE
8
BLACK
6
CONTINUOUS
10
60.2715779999999981
20
-114.2243610000000018
11
60.1763399999999962
21
-114.3195999999999941
0
LINE
8
BLACK
6
CONTINUOUS
10
60.1763399999999962
20
-114.3195999999999941
11
59.9858639999999994
21
-114.4148379999999889
0
LINE
8
BLACK
6
CONTINUOUS
10
59.9858639999999994
20
-114.4148379999999889
11
59.7953869999999981
21
-114.4148379999999889
0
LINE
8
BLACK
6
CONTINUOUS
10
59.7953869999999981
20
-114.4148379999999889
11
59.6049109999999942
21
-114.3195999999999941
0
LINE
8
BLACK
6
CONTINUOUS
10
59.6049109999999942
20
-114.3195999999999941
11
59.5096729999999994
21
-114.2243610000000018
0
LINE
8
BLACK
6
CONTINUOUS
10
59.5096729999999994
20
-114.2243610000000018
11
59.4144349999999974
21
-114.0338849999999979
0
LINE
8
BLACK
6
CONTINUOUS
10
59.4144349999999974
20
-114.0338849999999979
11
59.3191969999999955
21
-113.6529329999999902
0
LINE
8
BLACK
6
CONTINUOUS
10
59.3191969999999955
20
-113.6529329999999902
11
59.3191969999999955
21
-113.1767419999999902
0
LINE
8
BLACK
6
CONTINUOUS
10
59.3191969999999955
20
-113.1767419999999902
11
59.4144349999999974
21
-112.7957899999999967
0
LINE
8
BLACK
6
CONTINUOUS
10
59.4144349999999974
20
-112.7957899999999967
11
59.5096729999999994
21
-112.6053139999999928
0
LINE
8
BLACK
6
CONTINUOUS
10
59.5096729999999994
20
-112.6053139999999928
11
59.6049109999999942
21
-112.510075999999998
0
LINE
8
BLACK
6
CONTINUOUS
10
59.6049109999999942
20
-112.510075999999998
11
59.7953869999999981
21
-112.4148379999999889
0
LINE
8
BLACK
6
CONTINUOUS
10
61.3191969999999955
20
-114.4148379999999889
11
61.3191969999999955
21
-113.0815039999999954
0
LINE
8
BLACK
6
CONTINUOUS
10
61.3191969999999955
20
-113.2719799999999992
11
61.4144349999999974
21
-113.1767419999999902
0
LINE
8
BLACK
6
CONTINUOUS
10
61.4144349999999974
20
-113.1767419999999902
11
61.6049109999999942
21
-113.0815039999999954
0
LINE
8
BLACK
6
CONTINUOUS
10
61.6049109999999942
20
-113.0815039999999954
11
61.8906259999999975
21
-113.0815039999999954
0
LINE
8
BLACK
6
CONTINUOUS
10
61.8906259999999975
20
-113.0815039999999954
11
62.0811019999999942
21
-113.1767419999999902
0
LINE
8
BLACK
6
CONTINUOUS
10
62.0811019999999942
20
-113.1767419999999902
11
62.1763399999999962
21
-113.3672189999999915
0
LINE
8
BLACK
6
CONTINUOUS
10
62.1763399999999962
20
-113.3672189999999915
11
62.1763399999999962
21
-114.4148379999999889
0
LINE
8
BLACK
6
CONTINUOUS
10
62.1763399999999962
20
-113.3672189999999915
11
62.2715779999999981
21
-113.1767419999999902
0
LINE
8
BLACK
6
CONTINUOUS
10
62.2715779999999981
20
-113.1767419999999902
11
62.4620539999999949
21
-113.0815039999999954
0
LINE
8
BLACK
6
CONTINUOUS
10
62.4620539999999949
20
-113.0815039999999954
11
62.7477680000000007
21
-113.0815039999999954
0
LINE
8
BLACK
6
CONTINUOUS
10
62.7477680000000007
20
-113.0815039999999954
11
62.9382449999999949
21
-113.1767419999999902
0
LINE
8
BLACK
6
CONTINUOUS
10
62.9382449999999949
20
-113.1767419999999902
11
63.0334829999999968
21
-113.3672189999999915
0
LINE
8
BLACK
6
CONTINUOUS
10
63.0334829999999968
20
-113.3672189999999915
11
63.0334829999999968
21
-114.4148379999999889
0
LINE
8
BLACK
6
CONTINUOUS
10
63.9858639999999994
20
-114.4148379999999889
11
63.9858639999999994
21
-113.0815039999999954
0
LINE
8
BLACK
6
CONTINUOUS
10
63.9858639999999994
20
-113.2719799999999992
11
64.0811020000000013
21
-113.1767419999999902
0
LINE
8
BLACK
6
CONTINUOUS
10
64.0811020000000013
20
-113.1767419999999902
11
64.271577999999991
21
-113.0815039999999954
0
LINE
8
BLACK
6
CONTINUOUS
10
64.271577999999991
20
-113.0815039999999954
11
64.5572930000000014
21
-113.0815039999999954
0
LINE
8
BLACK
6
CONTINUOUS
10
64.5572930000000014
20
-113.0815039999999954
11
64.747768999999991
21
-113.1767419999999902
0
LINE
8
BLACK
6
CONTINUOUS
10
64.747768999999991
20
-113.1767419999999902
11
64.8430070000000001
21
-113.3672189999999915
0
LINE
8
BLACK
6
CONTINUOUS
10
64.8430070000000001
20
-113.3672189999999915
11
64.8430070000000001
21
-114.4148379999999889
0
LINE
8
BLACK
6
CONTINUOUS
10
64.8430070000000001
20
-113.3672189999999915
11
64.9382449999999949
21
-113.1767419999999902
0
LINE
8
BLACK
6
CONTINUOUS
10
64.9382449999999949
20
-113.1767419999999902
11
65.1287209999999988
21
-113.0815039999999954
0
LINE
8
BLACK
6
CONTINUOUS
10
65.1287209999999988
20
-113.0815039999999954
11
65.4144349999999974
21
-113.0815039999999954
0
LINE
8
BLACK
6
CONTINUOUS
10
65.4144349999999974
20
-113.0815039999999954
11
65.6049119999999988
21
-113.1767419999999902
0
LINE
8
BLACK
6
CONTINUOUS
10
65.6049119999999988
20
-113.1767419999999902
11
65.7001499999999936
21
-113.3672189999999915
0
LINE
8
BLACK
6
CONTINUOUS
10
65.7001499999999936
20
-113.3672189999999915
11
65.7001499999999936
21
-114.4148379999999889
0
LINE
8
BLACK
6
CONTINUOUS
10
69.6049119999999988
20
-112.3195999999999941
11
67.890626999999995
21
-114.8910279999999915
0
LINE
8
BLACK
6
CONTINUOUS
10
72.1763409999999936
20
-112.4148379999999889
11
72.366817999999995
21
-112.4148379999999889
0
LINE
8
BLACK
6
CONTINUOUS
10
72.366817999999995
20
-112.4148379999999889
11
72.5572939999999988
21
-112.510075999999998
0
LINE
8
BLACK
6
CONTINUOUS
10
72.5572939999999988
20
-112.510075999999998
11
72.6525319999999937
21
-112.6053139999999928
0
LINE
8
BLACK
6
CONTINUOUS
10
72.6525319999999937
20
-112.6053139999999928
11
72.7477700000000027
21
-112.7957899999999967
0
LINE
8
BLACK
6
CONTINUOUS
10
72.7477700000000027
20
-112.7957899999999967
11
72.8430079999999975
21
-113.1767419999999902
0
LINE
8
BLACK
6
CONTINUOUS
10
72.8430079999999975
20
-113.1767419999999902
11
72.8430079999999975
21
-113.6529329999999902
0
LINE
8
BLACK
6
CONTINUOUS
10
72.8430079999999975
20
-113.6529329999999902
11
72.7477700000000027
21
-114.0338849999999979
0
LINE
8
BLACK
6
CONTINUOUS
10
72.7477700000000027
20
-114.0338849999999979
11
72.6525319999999937
21
-114.2243610000000018
0
LINE
8
BLACK
6
CONTINUOUS
10
72.6525319999999937
20
-114.2243610000000018
11
72.5572939999999988
21
-114.3195999999999941
0
LINE
8
BLACK
6
CONTINUOUS
10
72.5572939999999988
20
-114.3195999999999941
11
72.366817999999995
21
-114.4148379999999889
0
LINE
8
BLACK
6
CONTINUOUS
10
72.366817999999995
20
-114.4148379999999889
11
72.1763409999999936
21
-114.4148379999999889
0
LINE
8
BLACK
6
CONTINUOUS
10
72.1763409999999936
20
-114.4148379999999889
11
71.9858649999999898
21
-114.3195999999999941
0
LINE
8
BLACK
6
CONTINUOUS
10
71.9858649999999898
20
-114.3195999999999941
11
71.890626999999995
21
-114.2243610000000018
0
LINE
8
BLACK
6
CONTINUOUS
10
71.890626999999995
20
-114.2243610000000018
11
71.7953890000000001
21
-114.0338849999999979
0
LINE
8
BLACK
6
CONTINUOUS
10
71.7953890000000001
20
-114.0338849999999979
11
71.7001509999999911
21
-113.6529329999999902
0
LINE
8
BLACK
6
CONTINUOUS
10
71.7001509999999911
20
-113.6529329999999902
11
71.7001509999999911
21
-113.1767419999999902
0
LINE
8
BLACK
6
CONTINUOUS
10
71.7001509999999911
20
-113.1767419999999902
11
71.7953890000000001
21
-112.7957899999999967
0
LINE
8
BLACK
6
CONTINUOUS
10
71.7953890000000001
20
-112.7957899999999967
11
71.890626999999995
21
-112.6053139999999928
0
LINE
8
BLACK
6
CONTINUOUS
10
71.890626999999995
20
-112.6053139999999928
11
71.9858649999999898
21
-112.510075999999998
0
LINE
8
BLACK
6
CONTINUOUS
10
71.9858649999999898
20
-112.510075999999998
11
72.1763409999999936
21
-112.4148379999999889
0
LINE
8
BLACK
6
CONTINUOUS
10
73.7001509999999911
20
-114.2243610000000018
11
73.7953890000000001
21
-114.3195999999999941
0
LINE
8
BLACK
6
CONTINUOUS
10
73.7953890000000001
20
-114.3195999999999941
11
73.7001509999999911
21
-114.4148379999999889
0
LINE
8
BLACK
6
CONTINUOUS
10
73.7001509999999911
20
-114.4148379999999889
11
73.6049129999999963
21
-114.3195999999999941
0
LINE
8
BLACK
6
CONTINUOUS
10
73.6049129999999963
20
-114.3195999999999941
11
73.7001509999999911
21
-114.2243610000000018
0
LINE
8
BLACK
6
CONTINUOUS
10
73.7001509999999911
20
-114.2243610000000018
11
73.7001509999999911
21
-114.4148379999999889
0
LINE
8
BLACK
6
CONTINUOUS
10
75.0334840000000014
20
-112.4148379999999889
11
75.2239610000000027
21
-112.4148379999999889
0
LINE
8
BLACK
6
CONTINUOUS
10
75.2239610000000027
20
-112.4148379999999889
11
75.4144369999999924
21
-112.510075999999998
0
LINE
8
BLACK
6
CONTINUOUS
10
75.4144369999999924
20
-112.510075999999998
11
75.5096750000000014
21
-112.6053139999999928
0
LINE
8
BLACK
6
CONTINUOUS
10
75.5096750000000014
20
-112.6053139999999928
11
75.6049129999999963
21
-112.7957899999999967
0
LINE
8
BLACK
6
CONTINUOUS
10
75.6049129999999963
20
-112.7957899999999967
11
75.7001509999999911
21
-113.1767419999999902
0
LINE
8
BLACK
6
CONTINUOUS
10
75.7001509999999911
20
-113.1767419999999902
11
75.7001509999999911
21
-113.6529329999999902
0
LINE
8
BLACK
6
CONTINUOUS
10
75.7001509999999911
20
-113.6529329999999902
11
75.6049129999999963
21
-114.0338849999999979
0
LINE
8
BLACK
6
CONTINUOUS
10
75.6049129999999963
20
-114.0338849999999979
11
75.5096750000000014
21
-114.2243610000000018
0
LINE
8
BLACK
6
CONTINUOUS
10
75.5096750000000014
20
-114.2243610000000018
11
75.4144369999999924
21
-114.3195999999999941
0
LINE
8
BLACK
6
CONTINUOUS
10
75.4144369999999924
20
-114.3195999999999941
11
75.2239610000000027
21
-114.4148379999999889
0
LINE
8
BLACK
6
CONTINUOUS
10
75.2239610000000027
20
-114.4148379999999889
11
75.0334840000000014
21
-114.4148379999999889
0
LINE
8
BLACK
6
CONTINUOUS
10
75.0334840000000014
20
-114.4148379999999889
11
74.8430079999999975
21
-114.3195999999999941
0
LINE
8
BLACK
6
CONTINUOUS
10
74.8430079999999975
20
-114.3195999999999941
11
74.7477700000000027
21
-114.2243610000000018
0
LINE
8
BLACK
6
CONTINUOUS
10
74.7477700000000027
20
-114.2243610000000018
11
74.6525319999999937
21
-114.0338849999999979
0
LINE
8
BLACK
6
CONTINUOUS
10
74.6525319999999937
20
-114.0338849999999979
11
74.5572939999999988
21
-113.6529329999999902
0
LINE
8
BLACK
6
CONTINUOUS
10
74.5572939999999988
20
-113.6529329999999902
11
74.5572939999999988
21
-113.1767419999999902
0
LINE
8
BLACK
6
CONTINUOUS
10
74.5572939999999988
20
-113.1767419999999902
11
74.6525319999999937
21
-112.7957899999999967
0
LINE
8
BLACK
6
CONTINUOUS
10
74.6525319999999937
20
-112.7957899999999967
11
74.7477700000000027
21
-112.6053139999999928
0
LINE
8
BLACK
6
CONTINUOUS
10
74.7477700000000027
20
-112.6053139999999928
11
74.8430079999999975
21
-112.510075999999998
0
LINE
8
BLACK
6
CONTINUOUS
10
74.8430079999999975
20
-112.510075999999998
11
75.0334840000000014
21
-112.4148379999999889
0
LINE
8
BLACK
6
CONTINUOUS
10
76.4620559999999898
20
-112.6053139999999928
11
76.5572939999999988
21
-112.510075999999998
0
LINE
8
BLACK
6
CONTINUOUS
10
76.5572939999999988
20
-112.510075999999998
11
76.7477700000000027
21
-112.4148379999999889
0
LINE
8
BLACK
6
CONTINUOUS
10
76.7477700000000027
20
-112.4148379999999889
11
77.2239610000000027
21
-112.4148379999999889
0
LINE
8
BLACK
6
CONTINUOUS
10
77.2239610000000027
20
-112.4148379999999889
11
77.4144369999999924
21
-112.510075999999998
0
LINE
8
BLACK
6
CONTINUOUS
10
77.4144369999999924
20
-112.510075999999998
11
77.5096750000000014
21
-112.6053139999999928
0
LINE
8
BLACK
6
CONTINUOUS
10
77.5096750000000014
20
-112.6053139999999928
11
77.6049129999999963
21
-112.7957899999999967
0
LINE
8
BLACK
6
CONTINUOUS
10
77.6049129999999963
20
-112.7957899999999967
11
77.6049129999999963
21
-112.9862660000000005
0
LINE
8
BLACK
6
CONTINUOUS
10
77.6049129999999963
20
-112.9862660000000005
11
77.5096750000000014
21
-113.2719799999999992
0
LINE
8
BLACK
6
CONTINUOUS
10
77.5096750000000014
20
-113.2719799999999992
11
76.366817999999995
21
-114.4148379999999889
0
LINE
8
BLACK
6
CONTINUOUS
10
76.366817999999995
20
-114.4148379999999889
11
77.6049129999999963
21
-114.4148379999999889
0
LINE
8
BLACK
6
CONTINUOUS
10
79.4144369999999924
20
-112.4148379999999889
11
78.4620559999999898
21
-112.4148379999999889
0
LINE
8
BLACK
6
CONTINUOUS
10
78.4620559999999898
20
-112.4148379999999889
11
78.366817999999995
21
-113.3672189999999915
0
LINE
8
BLACK
6
CONTINUOUS
10
78.366817999999995
20
-113.3672189999999915
11
78.4620559999999898
21
-113.2719799999999992
0
LINE
8
BLACK
6
CONTINUOUS
10
78.4620559999999898
20
-113.2719799999999992
11
78.6525319999999937
21
-113.1767419999999902
0
LINE
8
BLACK
6
CONTINUOUS
10
78.6525319999999937
20
-113.1767419999999902
11
79.1287229999999937
21
-113.1767419999999902
0
LINE
8
BLACK
6
CONTINUOUS
10
79.1287229999999937
20
-113.1767419999999902
11
79.3191989999999976
21
-113.2719799999999992
0
LINE
8
BLACK
6
CONTINUOUS
10
79.3191989999999976
20
-113.2719799999999992
11
79.4144369999999924
21
-113.3672189999999915
0
LINE
8
BLACK
6
CONTINUOUS
10
79.4144369999999924
20
-113.3672189999999915
11
79.5096750000000014
21
-113.5576949999999954
0
LINE
8
BLACK
6
CONTINUOUS
10
79.5096750000000014
20
-113.5576949999999954
11
79.5096750000000014
21
-114.0338849999999979
0
LINE
8
BLACK
6
CONTINUOUS
10
79.5096750000000014
20
-114.0338849999999979
11
79.4144369999999924
21
-114.2243610000000018
0
LINE
8
BLACK
6
CONTINUOUS
10
79.4144369999999924
20
-114.2243610000000018
11
79.3191989999999976
21
-114.3195999999999941
0
LINE
8
BLACK
6
CONTINUOUS
10
79.3191989999999976
20
-114.3195999999999941
11
79.1287229999999937
21
-114.4148379999999889
0
LINE
8
BLACK
6
CONTINUOUS
10
79.1287229999999937
20
-114.4148379999999889
11
78.6525319999999937
21
-114.4148379999999889
0
LINE
8
BLACK
6
CONTINUOUS
10
78.6525319999999937
20
-114.4148379999999889
11
78.4620559999999898
21
-114.3195999999999941
0
LINE
8
BLACK
6
CONTINUOUS
10
78.4620559999999898
20
-114.3195999999999941
11
78.366817999999995
21
-114.2243610000000018
0
LINE
8
BLACK
6
CONTINUOUS
10
81.2239610000000027
20
-112.4148379999999889
11
80.8430079999999975
21
-112.4148379999999889
0
LINE
8
BLACK
6
CONTINUOUS
10
80.8430079999999975
20
-112.4148379999999889
11
80.6525319999999937
21
-112.510075999999998
0
LINE
8
BLACK
6
CONTINUOUS
10
80.6525319999999937
20
-112.510075999999998
11
80.5572939999999988
21
-112.6053139999999928
0
LINE
8
BLACK
6
CONTINUOUS
10
80.5572939999999988
20
-112.6053139999999928
11
80.366817999999995
21
-112.8910279999999915
0
LINE
8
BLACK
6
CONTINUOUS
10
80.366817999999995
20
-112.8910279999999915
11
80.2715800000000002
21
-113.2719799999999992
0
LINE
8
BLACK
6
CONTINUOUS
10
80.2715800000000002
20
-113.2719799999999992
11
80.2715800000000002
21
-114.0338849999999979
0
LINE
8
BLACK
6
CONTINUOUS
10
80.2715800000000002
20
-114.0338849999999979
11
80.366817999999995
21
-114.2243610000000018
0
LINE
8
BLACK
6
CONTINUOUS
10
80.366817999999995
20
-114.2243610000000018
11
80.4620559999999898
21
-114.3195999999999941
0
LINE
8
BLACK
6
CONTINUOUS
10
80.4620559999999898
20
-114.3195999999999941
11
80.6525319999999937
21
-114.4148379999999889
0
LINE
8
BLACK
6
CONTINUOUS
10
80.6525319999999937
20
-114.4148379999999889
11
81.0334849999999989
21
-114.4148379999999889
0
LINE
8
BLACK
6
CONTINUOUS
10
81.0334849999999989
20
-114.4148379999999889
11
81.2239610000000027
21
-114.3195999999999941
0
LINE
8
BLACK
6
CONTINUOUS
10
81.2239610000000027
20
-114.3195999999999941
11
81.3191989999999976
21
-114.2243610000000018
0
LINE
8
BLACK
6
CONTINUOUS
10
81.3191989999999976
20
-114.2243610000000018
11
81.4144369999999924
21
-114.0338849999999979
0
LINE
8
BLACK
6
CONTINUOUS
10
81.4144369999999924
20
-114.0338849999999979
11
81.4144369999999924
21
-113.5576949999999954
0
LINE
8
BLACK
6
CONTINUOUS
10
81.4144369999999924
20
-113.5576949999999954
11
81.3191989999999976
21
-113.3672189999999915
0
LINE
8
BLACK
6
CONTINUOUS
10
81.3191989999999976
20
-113.3672189999999915
11
81.2239610000000027
21
-113.2719799999999992
0
LINE
8
BLACK
6
CONTINUOUS
10
81.2239610000000027
20
-113.2719799999999992
11
81.0334849999999989
21
-113.1767419999999902
0
LINE
8
BLACK
6
CONTINUOUS
10
81.0334849999999989
20
-113.1767419999999902
11
80.6525319999999937
21
-113.1767419999999902
0
LINE
8
BLACK
6
CONTINUOUS
10
80.6525319999999937
20
-113.1767419999999902
11
80.4620559999999898
21
-113.2719799999999992
0
LINE
8
BLACK
6
CONTINUOUS
10
80.4620559999999898
20
-113.2719799999999992
11
80.366817999999995
21
-113.3672189999999915
0
LINE
8
BLACK
6
CONTINUOUS
10
80.366817999999995
20
-113.3672189999999915
11
80.2715800000000002
21
-113.5576949999999954
0
LINE
8
BLACK
6
CONTINUOUS
10
82.1763419999999911
20
-112.4148379999999889
11
82.1763419999999911
21
-112.7957899999999967
0
LINE
8
BLACK
6
CONTINUOUS
10
82.9382469999999898
20
-112.4148379999999889
11
82.9382469999999898
21
-112.7957899999999967
0
LINE
8
BLACK
6
CONTINUOUS
10
85.8906289999999899
20
-115.1767419999999902
11
85.7953899999999976
21
-115.0815039999999954
0
LINE
8
BLACK
6
CONTINUOUS
10
85.7953899999999976
20
-115.0815039999999954
11
85.6049139999999937
21
-114.7957899999999967
0
LINE
8
BLACK
6
CONTINUOUS
10
85.6049139999999937
20
-114.7957899999999967
11
85.5096759999999989
21
-114.6053139999999928
0
LINE
8
BLACK
6
CONTINUOUS
10
85.5096759999999989
20
-114.6053139999999928
11
85.4144379999999899
21
-114.3195999999999941
0
LINE
8
BLACK
6
CONTINUOUS
10
85.4144379999999899
20
-114.3195999999999941
11
85.319199999999995
21
-113.8434089999999941
0
LINE
8
BLACK
6
CONTINUOUS
10
85.319199999999995
20
-113.8434089999999941
11
85.319199999999995
21
-113.4624570000000006
0
LINE
8
BLACK
6
CONTINUOUS
10
85.319199999999995
20
-113.4624570000000006
11
85.4144379999999899
21
-112.9862660000000005
0
LINE
8
BLACK
6
CONTINUOUS
10
85.4144379999999899
20
-112.9862660000000005
11
85.5096759999999989
21
-112.7005520000000018
0
LINE
8
BLACK
6
CONTINUOUS
10
85.5096759999999989
20
-112.7005520000000018
11
85.6049139999999937
21
-112.510075999999998
0
LINE
8
BLACK
6
CONTINUOUS
10
85.6049139999999937
20
-112.510075999999998
11
85.7953899999999976
21
-112.2243610000000018
0
LINE
8
BLACK
6
CONTINUOUS
10
85.7953899999999976
20
-112.2243610000000018
11
85.8906289999999899
21
-112.1291229999999928
0
LINE
8
BLACK
6
CONTINUOUS
10
86.5572949999999963
20
-112.6053139999999928
11
86.6525329999999911
21
-112.510075999999998
0
LINE
8
BLACK
6
CONTINUOUS
10
86.6525329999999911
20
-112.510075999999998
11
86.843008999999995
21
-112.4148379999999889
0
LINE
8
BLACK
6
CONTINUOUS
10
86.843008999999995
20
-112.4148379999999889
11
87.319199999999995
21
-112.4148379999999889
0
LINE
8
BLACK
6
CONTINUOUS
10
87.319199999999995
20
-112.4148379999999889
11
87.5096759999999989
21
-112.510075999999998
0
LINE
8
BLACK
6
CONTINUOUS
10
87.5096759999999989
20
-112.510075999999998
11
87.6049139999999937
21
-112.6053139999999928
0
LINE
8
BLACK
6
CONTINUOUS
10
87.6049139999999937
20
-112.6053139999999928
11
87.7001520000000028
21
-112.7957899999999967
0
LINE
8
BLACK
6
CONTINUOUS
10
87.7001520000000028
20
-112.7957899999999967
11
87.7001520000000028
21
-112.9862660000000005
0
LINE
8
BLACK
6
CONTINUOUS
10
87.7001520000000028
20
-112.9862660000000005
11
87.6049139999999937
21
-113.2719799999999992
0
LINE
8
BLACK
6
CONTINUOUS
10
87.6049139999999937
20
-113.2719799999999992
11
86.4620570000000015
21
-114.4148379999999889
0
LINE
8
BLACK
6
CONTINUOUS
10
86.4620570000000015
20
-114.4148379999999889
11
87.7001520000000028
21
-114.4148379999999889
0
LINE
8
BLACK
6
CONTINUOUS
10
90.0811049999999938
20
-114.4148379999999889
11
90.0811049999999938
21
-112.4148379999999889
0
LINE
8
BLACK
6
CONTINUOUS
10
90.9382480000000015
20
-114.4148379999999889
11
90.9382480000000015
21
-113.3672189999999915
0
LINE
8
BLACK
6
CONTINUOUS
10
90.9382480000000015
20
-113.3672189999999915
11
90.8430099999999925
21
-113.1767419999999902
0
LINE
8
BLACK
6
CONTINUOUS
10
90.8430099999999925
20
-113.1767419999999902
11
90.6525340000000028
21
-113.0815039999999954
0
LINE
8
BLACK
6
CONTINUOUS
10
90.6525340000000028
20
-113.0815039999999954
11
90.3668189999999925
21
-113.0815039999999954
0
LINE
8
BLACK
6
CONTINUOUS
10
90.3668189999999925
20
-113.0815039999999954
11
90.1763430000000028
21
-113.1767419999999902
0
LINE
8
BLACK
6
CONTINUOUS
10
90.1763430000000028
20
-113.1767419999999902
11
90.0811049999999938
21
-113.2719799999999992
0
LINE
8
BLACK
6
CONTINUOUS
10
92.1763430000000028
20
-114.4148379999999889
11
91.9858669999999989
21
-114.3195999999999941
0
LINE
8
BLACK
6
CONTINUOUS
10
91.9858669999999989
20
-114.3195999999999941
11
91.8906289999999899
21
-114.2243610000000018
0
LINE
8
BLACK
6
CONTINUOUS
10
91.8906289999999899
20
-114.2243610000000018
11
91.7953909999999951
21
-114.0338849999999979
0
LINE
8
BLACK
6
CONTINUOUS
10
91.7953909999999951
20
-114.0338849999999979
11
91.7953909999999951
21
-113.4624570000000006
0
LINE
8
BLACK
6
CONTINUOUS
10
91.7953909999999951
20
-113.4624570000000006
11
91.8906289999999899
21
-113.2719799999999992
0
LINE
8
BLACK
6
CONTINUOUS
10
91.8906289999999899
20
-113.2719799999999992
11
91.9858669999999989
21
-113.1767419999999902
0
LINE
8
BLACK
6
CONTINUOUS
10
91.9858669999999989
20
-113.1767419999999902
11
92.1763430000000028
21
-113.0815039999999954
0
LINE
8
BLACK
6
CONTINUOUS
10
92.1763430000000028
20
-113.0815039999999954
11
92.462057999999999
21
-113.0815039999999954
0
LINE
8
BLACK
6
CONTINUOUS
10
92.462057999999999
20
-113.0815039999999954
11
92.6525340000000028
21
-113.1767419999999902
0
LINE
8
BLACK
6
CONTINUOUS
10
92.6525340000000028
20
-113.1767419999999902
11
92.7477719999999977
21
-113.2719799999999992
0
LINE
8
BLACK
6
CONTINUOUS
10
92.7477719999999977
20
-113.2719799999999992
11
92.8430099999999925
21
-113.4624570000000006
0
LINE
8
BLACK
6
CONTINUOUS
10
92.8430099999999925
20
-113.4624570000000006
11
92.8430099999999925
21
-114.0338849999999979
0
LINE
8
BLACK
6
CONTINUOUS
10
92.8430099999999925
20
-114.0338849999999979
11
92.7477719999999977
21
-114.2243610000000018
0
LINE
8
BLACK
6
CONTINUOUS
10
92.7477719999999977
20
-114.2243610000000018
11
92.6525340000000028
21
-114.3195999999999941
0
LINE
8
BLACK
6
CONTINUOUS
10
92.6525340000000028
20
-114.3195999999999941
11
92.462057999999999
21
-114.4148379999999889
0
LINE
8
BLACK
6
CONTINUOUS
10
92.462057999999999
20
-114.4148379999999889
11
92.1763430000000028
21
-114.4148379999999889
0
LINE
8
BLACK
6
CONTINUOUS
10
93.9858669999999989
20
-114.4148379999999889
11
93.7953909999999951
21
-114.3195999999999941
0
LINE
8
BLACK
6
CONTINUOUS
10
93.7953909999999951
20
-114.3195999999999941
11
93.7001530000000002
21
-114.1291229999999928
0
LINE
8
BLACK
6
CONTINUOUS
10
93.7001530000000002
20
-114.1291229999999928
11
93.7001530000000002
21
-112.4148379999999889
0
LINE
8
BLACK
6
CONTINUOUS
10
95.5096769999999964
20
-114.3195999999999941
11
95.3192009999999925
21
-114.4148379999999889
0
LINE
8
BLACK
6
CONTINUOUS
10
95.3192009999999925
20
-114.4148379999999889
11
94.9382480000000015
21
-114.4148379999999889
0
LINE
8
BLACK
6
CONTINUOUS
10
94.9382480000000015
20
-114.4148379999999889
11
94.7477719999999977
21
-114.3195999999999941
0
LINE
8
BLACK
6
CONTINUOUS
10
94.7477719999999977
20
-114.3195999999999941
11
94.6525339999999886
21
-114.1291229999999928
0
LINE
8
BLACK
6
CONTINUOUS
10
94.6525339999999886
20
-114.1291229999999928
11
94.6525339999999886
21
-113.3672189999999915
0
LINE
8
BLACK
6
CONTINUOUS
10
94.6525339999999886
20
-113.3672189999999915
11
94.7477719999999977
21
-113.1767419999999902
0
LINE
8
BLACK
6
CONTINUOUS
10
94.7477719999999977
20
-113.1767419999999902
11
94.9382480000000015
21
-113.0815039999999954
0
LINE
8
BLACK
6
CONTINUOUS
10
94.9382480000000015
20
-113.0815039999999954
11
95.3192009999999925
21
-113.0815039999999954
0
LINE
8
BLACK
6
CONTINUOUS
10
95.3192009999999925
20
-113.0815039999999954
11
95.5096769999999964
21
-113.1767419999999902
0
LINE
8
BLACK
6
CONTINUOUS
10
95.5096769999999964
20
-113.1767419999999902
11
95.6049149999999912
21
-113.3672189999999915
0
LINE
8
BLACK
6
CONTINUOUS
10
95.6049149999999912
20
-113.3672189999999915
11
95.6049149999999912
21
-113.5576949999999954
0
LINE
8
BLACK
6
CONTINUOUS
10
95.6049149999999912
20
-113.5576949999999954
11
94.6525339999999886
21
-113.7481709999999993
0
LINE
8
BLACK
6
CONTINUOUS
10
96.3668199999999899
20
-114.3195999999999941
11
96.5572959999999938
21
-114.4148379999999889
0
LINE
8
BLACK
6
CONTINUOUS
10
96.5572959999999938
20
-114.4148379999999889
11
96.9382480000000015
21
-114.4148379999999889
0
LINE
8
BLACK
6
CONTINUOUS
10
96.9382480000000015
20
-114.4148379999999889
11
97.1287249999999887
21
-114.3195999999999941
0
LINE
8
BLACK
6
CONTINUOUS
10
97.1287249999999887
20
-114.3195999999999941
11
97.2239629999999977
21
-114.1291229999999928
0
LINE
8
BLACK
6
CONTINUOUS
10
97.2239629999999977
20
-114.1291229999999928
11
97.2239629999999977
21
-114.0338849999999979
0
LINE
8
BLACK
6
CONTINUOUS
10
97.2239629999999977
20
-114.0338849999999979
11
97.1287249999999887
21
-113.8434089999999941
0
LINE
8
BLACK
6
CONTINUOUS
10
97.1287249999999887
20
-113.8434089999999941
11
96.9382480000000015
21
-113.7481709999999993
0
LINE
8
BLACK
6
CONTINUOUS
10
96.9382480000000015
20
-113.7481709999999993
11
96.6525339999999886
21
-113.7481709999999993
0
LINE
8
BLACK
6
CONTINUOUS
10
96.6525339999999886
20
-113.7481709999999993
11
96.462057999999999
21
-113.6529329999999902
0
LINE
8
BLACK
6
CONTINUOUS
10
96.462057999999999
20
-113.6529329999999902
11
96.3668199999999899
21
-113.4624570000000006
0
LINE
8
BLACK
6
CONTINUOUS
10
96.3668199999999899
20
-113.4624570000000006
11
96.3668199999999899
21
-113.3672189999999915
0
LINE
8
BLACK
6
CONTINUOUS
10
96.3668199999999899
20
-113.3672189999999915
11
96.462057999999999
21
-113.1767419999999902
0
LINE
8
BLACK
6
CONTINUOUS
10
96.462057999999999
20
-113.1767419999999902
11
96.6525339999999886
21
-113.0815039999999954
0
LINE
8
BLACK
6
CONTINUOUS
10
96.6525339999999886
20
-113.0815039999999954
11
96.9382480000000015
21
-113.0815039999999954
0
LINE
8
BLACK
6
CONTINUOUS
10
96.9382480000000015
20
-113.0815039999999954
11
97.1287249999999887
21
-113.1767419999999902
0
LINE
8
BLACK
6
CONTINUOUS
10
97.8906300000000016
20
-115.1767419999999902
11
97.9858679999999964
21
-115.0815039999999954
0
LINE
8
BLACK
6
CONTINUOUS
10
97.9858679999999964
20
-115.0815039999999954
11
98.1763440000000003
21
-114.7957899999999967
0
LINE
8
BLACK
6
CONTINUOUS
10
98.1763440000000003
20
-114.7957899999999967
11
98.2715819999999951
21
-114.6053139999999928
0
LINE
8
BLACK
6
CONTINUOUS
10
98.2715819999999951
20
-114.6053139999999928
11
98.3668199999999899
21
-114.3195999999999941
0
LINE
8
BLACK
6
CONTINUOUS
10
98.3668199999999899
20
-114.3195999999999941
11
98.462057999999999
21
-113.8434089999999941
0
LINE
8
BLACK
6
CONTINUOUS
10
98.462057999999999
20
-113.8434089999999941
11
98.462057999999999
21
-113.4624570000000006
0
LINE
8
BLACK
6
CONTINUOUS
10
98.462057999999999
20
-113.4624570000000006
11
98.3668199999999899
21
-112.9862660000000005
0
LINE
8
BLACK
6
CONTINUOUS
10
98.3668199999999899
20
-112.9862660000000005
11
98.2715819999999951
21
-112.7005520000000018
0
LINE
8
BLACK
6
CONTINUOUS
10
98.2715819999999951
20
-112.7005520000000018
11
98.1763440000000003
21
-112.510075999999998
0
LINE
8
BLACK
6
CONTINUOUS
10
98.1763440000000003
20
-112.510075999999998
11
97.9858679999999964
21
-112.2243610000000018
0
LINE
8
BLACK
6
CONTINUOUS
10
97.9858679999999964
20
-112.2243610000000018
11
97.8906300000000016
21
-112.1291229999999928
0
LINE
8
BLACK
6
CONTINUOUS
10
101.5096779999999939
20
-115.1767419999999902
11
101.4144390000000016
21
-115.0815039999999954
0
LINE
8
BLACK
6
CONTINUOUS
10
101.4144390000000016
20
-115.0815039999999954
11
101.2239629999999977
21
-114.7957899999999967
0
LINE
8
BLACK
6
CONTINUOUS
10
101.2239629999999977
20
-114.7957899999999967
11
101.1287249999999887
21
-114.6053139999999928
0
LINE
8
BLACK
6
CONTINUOUS
10
101.1287249999999887
20
-114.6053139999999928
11
101.0334869999999938
21
-114.3195999999999941
0
LINE
8
BLACK
6
CONTINUOUS
10
101.0334869999999938
20
-114.3195999999999941
11
100.938248999999999
21
-113.8434089999999941
0
LINE
8
BLACK
6
CONTINUOUS
10
100.938248999999999
20
-113.8434089999999941
11
100.938248999999999
21
-113.4624570000000006
0
LINE
8
BLACK
6
CONTINUOUS
10
100.938248999999999
20
-113.4624570000000006
11
101.0334869999999938
21
-112.9862660000000005
0
LINE
8
BLACK
6
CONTINUOUS
10
101.0334869999999938
20
-112.9862660000000005
11
101.1287249999999887
21
-112.7005520000000018
0
LINE
8
BLACK
6
CONTINUOUS
10
101.1287249999999887
20
-112.7005520000000018
11
101.2239629999999977
21
-112.510075999999998
0
LINE
8
BLACK
6
CONTINUOUS
10
101.2239629999999977
20
-112.510075999999998
11
101.4144390000000016
21
-112.2243610000000018
0
LINE
8
BLACK
6
CONTINUOUS
10
101.4144390000000016
20
-112.2243610000000018
11
101.5096779999999939
21
-112.1291229999999928
0
LINE
8
BLACK
6
CONTINUOUS
10
102.2715819999999951
20
-113.0815039999999954
11
102.2715819999999951
21
-114.4148379999999889
0
LINE
8
BLACK
6
CONTINUOUS
10
102.2715819999999951
20
-113.2719799999999992
11
102.3668199999999899
21
-113.1767419999999902
0
LINE
8
BLACK
6
CONTINUOUS
10
102.3668199999999899
20
-113.1767419999999902
11
102.5572959999999938
21
-113.0815039999999954
0
LINE
8
BLACK
6
CONTINUOUS
10
102.5572959999999938
20
-113.0815039999999954
11
102.84301099999999
21
-113.0815039999999954
0
LINE
8
BLACK
6
CONTINUOUS
10
102.84301099999999
20
-113.0815039999999954
11
103.0334869999999938
21
-113.1767419999999902
0
LINE
8
BLACK
6
CONTINUOUS
10
103.0334869999999938
20
-113.1767419999999902
11
103.1287249999999887
21
-113.3672189999999915
0
LINE
8
BLACK
6
CONTINUOUS
10
103.1287249999999887
20
-113.3672189999999915
11
103.1287249999999887
21
-114.4148379999999889
0
LINE
8
BLACK
6
CONTINUOUS
10
104.3668199999999899
20
-114.4148379999999889
11
104.1763440000000003
21
-114.3195999999999941
0
LINE
8
BLACK
6
CONTINUOUS
10
104.1763440000000003
20
-114.3195999999999941
11
104.0811059999999912
21
-114.2243610000000018
0
LINE
8
BLACK
6
CONTINUOUS
10
104.0811059999999912
20
-114.2243610000000018
11
103.9858679999999964
21
-114.0338849999999979
0
LINE
8
BLACK
6
CONTINUOUS
10
103.9858679999999964
20
-114.0338849999999979
11
103.9858679999999964
21
-113.4624570000000006
0
LINE
8
BLACK
6
CONTINUOUS
10
103.9858679999999964
20
-113.4624570000000006
11
104.0811059999999912
21
-113.2719799999999992
0
LINE
8
BLACK
6
CONTINUOUS
10
104.0811059999999912
20
-113.2719799999999992
11
104.1763440000000003
21
-113.1767419999999902
0
LINE
8
BLACK
6
CONTINUOUS
10
104.1763440000000003
20
-113.1767419999999902
11
104.3668199999999899
21
-113.0815039999999954
0
LINE
8
BLACK
6
CONTINUOUS
10
104.3668199999999899
20
-113.0815039999999954
11
104.6525350000000003
21
-113.0815039999999954
0
LINE
8
BLACK
6
CONTINUOUS
10
104.6525350000000003
20
-113.0815039999999954
11
104.84301099999999
21
-113.1767419999999902
0
LINE
8
BLACK
6
CONTINUOUS
10
104.84301099999999
20
-113.1767419999999902
11
104.938248999999999
21
-113.2719799999999992
0
LINE
8
BLACK
6
CONTINUOUS
10
104.938248999999999
20
-113.2719799999999992
11
105.0334869999999938
21
-113.4624570000000006
0
LINE
8
BLACK
6
CONTINUOUS
10
105.0334869999999938
20
-113.4624570000000006
11
105.0334869999999938
21
-114.0338849999999979
0
LINE
8
BLACK
6
CONTINUOUS
10
105.0334869999999938
20
-114.0338849999999979
11
104.938248999999999
21
-114.2243610000000018
0
LINE
8
BLACK
6
CONTINUOUS
10
104.938248999999999
20
-114.2243610000000018
11
104.84301099999999
21
-114.3195999999999941
0
LINE
8
BLACK
6
CONTINUOUS
10
104.84301099999999
20
-114.3195999999999941
11
104.6525350000000003
21
-114.4148379999999889
0
LINE
8
BLACK
6
CONTINUOUS
10
104.6525350000000003
20
-114.4148379999999889
11
104.3668199999999899
21
-114.4148379999999889
0
LINE
8
BLACK
6
CONTINUOUS
10
105.6049159999999887
20
-113.0815039999999954
11
106.3668199999999899
21
-113.0815039999999954
0
LINE
8
BLACK
6
CONTINUOUS
10
105.8906300000000016
20
-112.4148379999999889
11
105.8906300000000016
21
-114.1291229999999928
0
LINE
8
BLACK
6
CONTINUOUS
10
105.8906300000000016
20
-114.1291229999999928
11
105.9858679999999964
21
-114.3195999999999941
0
LINE
8
BLACK
6
CONTINUOUS
10
105.9858679999999964
20
-114.3195999999999941
11
106.1763440000000003
21
-114.4148379999999889
0
LINE
8
BLACK
6
CONTINUOUS
10
106.1763440000000003
20
-114.4148379999999889
11
106.3668199999999899
21
-114.4148379999999889
0
LINE
8
BLACK
6
CONTINUOUS
10
108.5572969999999913
20
-113.0815039999999954
11
108.5572969999999913
21
-115.0815039999999954
0
LINE
8
BLACK
6
CONTINUOUS
10
108.5572969999999913
20
-113.1767419999999902
11
108.7477729999999951
21
-113.0815039999999954
0
LINE
8
BLACK
6
CONTINUOUS
10
108.7477729999999951
20
-113.0815039999999954
11
109.1287260000000003
21
-113.0815039999999954
0
LINE
8
BLACK
6
CONTINUOUS
10
109.1287260000000003
20
-113.0815039999999954
11
109.31920199999999
21
-113.1767419999999902
0
LINE
8
BLACK
6
CONTINUOUS
10
109.31920199999999
20
-113.1767419999999902
11
109.414439999999999
21
-113.2719799999999992
0
LINE
8
BLACK
6
CONTINUOUS
10
109.414439999999999
20
-113.2719799999999992
11
109.5096779999999939
21
-113.4624570000000006
0
LINE
8
BLACK
6
CONTINUOUS
10
109.5096779999999939
20
-113.4624570000000006
11
109.5096779999999939
21
-114.0338849999999979
0
LINE
8
BLACK
6
CONTINUOUS
10
109.5096779999999939
20
-114.0338849999999979
11
109.414439999999999
21
-114.2243610000000018
0
LINE
8
BLACK
6
CONTINUOUS
10
109.414439999999999
20
-114.2243610000000018
11
109.31920199999999
21
-114.3195999999999941
0
LINE
8
BLACK
6
CONTINUOUS
10
109.31920199999999
20
-114.3195999999999941
11
109.1287260000000003
21
-114.4148379999999889
0
LINE
8
BLACK
6
CONTINUOUS
10
109.1287260000000003
20
-114.4148379999999889
11
108.7477729999999951
21
-114.4148379999999889
0
LINE
8
BLACK
6
CONTINUOUS
10
108.7477729999999951
20
-114.4148379999999889
11
108.5572969999999913
21
-114.3195999999999941
0
LINE
8
BLACK
6
CONTINUOUS
10
110.6525350000000003
20
-114.4148379999999889
11
110.4620589999999964
21
-114.3195999999999941
0
LINE
8
BLACK
6
CONTINUOUS
10
110.4620589999999964
20
-114.3195999999999941
11
110.3668210000000016
21
-114.1291229999999928
0
LINE
8
BLACK
6
CONTINUOUS
10
110.3668210000000016
20
-114.1291229999999928
11
110.3668210000000016
21
-112.4148379999999889
0
LINE
8
BLACK
6
CONTINUOUS
10
112.2715829999999926
20
-114.4148379999999889
11
112.2715829999999926
21
-113.3672189999999915
0
LINE
8
BLACK
6
CONTINUOUS
10
112.2715829999999926
20
-113.3672189999999915
11
112.1763449999999978
21
-113.1767419999999902
0
LINE
8
BLACK
6
CONTINUOUS
10
112.1763449999999978
20
-113.1767419999999902
11
111.9858689999999939
21
-113.0815039999999954
0
LINE
8
BLACK
6
CONTINUOUS
10
111.9858689999999939
20
-113.0815039999999954
11
111.6049159999999887
21
-113.0815039999999954
0
LINE
8
BLACK
6
CONTINUOUS
10
111.6049159999999887
20
-113.0815039999999954
11
111.414439999999999
21
-113.1767419999999902
0
LINE
8
BLACK
6
CONTINUOUS
10
112.2715829999999926
20
-114.3195999999999941
11
112.0811069999999887
21
-114.4148379999999889
0
LINE
8
BLACK
6
CONTINUOUS
10
112.0811069999999887
20
-114.4148379999999889
11
111.6049159999999887
21
-114.4148379999999889
0
LINE
8
BLACK
6
CONTINUOUS
10
111.6049159999999887
20
-114.4148379999999889
11
111.414439999999999
21
-114.3195999999999941
0
LINE
8
BLACK
6
CONTINUOUS
10
111.414439999999999
20
-114.3195999999999941
11
111.31920199999999
21
-114.1291229999999928
0
LINE
8
BLACK
6
CONTINUOUS
10
111.31920199999999
20
-114.1291229999999928
11
111.31920199999999
21
-113.9386469999999889
0
LINE
8
BLACK
6
CONTINUOUS
10
111.31920199999999
20
-113.9386469999999889
11
111.414439999999999
21
-113.7481709999999993
0
LINE
8
BLACK
6
CONTINUOUS
10
111.414439999999999
20
-113.7481709999999993
11
111.6049159999999887
21
-113.6529329999999902
0
LINE
8
BLACK
6
CONTINUOUS
10
111.6049159999999887
20
-113.6529329999999902
11
112.0811069999999887
21
-113.6529329999999902
0
LINE
8
BLACK
6
CONTINUOUS
10
112.0811069999999887
20
-113.6529329999999902
11
112.2715829999999926
21
-113.5576949999999954
0
LINE
8
BLACK
6
CONTINUOUS
10
112.9382499999999965
20
-113.0815039999999954
11
113.7001539999999977
21
-113.0815039999999954
0
LINE
8
BLACK
6
CONTINUOUS
10
113.2239639999999952
20
-112.4148379999999889
11
113.2239639999999952
21
-114.1291229999999928
0
LINE
8
BLACK
6
CONTINUOUS
10
113.2239639999999952
20
-114.1291229999999928
11
113.31920199999999
21
-114.3195999999999941
0
LINE
8
BLACK
6
CONTINUOUS
10
113.31920199999999
20
-114.3195999999999941
11
113.5096779999999939
21
-114.4148379999999889
0
LINE
8
BLACK
6
CONTINUOUS
10
113.5096779999999939
20
-114.4148379999999889
11
113.7001539999999977
21
-114.4148379999999889
0
LINE
8
BLACK
6
CONTINUOUS
10
115.1287260000000003
20
-114.3195999999999941
11
114.9382499999999965
21
-114.4148379999999889
0
LINE
8
BLACK
6
CONTINUOUS
10
114.9382499999999965
20
-114.4148379999999889
11
114.5572969999999913
21
-114.4148379999999889
0
LINE
8
BLACK
6
CONTINUOUS
10
114.5572969999999913
20
-114.4148379999999889
11
114.3668210000000016
21
-114.3195999999999941
0
LINE
8
BLACK
6
CONTINUOUS
10
114.3668210000000016
20
-114.3195999999999941
11
114.2715829999999926
21
-114.1291229999999928
0
LINE
8
BLACK
6
CONTINUOUS
10
114.2715829999999926
20
-114.1291229999999928
11
114.2715829999999926
21
-113.3672189999999915
0
LINE
8
BLACK
6
CONTINUOUS
10
114.2715829999999926
20
-113.3672189999999915
11
114.3668210000000016
21
-113.1767419999999902
0
LINE
8
BLACK
6
CONTINUOUS
10
114.3668210000000016
20
-113.1767419999999902
11
114.5572969999999913
21
-113.0815039999999954
0
LINE
8
BLACK
6
CONTINUOUS
10
114.5572969999999913
20
-113.0815039999999954
11
114.9382499999999965
21
-113.0815039999999954
0
LINE
8
BLACK
6
CONTINUOUS
10
114.9382499999999965
20
-113.0815039999999954
11
115.1287260000000003
21
-113.1767419999999902
0
LINE
8
BLACK
6
CONTINUOUS
10
115.1287260000000003
20
-113.1767419999999902
11
115.2239639999999952
21
-113.3672189999999915
0
LINE
8
BLACK
6
CONTINUOUS
10
115.2239639999999952
20
-113.3672189999999915
11
115.2239639999999952
21
-113.5576949999999954
0
LINE
8
BLACK
6
CONTINUOUS
10
115.2239639999999952
20
-113.5576949999999954
11
114.2715829999999926
21
-113.7481709999999993
0
LINE
8
BLACK
6
CONTINUOUS
10
116.9382499999999965
20
-114.4148379999999889
11
116.9382499999999965
21
-112.4148379999999889
0
LINE
8
BLACK
6
CONTINUOUS
10
116.9382499999999965
20
-114.3195999999999941
11
116.7477739999999926
21
-114.4148379999999889
0
LINE
8
BLACK
6
CONTINUOUS
10
116.7477739999999926
20
-114.4148379999999889
11
116.3668210000000016
21
-114.4148379999999889
0
LINE
8
BLACK
6
CONTINUOUS
10
116.3668210000000016
20
-114.4148379999999889
11
116.1763449999999978
21
-114.3195999999999941
0
LINE
8
BLACK
6
CONTINUOUS
10
116.1763449999999978
20
-114.3195999999999941
11
116.0811069999999887
21
-114.2243610000000018
0
LINE
8
BLACK
6
CONTINUOUS
10
116.0811069999999887
20
-114.2243610000000018
11
115.9858689999999939
21
-114.0338849999999979
0
LINE
8
BLACK
6
CONTINUOUS
10
115.9858689999999939
20
-114.0338849999999979
11
115.9858689999999939
21
-113.4624570000000006
0
LINE
8
BLACK
6
CONTINUOUS
10
115.9858689999999939
20
-113.4624570000000006
11
116.0811069999999887
21
-113.2719799999999992
0
LINE
8
BLACK
6
CONTINUOUS
10
116.0811069999999887
20
-113.2719799999999992
11
116.1763449999999978
21
-113.1767419999999902
0
LINE
8
BLACK
6
CONTINUOUS
10
116.1763449999999978
20
-113.1767419999999902
11
116.3668210000000016
21
-113.0815039999999954
0
LINE
8
BLACK
6
CONTINUOUS
10
116.3668210000000016
20
-113.0815039999999954
11
116.7477739999999926
21
-113.0815039999999954
0
LINE
8
BLACK
6
CONTINUOUS
10
116.7477739999999926
20
-113.0815039999999954
11
116.9382499999999965
21
-113.1767419999999902
0
LINE
8
BLACK
6
CONTINUOUS
10
117.7001549999999952
20
-115.1767419999999902
11
117.79539299999999
21
-115.0815039999999954
0
LINE
8
BLACK
6
CONTINUOUS
10
117.79539299999999
20
-115.0815039999999954
11
117.9858689999999939
21
-114.7957899999999967
0
LINE
8
BLACK
6
CONTINUOUS
10
117.9858689999999939
20
-114.7957899999999967
11
118.0811069999999887
21
-114.6053139999999928
0
LINE
8
BLACK
6
CONTINUOUS
10
118.0811069999999887
20
-114.6053139999999928
11
118.1763449999999978
21
-114.3195999999999941
0
LINE
8
BLACK
6
CONTINUOUS
10
118.1763449999999978
20
-114.3195999999999941
11
118.2715829999999926
21
-113.8434089999999941
0
LINE
8
BLACK
6
CONTINUOUS
10
118.2715829999999926
20
-113.8434089999999941
11
118.2715829999999926
21
-113.4624570000000006
0
LINE
8
BLACK
6
CONTINUOUS
10
118.2715829999999926
20
-113.4624570000000006
11
118.1763449999999978
21
-112.9862660000000005
0
LINE
8
BLACK
6
CONTINUOUS
10
118.1763449999999978
20
-112.9862660000000005
11
118.0811069999999887
21
-112.7005520000000018
0
LINE
8
BLACK
6
CONTINUOUS
10
118.0811069999999887
20
-112.7005520000000018
11
117.9858689999999939
21
-112.510075999999998
0
LINE
8
BLACK
6
CONTINUOUS
10
117.9858689999999939
20
-112.510075999999998
11
117.79539299999999
21
-112.2243610000000018
0
LINE
8
BLACK
6
CONTINUOUS
10
117.79539299999999
20
-112.2243610000000018
11
117.7001549999999952
21
-112.1291229999999928
  0
ENDSEC
  0
EOF
